Product_ID,Rakhi_Type,Rakhi_Material,Year,Days_Before_Festival,Weekend_Sale,Day_Of_Week,Delhi_Zone,Store_Type,Average_Temperature_C,Payment_Method,Sales_Count,Shop_Name,Price,No_Of_Customers_Visit
2216,Premium & Jewelry,Sterling Silver,2026,3,nO,Tuesday,West,Supermarket,27.0,UPI,6,Aggarwal Rakhi Hub 284,3236.16,19
2583,Premium & Jewelry,Sterling Silver,2026,5,nO,Monday,East,Local Street Vendor,35.0,UPI,5,Jain Festive Mart,353.16,28
1663,Eco-Friendly,Sandalwood (Chandan),2026,6,yES,Sunday,West,Online,32.4,UPI,4,Goel Rakhi Bazaar,59.61,12
3028,Eco-Friendly,Sandalwood (Chandan),2026,4,Yes,Sunday,East,Local Street Vendor,27.1,UPI,5,Mehra Rakhi Hub 246,70.75,12
4344,Premium & Jewelry,Sandalwood (Chandan),2026,2,No,Tuesday,West,Supermarket,,Credit Card,3,Jain Rakhi Hub 119,241.04,10
2681,Eco-Friendly,Silk Thread,2026,7,No,Wednesday,West,Supermarket,37.7,Cash,4,Saxena Gift House,42.27,12
1766,Premium & Jewelry,Sterling Silver,2026,3,No,Monday,Central,Local Street Vendor,29.2,Cash,3,Kapoor Emporium,522.9,14
1124,Premium & Jewelry,Sandalwood (Chandan),2026,3,Yes,Saturday,West,Local Street Vendor,32.9,Cash,10,Chawla Rakhi Store,159.29,37
4055,Eco-Friendly,Sandalwood (Chandan),2026,7,Yes,Sunday,West,Supermarket,46.3,Cash,2,Khanna Rakhi Hub 194,72.5,8
3762,Kids & Cartoon,Silk Thread,2026,5,#Yes,Sunday,West,Online,29.3,Cash,10,Arora Rakhi Hub 137,18.86,25
1536,Kids & Cartoon,Sandalwood (Chandan),2026,3,Yes,Sunday,West,Local Street Vendor,31.8,Cash,9,Gupta Rakhi Hub 297,25.97,35
2945,Premium & Jewelry,Silk Thread,2026,5,No,Friday,East,Local Street Vendor,36.5,Credit Card,2,Goel Rakhi & Gifts,87.3,14
2988,Kids & Cartoon,Sandalwood (Chandan),2026,3,Yes,Saturday,West,Local Street Vendor,31.7,Cash,6,Chawla Rakhi Hub 269,18.5,13
4292,Premium & Jewelry,Silk Thread,2026,6,nO,Friday,North,Local Street Vendor,33.0,Credit Card,1,Gupta Rakhi Point,82.49,4
4343,Kids & Cartoon,Sterling Silver,2026,2,No,Monday,Central,Local Street Vendor,30.6,Credit Card,4,Tandon Gift House,81.87,19
4425,Kids & Cartoon,Silk Thread,2026,7,No,Thursday,Central,Online,26.8,Credit Card,2,Sharma Rakhi Point,22.24,7
2055,Kids & Cartoon,Sandalwood (Chandan),2026,1,nO,Wednesday,West,Local Street Vendor,28.8,Cash,5,Chopra Rakhi Hub 241,18.64,23
4998,Kids & Cartoon,Silk Thread,2026,4,nO,Tuesday,East,Online,32.7,Cash,5,Chawla Rakhi Hub 230,19.72,18
2749,Kids & Cartoon,Silk Thread,2026,3,nO,Monday,Central,Supermarket,26.8,Cash,4,Tandon Rakhi Hub 292,17.43,20
2303,Kids & Cartoon,Silk Thread,2026,3,No,Monday,Central,Supermarket,38.2,UPI,7,Gupta Rakhi Point,15.39,38
3933,Kids & Cartoon,Silk Thread,2026,6,No,Tuesday,West,Local Street Vendor,41.6,Credit Card,2,Tandon Rakhi Hub 163,10.44,15
5957,Kids & Cartoon,Silk Thread,2026,2,yES,Sunday,West,Online,33.6,Cash,9,Gupta Rakhi Hub 282,23.18,34
1029,Eco-Friendly,Sandalwood (Chandan),2026,4,No,Friday,West,Supermarket,28.2,UPI,16,Khanna Rakhi Hub 215,75.23,58
2109,Kids & Cartoon,Silk Thread,2026,5,No,Tuesday,North,Local Street Vendor,30.8,Cash,2,Malhotra Emporium,12.83,11
795,Premium & Jewelry,Sterling Silver,2026,4,No,Monday,Central,Online,35.3,Credit Card,9,Sethi Rakhi Hub 33,617.11,45
3164,Eco-Friendly,Sandalwood (Chandan),2026,2,No,Wednesday,West,Local Street Vendor,35.3,UPI,4,Saxena Rakhi Store,56.58,21
2431,Eco-Friendly,Sterling Silver,2026,2,yES,Saturday,West,Local Street Vendor,33.9,Credit Card,3,Saxena Rakhi Hub 23,207.77,14
3182,Premium & Jewelry,Sterling Silver,2026,1,Yes,Sunday,East,Supermarket,30.9,Cash,5,Chawla Gift House,549.12,19
764,Premium & Jewelry,Sterling Silver,2026,3,nO,Monday,Central,Online,29.7,Credit Card,8,Khanna Rakhi Point,807.56,48
3079,Kids & Cartoon,Silk Thread,2026,7,Yes,Saturday,East,Local Street Vendor,35.1,Cash,2,Arora Rakhi Hub 219,15.12,7
812,Premium & Jewelry,Sterling Silver,2026,6,No,Monday,North,Supermarket,35.3,Credit Card,3,Bhatia Rakhi Hub 290,626.44,20
1793,Premium & Jewelry,Sterling Silver,2026,4,No,Thursday,Central,Local Street Vendor,38.1,UPI,18,Tandon Rakhi Hub 20,422.06,104
919,Kids & Cartoon,Silk Thread,2026,5,Yes,Sunday,North,Online,28.2,Cash,12,Bhatia Rakhi Hub 211,27.9,41
1619,Eco-Friendly,Sandalwood (Chandan),2026,6,nO,Friday,Central,Online,35.5,Cash,3,Gupta Rakhi Corner,91.15,12
3375,Kids & Cartoon,Silk Thread,2026,6,yES,Sunday,North,Local Street Vendor,31.7,Credit Card,3,Bansal Rakhi Hub 91,10.17,10
1043,Kids & Cartoon,Silk Thread,2026,7,Yes,Sunday,West,Local Street Vendor,33.0,Credit Card,5,Chopra Rakhi Hub 12,13.17,14
5319,Kids & Cartoon,Silk Thread,2026,6,nO,Monday,North,Local Street Vendor,34.6,Credit Card,3,Aggarwal Gift House,13.14,8
4795,Kids & Cartoon,Silk Thread,2026,5,No,Wednesday,North,Supermarket,37.1,Credit Card,5,Chawla Rakhi Hub 93,16.48,23
488,Premium & Jewelry,Sterling Silver,2026,6,No,Friday,,Local Street Vendor,32.7,Credit Card,3,Gupta Rakhi Hub 299,508.91,11
1018,Eco-Friendly,Sterling Silver,2026,6,No,Wednesday,East,Supermarket,36.6,Cash,2,Chopra Rakhi Hub 166,234.53,11
2816,Kids & Cartoon,Silk Thread,2026,5,nO,Thursday,West,Local Street Vendor,37.7,Credit Card,2,Saxena Rakhi & Gifts,16.05,10
2717,Kids & Cartoon,Silk Thread,2026,4,No,Wednesday,West,Supermarket,35.4,UPI,51,Verma Rakhi Hub 236,18.99,35
5364,Eco-Friendly,Sandalwood (Chandan),2026,6,Yes,Saturday,North,Supermarket,36.0,UPI,5,Gupta Rakhi Hub 70,62.14,17
2930,Kids & Cartoon,Silk Thread,2026,5,nO,Monday,West,Supermarket,32.2,Credit Card,8,Sethi Rakhi Hub 40,19.36,32
3363,Kids & Cartoon,Silk Thread,2026,2,yES,Saturday,West,Local Street Vendor,33.8,UPI,9,Sethi Rakhi Hub 280,11.33,26
5166,Eco-Friendly,Sandalwood (Chandan),2026,4,No,Tuesday,,Supermarket,30.6,UPI,5,Sethi Gift House,68.91,31
1076,Kids & Cartoon,Silk Thread,2026,4,No,Tuesday,North,Online,28.3,Credit Card,7,Mehra Rakhi Corner,17.15,25
5987,Premium & Jewelry,Sterling Silver,2026,4,nO,Tuesday,West,Local Street Vendor,35.3,UPI,9,Arora Rakhi Hub 46,512.71,30
4982,Premium & Jewelry,Sterling Silver,2026,6,No,Monday,North,Local Street Vendor,24.7,Cash,2,Chawla Handicrafts,499.43,7
4219,Eco-Friendly,Silk Thread,2026,2,nO,Friday,West,Supermarket,32.8,UPI,6,Bhatia Rakhi Hub 29,32.35,25
2922,Premium & Jewelry,Silk Thread,2026,1,No,Thursday,North,Supermarket,,Cash,4,Mehra Festive Mart,101.28,21
4020,Eco-Friendly,Sandalwood (Chandan),2026,5,yES,Saturday,West,Online,27.7,Cash,6,Khanna Rakhi Hub 293,80.74,16
4332,Eco-Friendly,Sandalwood (Chandan),2026,3,nO,Wednesday,Central,Supermarket,28.0,UPI,11,Nanda Rakhi Hub 28,54.47,33
4171,Eco-Friendly,Sandalwood (Chandan),2026,3,No,Monday,West,Local Street Vendor,24.7,Credit Card,4,Sharma Traditions,41.69,19
1323,Premium & Jewelry,Sterling Silver,2026,5,yES,Sunday,Central,Local Street Vendor,35.4,Credit Card,1,Khanna Emporium,516.85,6
3118,Kids & Cartoon,Silk Thread,2026,6,Yes,Saturday,North,Online,32.5,Cash,3,Bansal Rakhi Hub 99,17.4,9
2253,Kids & Cartoon,Silk Thread,2026,6,No,Thursday,East,Online,36.1,Cash,1,Rastogi Rakhi Point,16.18,8
500,Kids & Cartoon,Silk Thread,2026,3,Yes,Sunday,West,Supermarket,24.6,Credit Card,5,Kapoor Gift House,20.45,20
2204,Premium & Jewelry,Sterling Silver,2026,2,Yes,Saturday,East,Local Street Vendor,26.6,Cash,17,Gupta Rakhi Hub 7,476.14,40
867,Eco-Friendly,Sandalwood (Chandan),2026,1,No,Thursday,Central,Online,31.1,Credit Card,22,Chopra Rakhi Point,81.71,77
5592,Eco-Friendly,Silk Thread,2026,5,No,Thursday,North,Local Street Vendor,31.6,Cash,2,Chawla Rakhi Hub 102,27.72,11
2466,Eco-Friendly,Sandalwood (Chandan),2026,5,No,Tuesday,East,Supermarket,38.3,Credit Card,3,Goel Rakhi Point,56.79,16
466,Kids & Cartoon,Silk Thread,2026,2,Yes,Sunday,Central,Supermarket,32.8,Credit Card,19,Tandon Rakhi Hub 142,10.37,51
2883,Kids & Cartoon,Silk Thread,2026,2,No,Wednesday,West,Local Street Vendor,29.9,Cash,2,Bhatia Rakhi Hub 80,12.85,8
4962,Premium & Jewelry,Sterling Silver,2026,6,yES,Sunday,Central,Online,30.2,Cash,2,Rastogi Festive Mart,540.69,7
1620,Premium & Jewelry,Sandalwood (Chandan),2026,3,No,Friday,East,Local Street Vendor,30.0,UPI,4,Tandon Festive Mart,171.71,14
4283,Kids & Cartoon,Silk Thread,2026,1,No,Wednesday,West,Supermarket,34.0,Cash,18,Gupta Gift House,16.56,61
5448,Kids & Cartoon,Silk Thread,2026,5,Yes,Sunday,East,Online,35.8,UPI,5,Jain Emporium,22.43,19
1503,Kids & Cartoon,Silk Thread,2026,2,Yes,Sunday,West,Local Street Vendor,34.6,Cash,5,Verma Rakhi Hub 196,12.86,13
3916,Kids & Cartoon,Silk Thread,2026,3,Yes,Saturday,,Online,31.1,Cash,5,Rastogi Festive Mart,15.55,16
3263,Premium & Jewelry,Silk Thread,2026,2,nO,Tuesday,North,Supermarket,46.1,Credit Card,2,Verma Emporium,112.31,15
264,Premium & Jewelry,Silk Thread,2026,2,Yes,Sunday,Central,Supermarket,28.4,Cash,16,Bhatia Rakhi Hub 211,109.33,45
3807,Kids & Cartoon,Silk Thread,2026,4,No,Wednesday,East,Local Street Vendor,38.0,Cash,3,Tandon Rakhi Hub 65,20.78,12
4085,Kids & Cartoon,Silk Thread,2026,6,No,Tuesday,West,Supermarket,35.4,Credit Card,5,Khanna Rakhi Hub 85,16.21,24
520,Eco-Friendly,Sandalwood (Chandan),2026,6,nO,Tuesday,North,Online,41.5,UPI,4,Gupta Rakhi Hub 176,79.97,22
1812,Kids & Cartoon,Silk Thread,2026,7,No,Wednesday,West,Local Street Vendor,37.5,UPI,1,Tandon Rakhi Hub 60,15.4,6
1145,Kids & Cartoon,Silk Thread,2026,7,No,Tuesday,East,Local Street Vendor,33.6,Credit Card,2,Kapoor Festive Mart,12.61,5
5828,Premium & Jewelry,Sterling Silver,2026,3,No,Friday,North,Supermarket,33.8,Credit Card,11,Nanda Rakhi Bazaar,590.79,38
2150,Premium & Jewelry,Sterling Silver,2026,1,Yes,Sunday,East,Supermarket,30.5,Cash,7,Gupta Festive Mart,856.1,18
3930,Eco-Friendly,Sandalwood (Chandan),2026,6,No,Wednesday,,Online,33.6,Cash,3,Rastogi Rakhi Hub 50,84.26,9
5512,Kids & Cartoon,Sandalwood (Chandan),2026,6,Yes,Sunday,East,Supermarket,33.0,Cash,5,Sethi Rakhi Hub 113,28.41,22
3291,Kids & Cartoon,Silk Thread,2026,2,No,Monday,Central,Online,35.3,UPI,13,Sethi Rakhi Hub 10,24.14,39
683,Premium & Jewelry,Sterling Silver,2026,7,Yes,Saturday,Central,Supermarket,28.4,Credit Card,2,Bansal Rakhi & Gifts,521.58,11
2841,Eco-Friendly,Silk Thread,2026,5,yES,Sunday,Central,Supermarket,30.9,Credit Card,8,Bansal Rakhi Hub 134,36.47,23
1003,Premium & Jewelry,Sterling Silver,2026,3,Yes,Sunday,East,Local Street Vendor,,UPI,7,Chawla Rakhi Hub 201,481.76,30
5714,Kids & Cartoon,Silk Thread,2026,5,No,Thursday,North,Supermarket,34.3,Cash,3,Saxena Rakhi Point,13.56,19
5130,Eco-Friendly,Sandalwood (Chandan),2026,6,Yes,Saturday,Central,Online,37.0,Credit Card,2,Bhatia Rakhi Hub 2,80.39,10
4291,Premium & Jewelry,Sterling Silver,2026,6,Yes,Sunday,West,Online,34.3,Credit Card,5,Mehra Rakhi Bazaar,667.32,11
2174,Premium & Jewelry,Sterling Silver,2026,3,Yes,Sunday,East,Local Street Vendor,39.1,Cash,6,Tandon Rakhi Bazaar,483.83,17
484,Kids & Cartoon,Silk Thread,2026,2,Yes,Sunday,Central,Local Street Vendor,39.7,Credit Card,5,Sharma Rakhi Hub 141,12.39,16
3814,Premium & Jewelry,Sterling Silver,2026,3,Yes,Sunday,,Online,38.9,Cash,8,Tandon Emporium,686.37,27
4415,Premium & Jewelry,Sterling Silver,2026,1,yES,Sunday,West,Online,,UPI,10,Goel Rakhi Hub 244,762.49,47
519,Premium & Jewelry,Sterling Silver,2026,5,Yes,Sunday,West,Supermarket,34.3,Cash,2,Khanna Rakhi Hub 271,670.77,7
4855,Premium & Jewelry,Sandalwood (Chandan),2026,4,Yes,Sunday,Central,Supermarket,31.6,Cash,9,Bhatia Rakhi Hub 254,191.01,26
1346,Kids & Cartoon,Silk Thread,2026,1,#Yes,Saturday,East,Supermarket,30.8,Credit Card,11,Bhatia Rakhi Hub 290,15.86,35
697,Eco-Friendly,Sandalwood (Chandan),2026,5,No,Thursday,West,Local Street Vendor,32.1,UPI,3,Verma Gift House,51.67,10
1010,Kids & Cartoon,Silk Thread,2026,5,No,Wednesday,East,Local Street Vendor,29.8,Cash,4,Nanda Rakhi Bazaar,13.0,19
3988,Kids & Cartoon,Silk Thread,2026,3,yES,Saturday,Central,Supermarket,32.7,Credit Card,3,Gupta Rakhi Hub 27,15.11,11
6000,Eco-Friendly,Sandalwood (Chandan),2026,6,#Yes,Saturday,East,Supermarket,33.7,Credit Card,4,Chawla Rakhi Corner,73.46,14
2771,Premium & Jewelry,Sterling Silver,2026,2,nO,Tuesday,North,Local Street Vendor,32.0,Cash,2,Arora Rakhi Corner,500.87,9
1075,Eco-Friendly,Sandalwood (Chandan),2026,1,No,Monday,East,Local Street Vendor,35.3,Cash,2,Tandon Rakhi Store,45.12,11
1340,Kids & Cartoon,Sandalwood (Chandan),2026,7,Yes,Sunday,East,Supermarket,34.2,Cash,4,Aggarwal Rakhi Hub 157,33.34,14
2987,Premium & Jewelry,Sterling Silver,2026,7,yES,Sunday,North,Local Street Vendor,25.0,Cash,3,Gupta Rakhi Store,539.78,11
2470,Kids & Cartoon,Silk Thread,2026,6,Yes,Saturday,Central,Online,28.4,Cash,5,Jain Rakhi Hub 253,30.19,19
5025,Kids & Cartoon,Silk Thread,2026,1,No,Tuesday,Central,Local Street Vendor,31.5,Cash,9,Tandon Rakhi Hub 142,12.66,37
4422,Premium & Jewelry,Sterling Silver,2026,6,nO,Monday,East,Online,33.9,Cash,1,Khanna Rakhi Hub 45,758.65,6
3393,Eco-Friendly,Sandalwood (Chandan),2026,3,Yes,Saturday,East,Online,28.7,Cash,5,Tandon Rakhi Hub 103,70.98,22
1484,Premium & Jewelry,Silk Thread,2026,2,yES,Saturday,Central,Supermarket,32.9,UPI,2,Chawla Rakhi Hub 201,114.17,8
4862,Eco-Friendly,Sandalwood (Chandan),2026,3,No,Monday,Central,Online,35.2,Cash,3,Nanda Rakhi & Gifts,79.62,15
1935,Eco-Friendly,Sandalwood (Chandan),2026,3,nO,Tuesday,Central,Local Street Vendor,29.3,Cash,4,Goel Rakhi Hub 52,51.96,20
1035,Kids & Cartoon,Silk Thread,2026,2,Yes,Saturday,North,Supermarket,38.7,UPI,11,Goel Rakhi Hub 105,24.49,29
5485,Eco-Friendly,Silk Thread,2026,6,No,Monday,West,Supermarket,,UPI,3,Goel Rakhi Hub 133,38.27,22
2479,Kids & Cartoon,Silk Thread,2026,3,No,Thursday,Central,Supermarket,32.5,Cash,9,Chawla Handicrafts,15.87,27
350,Premium & Jewelry,Sterling Silver,2026,7,Yes,Saturday,West,Supermarket,29.3,Credit Card,6,Chopra Traditions,639.22,20
4394,Kids & Cartoon,Silk Thread,2026,2,No,Thursday,North,Supermarket,31.7,Cash,7,Arora Rakhi Store,17.26,20
4353,Kids & Cartoon,Silk Thread,2026,6,No,Tuesday,Central,Online,29.5,Cash,4,Saxena Rakhi Hub 252,22.03,12
5394,Kids & Cartoon,Silk Thread,2026,2,No,Tuesday,East,Local Street Vendor,35.2,Cash,12,Aggarwal Rakhi Hub 179,12.12,40
1062,Kids & Cartoon,Sterling Silver,2026,2,Yes,Saturday,Central,Supermarket,34.6,Cash,14,Mehra Rakhi Hub 128,129.97,34
880,Kids & Cartoon,Silk Thread,2026,3,No,Tuesday,North,Supermarket,37.6,Credit Card,6,Sethi Rakhi Hub 10,15.32,22
5603,Eco-Friendly,Silk Thread,2026,1,#Yes,Saturday,North,Online,35.3,Credit Card,6,Kapoor Rakhi Hub 118,33.52,19
2543,Kids & Cartoon,Silk Thread,2026,5,yES,Sunday,Central,Local Street Vendor,35.4,Cash,5,Bansal Rakhi Hub 214,10.91,16
575,Eco-Friendly,Sandalwood (Chandan),2026,2,No,Wednesday,West,Local Street Vendor,30.0,Cash,6,Mehra Rakhi Hub 148,60.61,19
4836,Eco-Friendly,Silk Thread,2026,6,No,Thursday,West,Local Street Vendor,27.2,Cash,2,Chawla Rakhi Hub 104,18.91,8
1851,Premium & Jewelry,Sterling Silver,2026,4,No,Wednesday,North,Local Street Vendor,28.0,Credit Card,7,Khanna Emporium,415.09,26
5403,Kids & Cartoon,Silk Thread,2026,1,Yes,Sunday,North,Online,27.3,Credit Card,22,Chawla Rakhi Bazaar,16.21,58
1678,Kids & Cartoon,Sandalwood (Chandan),2026,4,No,Friday,Central,Supermarket,32.6,Cash,2,Bansal Rakhi Hub 124,28.89,15
1836,Premium & Jewelry,Sterling Silver,2026,6,No,Wednesday,Central,Online,29.4,Credit Card,2,Sharma Festive Mart,884.65,8
1971,Kids & Cartoon,Silk Thread,2026,3,No,Thursday,West,Local Street Vendor,31.9,UPI,2,Rastogi Rakhi Hub 5,12.69,9
4953,Premium & Jewelry,Sterling Silver,2026,5,No,Tuesday,East,Local Street Vendor,32.8,UPI,5,Saxena Rakhi Hub 255,436.71,19
4705,Premium & Jewelry,Sterling Silver,2026,5,No,Thursday,East,Supermarket,35.1,UPI,6,Malhotra Rakhi Bazaar,753.23,20
5200,Kids & Cartoon,Silk Thread,2026,6,No,Thursday,Central,Supermarket,33.1,Cash,4,Chopra Rakhi Hub 69,13.13,15
458,Kids & Cartoon,Silk Thread,2026,7,#Yes,Sunday,East,Online,32.2,Cash,3,Goel Rakhi Hub 15,25.78,15
4648,Premium & Jewelry,Sandalwood (Chandan),2026,3,Yes,Saturday,Central,Local Street Vendor,32.2,Credit Card,6,Sethi Traditions,122.6,25
2071,Eco-Friendly,Sandalwood (Chandan),2026,6,nO,Thursday,West,Local Street Vendor,30.3,Credit Card,4,Khanna Rakhi Store,54.66,14
3183,Kids & Cartoon,Silk Thread,2026,5,No,Monday,West,Supermarket,34.4,Credit Card,9,Kapoor Handicrafts,14.61,37
5338,Kids & Cartoon,Silk Thread,2026,1,Yes,Sunday,East,Local Street Vendor,37.5,UPI,12,Aggarwal Rakhi Hub 284,13.05,41
1946,Eco-Friendly,Silk Thread,2026,6,No,Wednesday,North,Supermarket,33.5,Cash,3,Sharma Rakhi Hub 180,32.35,18
5992,Kids & Cartoon,Silk Thread,2026,7,No,Thursday,East,Supermarket,30.4,UPI,5,Arora Gift House,17.77,18
3264,Kids & Cartoon,Silk Thread,2026,6,No,Thursday,North,Supermarket,35.0,Cash,5,Chopra Rakhi Bazaar,14.76,16
5879,Eco-Friendly,Sterling Silver,2026,1,No,Thursday,,Online,28.5,Credit Card,19,Mehra Emporium,281.58,60
336,Kids & Cartoon,Silk Thread,2026,7,#Yes,Sunday,East,Online,32.6,Cash,3,Sethi Rakhi Hub 11,18.22,12
5269,Eco-Friendly,Sterling Silver,2026,7,yES,Saturday,North,Supermarket,28.3,Cash,10,Arora Rakhi Hub 140,153.35,26
2989,Premium & Jewelry,Sterling Silver,2026,2,nO,Wednesday,,Online,28.0,Credit Card,10,Mehra Rakhi Hub 285,722.99,56
4628,Kids & Cartoon,Silk Thread,2026,4,No,Monday,Central,Local Street Vendor,35.3,UPI,13,Goel Rakhi Hub 181,13.54,38
1551,Premium & Jewelry,Sandalwood (Chandan),2026,6,yES,Sunday,North,Local Street Vendor,37.6,Cash,2,Mehra Gift House,141.7,8
2165,Eco-Friendly,Sandalwood (Chandan),2026,7,No,Monday,East,Local Street Vendor,26.8,Cash,3,Aggarwal Rakhi Hub 263,55.25,11
587,Premium & Jewelry,Sterling Silver,2026,7,Yes,Saturday,North,Local Street Vendor,32.8,Cash,1,Chawla Rakhi Hub 34,457.02,3
2406,Premium & Jewelry,Sandalwood (Chandan),2026,4,nO,Wednesday,East,Local Street Vendor,31.1,UPI,2,Gupta Rakhi Hub 176,158.38,9
4781,Kids & Cartoon,Silk Thread,2026,5,nO,Friday,West,Supermarket,34.0,Credit Card,2,Saxena Rakhi Hub 227,15.07,13
3429,Eco-Friendly,Sandalwood (Chandan),2026,2,nO,Friday,West,Online,37.2,Cash,5,Tandon Rakhi Hub 142,70.43,28
2610,Kids & Cartoon,Silk Thread,2026,5,No,Wednesday,Central,Supermarket,32.5,Credit Card,2,Aggarwal Rakhi Hub 144,14.19,7
3657,Premium & Jewelry,Sterling Silver,2026,3,nO,Monday,North,Local Street Vendor,32.8,Credit Card,2,Bansal Rakhi Hub 161,438.6,11
3215,Premium & Jewelry,Sterling Silver,2026,5,No,Wednesday,West,Supermarket,28.3,Credit Card,2,Arora Rakhi Hub 210,726.22,6
3535,Eco-Friendly,Sandalwood (Chandan),2026,1,Yes,Saturday,East,Local Street Vendor,29.6,Cash,8,Arora Rakhi Hub 46,62.9,24
3287,Kids & Cartoon,Silk Thread,2026,4,No,Friday,West,Local Street Vendor,36.3,UPI,5,Sharma Rakhi Hub 35,15.5,19
2081,Kids & Cartoon,Silk Thread,2026,3,No,Thursday,North,Supermarket,30.9,Credit Card,2,Rastogi Rakhi Corner,18.48,12
1170,Premium & Jewelry,Sterling Silver,2026,5,No,Thursday,East,Online,30.8,Credit Card,2,Chopra Rakhi Hub 57,640.44,7
3357,Kids & Cartoon,Sandalwood (Chandan),2026,2,#Yes,Saturday,West,Online,35.0,UPI,6,Bansal Rakhi Point,39.33,24
648,Kids & Cartoon,Sterling Silver,2026,3,No,Thursday,Central,Supermarket,22.7,Cash,3,Verma Rakhi Corner,118.02,11
223,Kids & Cartoon,Silk Thread,2026,2,No,Thursday,West,Local Street Vendor,37.6,UPI,44,Sharma Rakhi Hub 259,12.0,39
524,Kids & Cartoon,Silk Thread,2026,4,#Yes,Sunday,North,Local Street Vendor,38.3,Credit Card,5,Mehra Festive Mart,15.46,5
4037,Kids & Cartoon,Silk Thread,2026,4,Yes,Saturday,East,Supermarket,29.0,UPI,6,Bhatia Festive Mart,15.17,17
24,Eco-Friendly,Sandalwood (Chandan),2026,1,nO,Wednesday,Central,Local Street Vendor,37.1,Cash,4,Aggarwal Rakhi Corner,53.23,24
1906,Kids & Cartoon,Silk Thread,2026,2,Yes,Sunday,Central,Local Street Vendor,32.8,Cash,8,Bansal Gift House,11.38,30
4079,Premium & Jewelry,Silk Thread,2026,3,#Yes,Sunday,East,Online,33.0,Cash,13,Chawla Festive Mart,155.68,31
1555,Premium & Jewelry,Sterling Silver,2026,3,No,Thursday,East,Supermarket,,Credit Card,4,Gupta Rakhi Hub 187,622.82,11
5724,Eco-Friendly,Sandalwood (Chandan),2026,5,Yes,Saturday,East,Supermarket,32.6,Cash,10,Rastogi Rakhi Hub 50,56.35,25
5205,Premium & Jewelry,Sterling Silver,2026,3,No,Monday,East,Supermarket,,Credit Card,8,Arora Rakhi Hub 219,734.91,24
2140,Eco-Friendly,Sandalwood (Chandan),2026,5,Yes,Sunday,Central,Local Street Vendor,29.1,Credit Card,3,Mehra Rakhi & Gifts,40.51,15
5841,Kids & Cartoon,Sandalwood (Chandan),2026,6,No,Wednesday,West,Supermarket,34.9,UPI,3,Aggarwal Rakhi Hub 212,33.33,12
4946,Eco-Friendly,Sandalwood (Chandan),2026,1,No,Wednesday,North,Online,39.2,Cash,5,Bansal Rakhi Hub 161,69.01,38
1408,Premium & Jewelry,Sterling Silver,2026,5,nO,Thursday,,Supermarket,37.2,UPI,4,Goel Festive Mart,569.58,15
66,Kids & Cartoon,Silk Thread,2026,6,No,Monday,East,Local Street Vendor,30.4,UPI,5,Verma Rakhi Hub 73,11.77,14
5601,Kids & Cartoon,Silk Thread,2026,3,No,Tuesday,West,Supermarket,35.0,UPI,4,Aggarwal Rakhi Store,19.33,20
1045,Premium & Jewelry,Sandalwood (Chandan),2026,4,No,Friday,West,Online,30.3,Cash,5,Rastogi Rakhi Hub 178,253.07,13
505,Kids & Cartoon,Silk Thread,2026,7,Yes,Sunday,Central,Supermarket,43.6,Cash,4,Khanna Festive Mart,21.45,13
1926,Premium & Jewelry,Sterling Silver,2026,6,No,Thursday,West,Supermarket,,UPI,6,Chawla Rakhi Hub 265,608.26,31
4744,Premium & Jewelry,Sandalwood (Chandan),2026,3,Yes,Saturday,East,Local Street Vendor,27.7,Credit Card,7,Sharma Rakhi Hub 61,181.96,24
2032,Kids & Cartoon,Silk Thread,2026,2,yES,Saturday,Central,Online,28.8,Cash,8,Saxena Rakhi Hub 41,19.03,33
5825,Kids & Cartoon,Silk Thread,2026,1,No,Friday,West,Supermarket,32.4,Cash,4,Chawla Rakhi Corner,13.03,26
5245,Kids & Cartoon,Silk Thread,2026,1,No,Thursday,East,Local Street Vendor,35.1,Cash,13,Mehra Rakhi Hub 256,15.22,38
5037,Eco-Friendly,Sandalwood (Chandan),2026,5,No,Friday,West,Supermarket,20.5,Cash,2,Saxena Rakhi Hub 227,67.62,6
555,Premium & Jewelry,Sterling Silver,2026,5,No,Wednesday,North,Local Street Vendor,20.3,Cash,3,Chawla Rakhi Hub 94,533.3,21
3055,Kids & Cartoon,Silk Thread,2026,4,#Yes,Sunday,North,Supermarket,27.5,UPI,5,Arora Emporium,18.62,28
4395,Kids & Cartoon,Silk Thread,2026,2,No,Monday,East,Online,30.4,UPI,7,Sethi Rakhi Hub 19,18.02,33
5395,Kids & Cartoon,Silk Thread,2026,5,nO,Monday,West,Supermarket,29.8,Credit Card,3,Sharma Rakhi Hub 61,20.44,11
3536,Eco-Friendly,Sandalwood (Chandan),2026,3,Yes,Sunday,East,Supermarket,33.9,Cash,11,Jain Rakhi Bazaar,67.15,26
1700,Eco-Friendly,Sandalwood (Chandan),2026,5,No,Tuesday,,Online,33.6,Cash,2,Bhatia Rakhi Hub 80,64.53,10
1354,Kids & Cartoon,Silk Thread,2026,1,No,Tuesday,,Supermarket,32.1,Cash,3,Bhatia Rakhi Hub 3,16.26,14
1056,Kids & Cartoon,Silk Thread,2026,1,No,Tuesday,West,Local Street Vendor,34.0,Cash,2,Goel Rakhi Hub 86,12.59,16
1407,Eco-Friendly,Sandalwood (Chandan),2026,4,yES,Saturday,,Online,33.0,Credit Card,6,Kapoor Rakhi Store,76.48,19
3768,Kids & Cartoon,Silk Thread,2026,3,nO,Monday,Central,Local Street Vendor,34.1,Credit Card,2,Khanna Rakhi Hub 85,13.45,14
602,Eco-Friendly,Silk Thread,2026,2,Yes,Sunday,West,Online,29.2,UPI,3,Tandon Traditions,45.08,14
1384,Eco-Friendly,Silk Thread,2026,5,yES,Saturday,Central,Local Street Vendor,33.8,UPI,2,Goel Rakhi Hub 228,21.16,5
3333,Premium & Jewelry,Sterling Silver,2026,6,#Yes,Saturday,East,Online,30.7,Cash,5,Chopra Rakhi Hub 145,814.7,16
2119,Premium & Jewelry,Sterling Silver,2026,1,nO,Monday,West,Supermarket,33.5,Cash,10,Verma Rakhi Hub 30,512.97,35
4320,Kids & Cartoon,Silk Thread,2026,7,Yes,Sunday,East,Local Street Vendor,30.0,Credit Card,3,Gupta Rakhi Hub 299,16.47,7
1913,Eco-Friendly,Sandalwood (Chandan),2026,1,No,Tuesday,Central,Supermarket,32.4,Cash,3,Bansal Rakhi Hub 237,68.3,8
3685,Premium & Jewelry,Sterling Silver,2026,1,No,Thursday,East,Online,34.5,Cash,16,Verma Rakhi Hub 30,664.83,55
3501,Kids & Cartoon,Silk Thread,2026,7,No,Wednesday,East,Online,28.8,Cash,3,Arora Rakhi Hub 115,22.38,8
4814,Eco-Friendly,Sandalwood (Chandan),2026,3,yES,Sunday,North,Online,35.5,UPI,8,Aggarwal Rakhi Hub 247,82.12,27
1741,Premium & Jewelry,Sterling Silver,2026,4,No,Monday,East,Online,32.3,Cash,22,Chawla Rakhi Hub 102,863.8,70
5040,Eco-Friendly,Sandalwood (Chandan),2026,5,#Yes,Saturday,North,Local Street Vendor,27.2,Cash,3,Rastogi Rakhi Hub 189,55.07,8
928,Eco-Friendly,Sandalwood (Chandan),2026,1,No,Wednesday,North,Local Street Vendor,32.3,UPI,8,Tandon Traditions,54.45,29
5139,Premium & Jewelry,Sterling Silver,2026,7,No,Wednesday,Central,Online,28.2,Cash,4,Verma Rakhi Hub 92,877.3,16
3579,Eco-Friendly,Silk Thread,2026,3,No,Wednesday,West,Supermarket,,Cash,7,Jain Rakhi Hub 289,35.55,22
4443,Eco-Friendly,Sandalwood (Chandan),2026,4,Yes,Saturday,East,Online,35.9,Cash,2,Mehra Rakhi Hub 273,73.82,12
5137,Premium & Jewelry,Sandalwood (Chandan),2026,1,Yes,Sunday,North,Online,26.5,Cash,11,Goel Rakhi Hub 15,228.07,34
3069,Eco-Friendly,Sandalwood (Chandan),2026,1,No,Tuesday,East,Local Street Vendor,32.3,Credit Card,2,Bansal Rakhi Hub 124,52.41,7
240,Premium & Jewelry,Sterling Silver,2026,3,#Yes,Sunday,Central,Local Street Vendor,32.8,Credit Card,3,Sethi Traditions,380.5,13
2967,Kids & Cartoon,Silk Thread,2026,7,No,Tuesday,Central,Local Street Vendor,33.5,Credit Card,2,Kapoor Festive Mart,11.87,9
3543,Eco-Friendly,Sandalwood (Chandan),2026,7,No,Thursday,West,Online,36.5,UPI,2,Jain Rakhi Hub 289,69.48,6
3000,Premium & Jewelry,Sterling Silver,2026,5,Yes,Saturday,West,Online,31.7,Cash,7,Kapoor Rakhi Hub 118,670.48,22
3211,Kids & Cartoon,Sandalwood (Chandan),2026,6,Yes,Saturday,North,Supermarket,27.4,Credit Card,5,Kapoor Traditions,33.49,23
102,Kids & Cartoon,Silk Thread,2026,4,No,Tuesday,Central,Supermarket,34.0,UPI,9,Bansal Rakhi & Gifts,16.91,30
319,Premium & Jewelry,Sterling Silver,2026,1,No,Thursday,North,Supermarket,38.9,Cash,9,Chopra Rakhi Hub 145,613.44,52
4582,Eco-Friendly,Sandalwood (Chandan),2026,7,No,Wednesday,East,Local Street Vendor,35.0,Cash,1,Nanda Rakhi Hub 32,46.69,6
3188,Eco-Friendly,Sandalwood (Chandan),2026,1,No,Friday,Central,Local Street Vendor,31.5,Credit Card,12,Sethi Rakhi Hub 113,47.51,75
534,Kids & Cartoon,Silk Thread,2026,4,No,Thursday,Central,Local Street Vendor,28.3,Cash,3,Khanna Rakhi Hub 184,13.18,10
738,Kids & Cartoon,Silk Thread,2026,4,No,Friday,West,Online,29.5,Credit Card,3,Chawla Rakhi Bazaar,15.94,19
1245,Kids & Cartoon,Silk Thread,2026,3,yES,Sunday,East,Online,32.6,UPI,3,Nanda Rakhi Store,20.75,15
1143,Eco-Friendly,Sandalwood (Chandan),2026,6,#Yes,Saturday,North,Local Street Vendor,30.7,UPI,5,Bansal Rakhi Hub 91,57.24,23
4348,Eco-Friendly,Sandalwood (Chandan),2026,4,#Yes,Sunday,Central,Supermarket,34.6,Cash,8,Jain Rakhi Hub 154,83.74,26
4927,Premium & Jewelry,Sterling Silver,2026,3,No,Tuesday,,Local Street Vendor,29.1,Credit Card,3,Mehra Rakhi Hub 88,523.24,13
852,Premium & Jewelry,Sterling Silver,2026,1,yES,Sunday,,Supermarket,29.6,UPI,27,Bansal Rakhi Point,703.05,64
1329,Premium & Jewelry,Sterling Silver,2026,1,Yes,Sunday,East,Supermarket,24.4,Cash,17,Aggarwal Rakhi Hub 162,664.8,26
2191,Premium & Jewelry,Sterling Silver,2026,4,No,Thursday,East,Supermarket,29.2,UPI,7,Jain Handicrafts,714.6,28
3141,Kids & Cartoon,Silk Thread,2026,1,No,Thursday,West,Local Street Vendor,22.5,Cash,7,Sethi Rakhi Hub 174,10.48,37
1929,Premium & Jewelry,Sterling Silver,2026,7,Yes,Saturday,Central,Supermarket,32.6,UPI,4,Chopra Rakhi Hub 145,512.01,12
5005,Premium & Jewelry,Silk Thread,2026,1,No,Wednesday,Central,Local Street Vendor,27.4,Credit Card,2,Saxena Rakhi Hub 158,72.81,13
497,Kids & Cartoon,Silk Thread,2026,4,No,Tuesday,East,Local Street Vendor,35.3,Credit Card,3,Bansal Rakhi Hub 217,12.1,19
493,Kids & Cartoon,Silk Thread,2026,3,No,Tuesday,East,Online,34.0,Credit Card,6,Rastogi Rakhi Hub 231,17.93,29
2772,Eco-Friendly,Sandalwood (Chandan),2026,4,No,Tuesday,East,Local Street Vendor,34.0,Cash,10,Goel Gift House,54.25,36
473,Premium & Jewelry,Sandalwood (Chandan),2026,3,No,Monday,Central,Local Street Vendor,26.4,UPI,11,Bansal Rakhi Hub 91,150.5,33
5051,Premium & Jewelry,Sterling Silver,2026,4,Yes,Sunday,West,Supermarket,30.5,Cash,8,Kapoor Rakhi Hub 109,699.08,31
4077,Kids & Cartoon,Silk Thread,2026,2,No,Monday,East,Supermarket,31.7,UPI,7,Tandon Rakhi Point,16.94,29
3917,Kids & Cartoon,Silk Thread,2026,3,No,Friday,West,Supermarket,33.4,Credit Card,4,Malhotra Rakhi Hub 14,15.29,12
545,Premium & Jewelry,Sterling Silver,2026,7,No,Tuesday,West,Supermarket,33.6,Credit Card,4,Sethi Rakhi Hub 22,608.85,13
4177,Kids & Cartoon,Silk Thread,2026,3,No,Tuesday,East,Supermarket,33.2,Cash,8,Malhotra Rakhi Hub 14,18.48,27
1243,Kids & Cartoon,Silk Thread,2026,6,No,Wednesday,East,Supermarket,33.7,Cash,4,Gupta Rakhi Hub 152,19.73,14
4243,Kids & Cartoon,Silk Thread,2026,1,No,Monday,West,Supermarket,32.7,UPI,3,Chopra Rakhi Hub 248,18.2,11
5539,Kids & Cartoon,Silk Thread,2026,6,No,Tuesday,West,Local Street Vendor,34.1,Cash,3,Sethi Rakhi Hub 173,15.85,17
335,Premium & Jewelry,Silk Thread,2026,6,#Yes,Sunday,East,Online,31.1,UPI,6,Khanna Rakhi Hub 85,119.08,16
2244,Premium & Jewelry,Sterling Silver,2026,4,No,Thursday,Central,Supermarket,25.9,Cash,9,Bansal Rakhi Hub 161,692.53,30
1316,Kids & Cartoon,Silk Thread,2026,6,No,Thursday,North,Supermarket,31.4,Credit Card,2,Saxena Rakhi Hub 49,20.67,10
1920,Eco-Friendly,Sandalwood (Chandan),2026,6,Yes,Sunday,West,Supermarket,23.7,Credit Card,8,Chawla Rakhi Hub 94,54.15,19
2185,Kids & Cartoon,Silk Thread,2026,7,No,Friday,West,Online,27.2,Cash,12,Khanna Festive Mart,18.7,37
3862,Premium & Jewelry,Sterling Silver,2026,6,Yes,Saturday,East,Online,25.7,Credit Card,7,Sharma Traditions,741.5,23
2970,Premium & Jewelry,Sterling Silver,2026,3,Yes,Saturday,East,Local Street Vendor,33.6,UPI,7,Malhotra Emporium,506.04,20
4646,Eco-Friendly,Sandalwood (Chandan),2026,7,No,Monday,West,Local Street Vendor,38.6,UPI,1,Mehra Rakhi Hub 101,71.19,6
133,Kids & Cartoon,Silk Thread,2026,4,No,Thursday,East,Online,32.7,Credit Card,13,Verma Rakhi Hub 264,16.04,40
3961,Kids & Cartoon,Silk Thread,2026,7,Yes,Saturday,Central,Local Street Vendor,34.5,Credit Card,3,Khanna Festive Mart,11.3,7
2525,Eco-Friendly,Silk Thread,2026,7,No,Tuesday,East,Online,30.2,Cash,14,Sethi Rakhi Hub 76,41.83,75
2246,Premium & Jewelry,Sterling Silver,2026,3,#Yes,Saturday,Central,Supermarket,33.4,Cash,9,Aggarwal Emporium,775.36,22
541,Eco-Friendly,Sandalwood (Chandan),2026,6,nO,Monday,Central,Online,35.3,Cash,3,Aggarwal Rakhi Hub 179,107.72,18
1679,Eco-Friendly,Sandalwood (Chandan),2026,2,No,Tuesday,West,Local Street Vendor,35.9,Cash,7,Bhatia Rakhi Hub 204,45.31,42
2030,Kids & Cartoon,Silk Thread,2026,2,No,Wednesday,East,Local Street Vendor,29.6,Credit Card,5,Nanda Rakhi Bazaar,14.69,18
38,Kids & Cartoon,Silk Thread,2026,5,yES,Saturday,Central,Local Street Vendor,31.4,Cash,5,Malhotra Rakhi Hub 14,14.64,18
2110,Premium & Jewelry,Sterling Silver,2026,2,No,Tuesday,East,Supermarket,40.0,Cash,11,Mehra Festive Mart,613.18,49
2425,Eco-Friendly,Sandalwood (Chandan),2026,6,nO,Monday,West,Local Street Vendor,37.4,Credit Card,2,Sharma Rakhi & Gifts,46.55,7
2019,Kids & Cartoon,Silk Thread,2026,5,No,Wednesday,North,Supermarket,31.1,UPI,6,Chawla Emporium,20.51,22
2112,Kids & Cartoon,Silk Thread,2026,2,No,Monday,,Online,31.4,Credit Card,11,Nanda Rakhi Hub 225,18.2,37
2403,Eco-Friendly,Sandalwood (Chandan),2026,2,No,Friday,Central,Supermarket,34.9,Cash,4,Bansal Rakhi Hub 13,69.9,22
749,Eco-Friendly,Sandalwood (Chandan),2026,5,No,Wednesday,Central,Local Street Vendor,30.0,Credit Card,4,Sethi Rakhi Hub 160,58.35,24
4844,Kids & Cartoon,Silk Thread,2026,4,No,Monday,Central,Online,29.8,UPI,2,Verma Rakhi & Gifts,19.06,9
2457,Kids & Cartoon,Sandalwood (Chandan),2026,1,No,Friday,,Online,,UPI,13,Gupta Rakhi Hub 299,40.25,52
4233,Eco-Friendly,Sandalwood (Chandan),2026,4,No,Tuesday,North,Local Street Vendor,37.8,UPI,6,Jain Handicrafts,52.78,21
2345,Eco-Friendly,Sandalwood (Chandan),2026,3,Yes,Sunday,,Local Street Vendor,28.6,Cash,8,Arora Rakhi Hub 117,54.27,31
96,Kids & Cartoon,Silk Thread,2026,3,nO,Friday,East,Supermarket,29.9,Cash,9,Sharma Rakhi Hub 122,17.25,29
2912,Premium & Jewelry,Sterling Silver,2026,4,No,Wednesday,East,Supermarket,32.2,Cash,4,Nanda Rakhi Hub 79,448.46,12
2434,Kids & Cartoon,Silk Thread,2026,7,Yes,Sunday,West,Online,27.9,Credit Card,5,Malhotra Rakhi & Gifts,19.54,20
5224,Premium & Jewelry,Sterling Silver,2026,3,nO,Thursday,North,Local Street Vendor,37.7,Credit Card,7,Verma Rakhi Corner,482.4,26
2115,Premium & Jewelry,Sterling Silver,2026,2,Yes,Saturday,North,Local Street Vendor,33.3,Credit Card,9,Sethi Rakhi Hub 76,498.32,27
2587,Kids & Cartoon,Silk Thread,2026,2,No,Thursday,,Supermarket,34.8,UPI,8,Verma Rakhi Hub 196,19.22,32
5199,Eco-Friendly,Silk Thread,2026,5,No,Wednesday,Central,Online,28.5,Cash,5,Tandon Rakhi & Gifts,33.66,15
3440,Kids & Cartoon,Silk Thread,2026,1,Yes,Saturday,Central,Local Street Vendor,32.5,Cash,5,Goel Rakhi Hub 133,11.78,13
3555,Premium & Jewelry,Sterling Silver,2026,5,nO,Monday,Central,Supermarket,37.2,Credit Card,7,Bhatia Rakhi Hub 266,576.35,21
454,Premium & Jewelry,Sterling Silver,2026,1,Yes,Sunday,North,Local Street Vendor,32.7,UPI,3,Sethi Rakhi Hub 276,523.74,16
3852,Premium & Jewelry,Sterling Silver,2026,4,No,Tuesday,West,Supermarket,,Credit Card,10,Malhotra Gift House,653.11,35
2813,Kids & Cartoon,Silk Thread,2026,5,nO,Tuesday,West,Online,25.1,Credit Card,8,Chopra Rakhi Hub 241,20.54,23
2837,Kids & Cartoon,Silk Thread,2026,7,Yes,Saturday,North,Online,26.7,Credit Card,4,Chawla Rakhi Hub 186,20.39,12
252,Eco-Friendly,Silk Thread,2026,6,Yes,Saturday,Central,Online,36.1,Cash,5,Saxena Rakhi Hub 83,36.33,24
3325,Kids & Cartoon,Silk Thread,2026,7,No,Thursday,West,Supermarket,28.2,Credit Card,3,Bansal Rakhi Hub 67,18.32,10
1023,Eco-Friendly,Sandalwood (Chandan),2026,7,No,Thursday,,Supermarket,33.1,UPI,3,Verma Rakhi Point,66.3,12
1381,Kids & Cartoon,Silk Thread,2026,2,No,Thursday,North,Supermarket,32.4,UPI,7,Tandon Rakhi Hub 296,18.05,23
1011,Kids & Cartoon,Silk Thread,2026,3,No,Thursday,West,Online,31.8,Cash,18,Chawla Gift House,24.62,59
4650,Kids & Cartoon,Silk Thread,2026,4,Yes,Saturday,East,Supermarket,28.2,UPI,12,Chopra Handicrafts,19.38,49
5391,Kids & Cartoon,Silk Thread,2026,3,No,Friday,East,Supermarket,34.1,Cash,10,Goel Rakhi Hub 221,14.83,36
1673,Eco-Friendly,Sandalwood (Chandan),2026,4,Yes,Sunday,Central,Local Street Vendor,26.3,Cash,7,Aggarwal Handicrafts,52.48,20
626,Kids & Cartoon,Sandalwood (Chandan),2026,2,nO,Friday,North,Supermarket,32.2,Cash,27,Nanda Rakhi Hub 129,33.45,113
39,Premium & Jewelry,Sterling Silver,2026,7,No,Monday,West,Local Street Vendor,30.8,Cash,3,Goel Rakhi Hub 228,709.55,9
2111,Kids & Cartoon,Silk Thread,2026,4,nO,Wednesday,North,Local Street Vendor,33.5,Cash,5,Malhotra Festive Mart,15.95,19
1466,Kids & Cartoon,Sterling Silver,2026,2,No,Tuesday,North,Online,32.6,Cash,6,Gupta Rakhi Hub 165,103.36,27
3224,Kids & Cartoon,Silk Thread,2026,4,No,Monday,East,Local Street Vendor,24.0,Cash,7,Sharma Rakhi Hub 180,11.72,31
4735,Eco-Friendly,Silk Thread,2026,2,No,Thursday,,Online,,UPI,10,Kapoor Rakhi Hub 199,36.48,49
4267,Kids & Cartoon,Silk Thread,2026,4,No,Monday,Central,Supermarket,26.8,Credit Card,3,Bhatia Rakhi Hub 266,21.05,12
3092,Eco-Friendly,Sandalwood (Chandan),2026,6,No,Friday,East,Online,28.3,UPI,2,Arora Rakhi Point,64.07,11
3449,Kids & Cartoon,Silk Thread,2026,1,No,Thursday,East,Supermarket,33.4,Credit Card,6,Chopra Handicrafts,16.29,39
1889,Eco-Friendly,Sandalwood (Chandan),2026,2,yES,Sunday,Central,Online,29.6,Cash,6,Arora Rakhi Hub 117,71.72,33
1609,Kids & Cartoon,Silk Thread,2026,4,Yes,Saturday,Central,Online,30.9,Cash,23,Verma Rakhi Hub 236,18.33,74
1745,Eco-Friendly,Sandalwood (Chandan),2026,6,#Yes,Saturday,East,Online,35.6,UPI,29,Arora Emporium,82.05,82
158,Kids & Cartoon,Silk Thread,2026,1,No,Monday,North,Local Street Vendor,36.0,UPI,12,Sharma Rakhi Hub 35,13.11,54
2440,Eco-Friendly,Silk Thread,2026,4,No,Tuesday,Central,Supermarket,39.0,UPI,3,Rastogi Rakhi & Gifts,33.98,11
2200,Kids & Cartoon,Silk Thread,2026,3,No,Wednesday,East,Online,31.1,Cash,6,Chawla Rakhi Hub 250,20.55,17
3095,Kids & Cartoon,Silk Thread,2026,7,No,Tuesday,East,Local Street Vendor,53.4,Cash,1,Goel Rakhi Hub 107,13.24,5
855,Premium & Jewelry,Sterling Silver,2026,2,No,Tuesday,Central,Online,33.5,Credit Card,2,Mehra Handicrafts,547.51,9
504,Kids & Cartoon,Silk Thread,2026,1,nO,Tuesday,East,Online,33.3,Cash,11,Kapoor Rakhi Hub 97,17.93,47
3749,Kids & Cartoon,Silk Thread,2026,3,Yes,Sunday,North,Local Street Vendor,32.0,Cash,3,Malhotra Handicrafts,13.52,9
316,Kids & Cartoon,Silk Thread,2026,6,No,Friday,,Local Street Vendor,35.9,UPI,18,Tandon Rakhi Hub 60,85.75,12
711,Eco-Friendly,Silk Thread,2026,5,nO,Thursday,West,Local Street Vendor,34.1,UPI,6,Khanna Rakhi Hub 293,27.76,19
3969,Kids & Cartoon,Silk Thread,2026,2,No,Thursday,,Supermarket,31.8,Cash,14,Jain Rakhi Bazaar,20.28,46
4175,Eco-Friendly,Silk Thread,2026,1,No,Friday,East,Supermarket,25.1,Cash,9,Goel Rakhi & Gifts,37.47,35
3718,Eco-Friendly,Silk Thread,2026,4,Yes,Saturday,East,Supermarket,,Credit Card,7,Chawla Rakhi Hub 24,34.37,20
4228,Premium & Jewelry,Sterling Silver,2026,2,No,Friday,East,Online,29.9,UPI,3,Nanda Rakhi Hub 28,732.07,17
857,Eco-Friendly,Silk Thread,2026,3,No,Monday,Central,Local Street Vendor,36.9,Cash,3,Saxena Rakhi Point,28.22,20
3323,Eco-Friendly,Silk Thread,2026,1,No,Friday,Central,Supermarket,28.8,Cash,26,Mehra Rakhi Hub 6,33.71,91
5003,Eco-Friendly,Sandalwood (Chandan),2026,4,Yes,Saturday,North,Local Street Vendor,34.7,Cash,29,Gupta Rakhi Bazaar,47.86,85
2657,Kids & Cartoon,Silk Thread,2026,7,No,Thursday,North,Local Street Vendor,33.8,Cash,9,Aggarwal Rakhi Hub 55,15.52,9
320,Eco-Friendly,Sandalwood (Chandan),2026,7,#Yes,Saturday,West,Supermarket,32.0,Credit Card,3,Sethi Rakhi Hub 113,62.19,8
430,Eco-Friendly,Silk Thread,2026,4,No,Thursday,East,Supermarket,32.5,Credit Card,7,Sethi Rakhi Bazaar,30.68,26
1019,Premium & Jewelry,Sterling Silver,2026,2,No,Wednesday,West,Supermarket,,Cash,8,Kapoor Emporium,695.06,24
1427,Premium & Jewelry,Sandalwood (Chandan),2026,3,yES,Sunday,Central,Local Street Vendor,37.5,Credit Card,4,Goel Rakhi Hub 133,134.2,22
459,Eco-Friendly,Sandalwood (Chandan),2026,5,No,Monday,,Supermarket,32.3,UPI,3,Jain Handicrafts,55.53,20
3704,Kids & Cartoon,Silk Thread,2026,4,yES,Saturday,West,Online,,Credit Card,17,Sharma Handicrafts,21.41,46
2445,Kids & Cartoon,Silk Thread,2026,3,No,Thursday,,Supermarket,,Cash,4,Chawla Rakhi Hub 250,18.49,16
2108,Eco-Friendly,Sandalwood (Chandan),2026,3,Yes,Sunday,East,Local Street Vendor,24.7,UPI,4,Goel Rakhi Hub 1,49.82,16
3229,Kids & Cartoon,Silk Thread,2026,7,Yes,Sunday,West,Supermarket,25.0,Cash,5,Saxena Rakhi Hub 41,16.29,16
1820,Kids & Cartoon,Silk Thread,2026,1,nO,Monday,East,Supermarket,34.0,Cash,8,Gupta Festive Mart,16.73,30
2668,Premium & Jewelry,Sterling Silver,2026,3,No,Monday,West,Local Street Vendor,36.6,Credit Card,11,Aggarwal Rakhi Hub 157,533.4,53
312,Kids & Cartoon,Silk Thread,2026,1,No,Monday,East,Supermarket,36.5,UPI,6,Goel Rakhi Hub 243,15.66,21
208,Kids & Cartoon,Silk Thread,2026,5,No,Wednesday,West,Local Street Vendor,33.1,Credit Card,3,Chawla Rakhi Hub 186,10.78,10
1194,Eco-Friendly,Sandalwood (Chandan),2026,7,No,Monday,North,Local Street Vendor,37.2,Cash,2,Goel Rakhi Bazaar,283.52,10
2328,Premium & Jewelry,Sterling Silver,2026,2,nO,Thursday,West,Local Street Vendor,31.7,Cash,12,Jain Rakhi Hub 37,602.44,56
4114,Kids & Cartoon,Silk Thread,2026,4,No,Wednesday,East,Local Street Vendor,28.1,Credit Card,3,Chawla Rakhi Hub 155,13.0,14
5741,Eco-Friendly,Sandalwood (Chandan),2026,5,No,Friday,Central,Supermarket,35.6,Cash,9,Rastogi Emporium,54.14,14
1841,Premium & Jewelry,Sandalwood (Chandan),2026,7,Yes,Sunday,North,Online,22.9,Credit Card,5,Saxena Rakhi Hub 138,251.51,17
2535,Eco-Friendly,Sandalwood (Chandan),2026,6,#Yes,Saturday,Central,Supermarket,31.5,Cash,3,Saxena Rakhi Hub 49,62.08,10
1863,Eco-Friendly,Silk Thread,2026,3,#Yes,Saturday,Central,Local Street Vendor,27.1,Cash,2,Saxena Rakhi Hub 193,24.69,11
5837,Eco-Friendly,Sandalwood (Chandan),2026,3,No,Tuesday,East,Supermarket,33.7,Cash,8,Chawla Rakhi Hub 94,50.43,43
3748,Eco-Friendly,Sandalwood (Chandan),2026,7,Yes,Saturday,Central,Online,,Cash,2,Saxena Traditions,79.62,9
4781,Kids & Cartoon,Silk Thread,2026,5,nO,Friday,West,Supermarket,34.0,Credit Card,2,Saxena Rakhi Hub 227,15.07,13
3046,Eco-Friendly,Silk Thread,2026,4,Yes,Saturday,North,Supermarket,33.7,UPI,16,Nanda Rakhi Hub 232,53.08,39
2629,Premium & Jewelry,Sterling Silver,2026,4,No,Tuesday,Central,Online,31.9,UPI,12,Arora Traditions,642.8,44
4229,Kids & Cartoon,Silk Thread,2026,1,No,Tuesday,East,Supermarket,35.0,UPI,8,Khanna Emporium,17.58,36
776,Eco-Friendly,Sandalwood (Chandan),2026,5,nO,Wednesday,East,Supermarket,42.1,Cash,2,Gupta Rakhi Hub 299,78.91,15
4230,Premium & Jewelry,Sterling Silver,2026,3,Yes,Saturday,East,Supermarket,29.1,Credit Card,11,Chawla Rakhi Hub 171,697.8,45
1282,Kids & Cartoon,Silk Thread,2026,4,No,Wednesday,North,Online,34.5,Credit Card,4,Aggarwal Rakhi Hub 55,16.94,15
1008,Kids & Cartoon,Silk Thread,2026,7,#Yes,Sunday,North,Online,33.1,Credit Card,3,Sethi Rakhi Hub 113,21.35,10
3336,Kids & Cartoon,Silk Thread,2026,7,nO,Wednesday,East,Local Street Vendor,31.1,Cash,2,Kapoor Emporium,12.09,15
5503,Premium & Jewelry,Sterling Silver,2026,2,Yes,Sunday,North,Supermarket,31.1,Cash,4,Aggarwal Rakhi Corner,581.36,21
4221,Premium & Jewelry,Sandalwood (Chandan),2026,6,Yes,Saturday,East,Local Street Vendor,37.3,Cash,2,Gupta Emporium,156.11,7
4546,Premium & Jewelry,Sandalwood (Chandan),2026,7,No,Wednesday,North,Local Street Vendor,27.1,Cash,1,Sethi Rakhi Corner,164.08,4
2384,Premium & Jewelry,Sterling Silver,2026,7,No,Friday,Central,Local Street Vendor,32.2,Cash,2,Nanda Festive Mart,429.21,6
744,Premium & Jewelry,Sterling Silver,2026,2,nO,Friday,West,Local Street Vendor,29.4,Cash,2,Aggarwal Rakhi Hub 212,527.16,15
5529,Eco-Friendly,Sandalwood (Chandan),2026,5,No,Friday,Central,Supermarket,33.1,Cash,5,Bansal Rakhi Hub 91,68.81,16
2234,Eco-Friendly,Sandalwood (Chandan),2026,4,No,Thursday,North,Supermarket,32.1,Cash,19,Nanda Rakhi Hub 129,66.32,60
4505,Premium & Jewelry,Silk Thread,2026,7,No,Tuesday,West,Supermarket,29.0,Cash,4,Malhotra Rakhi Hub 4,103.99,12
1370,Kids & Cartoon,Sandalwood (Chandan),2026,1,#Yes,Saturday,Central,Supermarket,32.4,UPI,5,Sharma Rakhi Hub 59,34.79,23
3885,Eco-Friendly,Silk Thread,2026,4,#Yes,Saturday,Central,Local Street Vendor,34.3,UPI,9,Sharma Rakhi Hub 149,26.55,31
687,Kids & Cartoon,Sandalwood (Chandan),2026,5,No,Wednesday,Central,Online,32.2,Cash,3,Bansal Rakhi Hub 214,39.66,10
5278,Eco-Friendly,Silk Thread,2026,3,Yes,Saturday,East,Supermarket,31.7,UPI,9,Goel Rakhi Hub 105,24.94,47
3616,Kids & Cartoon,Silk Thread,2026,3,Yes,Sunday,Central,Online,31.9,UPI,11,Chawla Rakhi Corner,16.84,30
4790,Kids & Cartoon,Silk Thread,2026,6,No,Tuesday,East,Local Street Vendor,29.4,Cash,3,Khanna Rakhi Corner,15.12,11
489,Kids & Cartoon,Sterling Silver,2026,2,No,Tuesday,Central,Supermarket,29.6,UPI,19,Mehra Rakhi Hub 148,103.8,72
2698,Premium & Jewelry,Sterling Silver,2026,5,No,Thursday,Central,Local Street Vendor,39.2,Cash,6,Chawla Rakhi Hub 104,443.74,32
1702,Eco-Friendly,Sandalwood (Chandan),2026,5,Yes,Sunday,North,Supermarket,26.8,Cash,7,Verma Rakhi Hub 236,71.33,21
997,Kids & Cartoon,Silk Thread,2026,7,No,Wednesday,Central,Supermarket,32.0,Cash,3,Verma Emporium,17.16,12
4039,Kids & Cartoon,Silk Thread,2026,2,No,Wednesday,North,Local Street Vendor,27.2,Cash,5,Sethi Rakhi Hub 174,14.61,22
4658,Premium & Jewelry,Silk Thread,2026,7,Yes,Saturday,Central,Online,28.7,Credit Card,4,Mehra Rakhi Hub 101,112.77,10
5865,Kids & Cartoon,Silk Thread,2026,5,Yes,Saturday,North,Online,30.5,Credit Card,7,Arora Festive Mart,18.92,32
4718,Kids & Cartoon,Silk Thread,2026,1,No,Monday,North,Supermarket,37.9,Cash,8,Khanna Rakhi Hub 194,14.5,43
4716,Premium & Jewelry,Sterling Silver,2026,7,Yes,Sunday,Central,Online,33.1,Cash,2,Tandon Rakhi Hub 142,917.17,8
3483,Eco-Friendly,Sandalwood (Chandan),2026,5,No,Tuesday,West,Local Street Vendor,26.0,Credit Card,8,Chawla Rakhi Hub 295,43.5,28
2976,Eco-Friendly,Silk Thread,2026,2,No,Friday,North,Online,37.5,Credit Card,29,Aggarwal Festive Mart,44.18,85
5894,Eco-Friendly,Sandalwood (Chandan),2026,1,nO,Tuesday,West,Supermarket,29.7,UPI,11,Sethi Rakhi Hub 131,60.88,39
5147,Eco-Friendly,Silk Thread,2026,2,nO,Monday,East,Supermarket,34.1,Credit Card,4,Chawla Rakhi Hub 34,28.54,18
1085,Eco-Friendly,Sandalwood (Chandan),2026,1,nO,Thursday,West,Online,31.0,UPI,7,Chawla Rakhi Hub 250,86.15,37
2267,Eco-Friendly,Sandalwood (Chandan),2026,7,Yes,Saturday,Central,Local Street Vendor,30.7,Cash,2,Rastogi Traditions,47.09,7
1923,Kids & Cartoon,Silk Thread,2026,7,No,Tuesday,North,Local Street Vendor,33.3,Credit Card,3,Mehra Rakhi Hub 75,10.18,13
418,Eco-Friendly,Silk Thread,2026,3,No,Wednesday,Central,Supermarket,40.4,UPI,6,Nanda Gift House,33.0,26
1047,Premium & Jewelry,Sterling Silver,2026,5,nO,Monday,Central,Local Street Vendor,32.8,UPI,10,Gupta Rakhi Hub 249,541.65,37
1347,Kids & Cartoon,Silk Thread,2026,3,No,Friday,North,Supermarket,32.1,Credit Card,13,Malhotra Gift House,16.81,42
5923,Eco-Friendly,Sandalwood (Chandan),2026,3,No,Monday,North,Supermarket,29.4,Cash,4,Goel Rakhi Hub 228,59.5,24
1177,Kids & Cartoon,Silk Thread,2026,3,No,Monday,Central,Online,31.5,Cash,2,Saxena Rakhi Hub 138,19.48,8
2256,Kids & Cartoon,Silk Thread,2026,5,No,Friday,Central,Local Street Vendor,34.6,Credit Card,4,Chawla Rakhi Hub 201,12.94,14
261,Premium & Jewelry,Sandalwood (Chandan),2026,1,Yes,Sunday,North,Online,18.6,UPI,20,Khanna Handicrafts,206.64,65
3799,Kids & Cartoon,Silk Thread,2026,4,No,Thursday,North,Local Street Vendor,27.3,Cash,6,Kapoor Rakhi Hub 97,10.44,21
5915,Premium & Jewelry,Sandalwood (Chandan),2026,6,No,Thursday,East,Supermarket,27.1,Cash,2,Chopra Rakhi Hub 166,180.48,13
4839,Premium & Jewelry,Sterling Silver,2026,4,No,Tuesday,East,Supermarket,32.4,Cash,2,Saxena Handicrafts,617.46,10
1422,Kids & Cartoon,Silk Thread,2026,5,No,Monday,North,Local Street Vendor,33.9,UPI,2,Kapoor Rakhi Point,14.09,7
5676,Eco-Friendly,Silk Thread,2026,3,No,Tuesday,West,Online,18.0,Credit Card,8,Mehra Rakhi Corner,44.97,34
4150,Kids & Cartoon,Silk Thread,2026,4,Yes,Sunday,Central,Local Street Vendor,36.1,Cash,7,Jain Rakhi Bazaar,11.95,20
5776,Premium & Jewelry,Sterling Silver,2026,6,No,Monday,North,Online,36.1,Cash,3,Rastogi Rakhi Hub 189,820.64,16
909,Premium & Jewelry,Sandalwood (Chandan),2026,5,No,Friday,West,Local Street Vendor,27.1,Credit Card,10,Jain Rakhi Hub 39,151.96,31
2914,Kids & Cartoon,Silk Thread,2026,1,No,Friday,Central,Supermarket,31.1,Cash,4,Bhatia Rakhi Hub 18,16.73,20
138,Kids & Cartoon,Silk Thread,2026,1,#Yes,Sunday,East,Local Street Vendor,33.2,Cash,13,Khanna Rakhi Hub 188,11.87,34
1973,Eco-Friendly,Sandalwood (Chandan),2026,1,No,Wednesday,West,Supermarket,26.1,Cash,8,Tandon Rakhi Hub 142,78.68,34
1688,Kids & Cartoon,Silk Thread,2026,2,#Yes,Sunday,West,Supermarket,,UPI,6,Malhotra Festive Mart,19.37,31
887,Kids & Cartoon,Silk Thread,2026,6,No,Tuesday,East,Local Street Vendor,25.8,UPI,2,Bhatia Rakhi Hub 29,14.76,13
3734,Kids & Cartoon,Silk Thread,2026,5,No,Wednesday,Central,Local Street Vendor,26.1,UPI,2,Sharma Rakhi Hub 185,10.45,10
394,Kids & Cartoon,Silk Thread,2026,2,nO,Friday,West,Local Street Vendor,33.0,UPI,2,Mehra Rakhi Point,20.89,10
684,Kids & Cartoon,Silk Thread,2026,7,No,Thursday,North,Online,34.5,UPI,2,Arora Rakhi Hub 219,19.94,8
231,Premium & Jewelry,Sandalwood (Chandan),2026,7,No,Thursday,,Local Street Vendor,33.9,Credit Card,6,Tandon Rakhi Store,142.9,21
3386,Kids & Cartoon,Silk Thread,2026,1,Yes,Saturday,East,Local Street Vendor,34.9,Cash,18,Rastogi Rakhi Hub 5,12.74,53
1431,Eco-Friendly,Sandalwood (Chandan),2026,6,No,Friday,North,Local Street Vendor,29.3,Cash,1,Chawla Rakhi Hub 201,39.61,4
677,Eco-Friendly,Sandalwood (Chandan),2026,6,nO,Wednesday,West,Local Street Vendor,33.9,Cash,1,Sharma Rakhi Hub 112,43.44,3
1665,Eco-Friendly,Silk Thread,2026,1,No,Tuesday,Central,Supermarket,32.0,Credit Card,9,Goel Traditions,41.32,38
2139,Eco-Friendly,Sandalwood (Chandan),2026,2,No,Friday,North,Local Street Vendor,28.9,UPI,11,Rastogi Rakhi Hub 298,47.55,41
5432,Kids & Cartoon,Silk Thread,2026,1,No,Wednesday,Central,Supermarket,29.1,Cash,13,Mehra Handicrafts,20.23,45
34,Kids & Cartoon,Sterling Silver,2026,7,yES,Sunday,West,Online,32.5,Credit Card,6,Saxena Festive Mart,126.38,18
2808,Eco-Friendly,Sandalwood (Chandan),2026,5,No,Tuesday,Central,Online,36.9,Cash,10,Bhatia Rakhi Bazaar,76.25,36
958,Kids & Cartoon,Silk Thread,2026,7,No,Monday,North,Supermarket,36.1,Cash,4,Sethi Traditions,129.13,16
4168,Kids & Cartoon,Silk Thread,2026,3,No,Friday,East,Local Street Vendor,,Cash,11,Goel Rakhi Hub 52,11.3,46
3068,Premium & Jewelry,Sterling Silver,2026,7,nO,Wednesday,East,Local Street Vendor,31.0,Credit Card,1,Mehra Rakhi Hub 273,447.32,4
1633,Kids & Cartoon,Silk Thread,2026,7,Yes,Saturday,West,Local Street Vendor,31.0,Credit Card,1,Malhotra Rakhi Corner,13.04,4
5942,Kids & Cartoon,Silk Thread,2026,6,nO,Thursday,West,Online,29.9,Cash,3,Bansal Rakhi Hub 161,19.22,11
4263,Premium & Jewelry,Sterling Silver,2026,1,No,Wednesday,West,Online,34.1,Credit Card,9,Chopra Rakhi Bazaar,873.37,35
2224,Premium & Jewelry,Sandalwood (Chandan),2026,1,yES,Sunday,East,Online,31.7,UPI,5,Mehra Rakhi Hub 170,226.24,12
3379,Kids & Cartoon,Silk Thread,2026,1,No,Tuesday,East,Local Street Vendor,30.9,Cash,5,Arora Rakhi Hub 137,12.52,25
5962,Premium & Jewelry,Sterling Silver,2026,1,Yes,Sunday,North,Local Street Vendor,44.9,Cash,9,Arora Gift House,646.7,49
62,Kids & Cartoon,Silk Thread,2026,2,No,Tuesday,West,Supermarket,30.1,UPI,7,Chopra Rakhi Hub 12,18.64,26
4571,Kids & Cartoon,Silk Thread,2026,7,No,Monday,East,Local Street Vendor,35.3,Credit Card,2,Saxena Rakhi Hub 83,89.91,7
1808,Kids & Cartoon,Silk Thread,2026,7,#Yes,Saturday,West,Local Street Vendor,30.7,Cash,4,Chawla Rakhi Hub 186,14.45,11
1278,Premium & Jewelry,Sterling Silver,2026,4,nO,Friday,North,Local Street Vendor,34.6,Cash,2,Khanna Handicrafts,550.81,12
2984,Kids & Cartoon,Silk Thread,2026,6,No,Wednesday,West,Supermarket,26.8,Credit Card,38,Sethi Rakhi Hub 276,16.93,127
3516,Eco-Friendly,Sandalwood (Chandan),2026,3,No,Wednesday,East,Supermarket,38.7,Cash,4,Sharma Emporium,64.83,20
333,Kids & Cartoon,Silk Thread,2026,1,#Yes,Saturday,Central,Supermarket,32.1,UPI,9,Bansal Rakhi Hub 288,16.87,22
3844,Kids & Cartoon,Silk Thread,2026,4,Yes,Sunday,North,Online,32.5,UPI,5,Saxena Rakhi Store,16.68,19
2376,Premium & Jewelry,Sterling Silver,2026,1,No,Thursday,East,Online,,Credit Card,5,Khanna Rakhi Hub 121,918.92,20
3006,Eco-Friendly,Sandalwood (Chandan),2026,4,No,Tuesday,East,Online,30.2,UPI,8,Mehra Rakhi Hub 275,88.44,28
1262,Kids & Cartoon,Silk Thread,2026,3,nO,Friday,West,Supermarket,31.6,UPI,17,Chopra Rakhi Hub 57,16.8,51
5608,Kids & Cartoon,Silk Thread,2026,1,Yes,Saturday,Central,Local Street Vendor,29.4,Credit Card,19,Kapoor Rakhi Store,10.68,49
5304,Kids & Cartoon,Silk Thread,2026,1,No,Thursday,Central,Supermarket,32.6,Cash,1,Jain Rakhi Point,13.23,9
5628,Eco-Friendly,Sandalwood (Chandan),2026,1,No,Thursday,North,Local Street Vendor,29.6,UPI,6,Goel Rakhi Hub 239,43.59,26
737,Premium & Jewelry,Sterling Silver,2026,2,Yes,Saturday,Central,Online,39.5,Credit Card,4,Sharma Rakhi Hub 59,783.74,19
4930,Premium & Jewelry,Sterling Silver,2026,6,nO,Tuesday,North,Local Street Vendor,34.0,Credit Card,2,Mehra Rakhi Point,433.68,7
1077,Kids & Cartoon,Silk Thread,2026,2,yES,Saturday,East,Supermarket,31.4,Cash,9,Gupta Rakhi Hub 165,13.73,33
2898,Premium & Jewelry,Sterling Silver,2026,7,#Yes,Sunday,,Supermarket,37.3,UPI,3,Bansal Rakhi Hub 58,613.55,9
3245,Premium & Jewelry,Sterling Silver,2026,7,Yes,Saturday,West,Local Street Vendor,29.1,Credit Card,18,Arora Emporium,722.64,56
5365,Eco-Friendly,Sandalwood (Chandan),2026,4,Yes,Sunday,Central,Online,35.9,Credit Card,5,Mehra Rakhi Hub 273,57.73,16
3289,Premium & Jewelry,Sterling Silver,2026,1,#Yes,Saturday,Central,Supermarket,29.8,Cash,28,Gupta Rakhi Hub 165,1038.04,109
2839,Kids & Cartoon,Silk Thread,2026,2,nO,Tuesday,East,Online,34.0,UPI,5,Bansal Rakhi Hub 161,18.98,23
3294,Kids & Cartoon,Silk Thread,2026,5,Yes,Saturday,,Supermarket,42.1,Cash,3,Goel Rakhi Hub 133,19.42,18
4753,Kids & Cartoon,Silk Thread,2026,6,Yes,Sunday,North,Local Street Vendor,30.6,Credit Card,3,Bansal Rakhi Hub 198,11.65,8
3300,Premium & Jewelry,Sterling Silver,2026,4,yES,Saturday,North,Local Street Vendor,26.9,UPI,3,Bansal Rakhi Hub 274,489.53,11
2474,Kids & Cartoon,Sterling Silver,2026,1,nO,Monday,North,Local Street Vendor,33.6,Credit Card,8,Khanna Rakhi Hub 203,86.12,27
2307,Kids & Cartoon,Silk Thread,2026,2,Yes,Saturday,North,Supermarket,34.4,Cash,6,Verma Handicrafts,17.55,20
1375,Eco-Friendly,Sandalwood (Chandan),2026,1,No,Wednesday,North,Online,30.0,Credit Card,9,Bhatia Rakhi Hub 29,62.1,55
3303,Premium & Jewelry,Sterling Silver,2026,4,Yes,Saturday,Central,Local Street Vendor,31.3,Credit Card,4,Chawla Rakhi Hub 201,493.7,16
5446,Premium & Jewelry,Sterling Silver,2026,6,No,Monday,,Local Street Vendor,36.5,Credit Card,3,Verma Rakhi Hub 73,626.31,13
2449,Kids & Cartoon,Silk Thread,2026,6,No,Monday,North,Local Street Vendor,30.2,Credit Card,4,Goel Rakhi Hub 116,11.07,17
2599,Eco-Friendly,Sandalwood (Chandan),2026,4,yES,Sunday,West,Supermarket,31.5,Cash,3,Rastogi Rakhi Corner,71.51,9
3430,Eco-Friendly,Sandalwood (Chandan),2026,5,No,Monday,West,Online,31.0,Cash,5,Mehra Rakhi Hub 285,309.7,16
2604,Eco-Friendly,Sandalwood (Chandan),2026,7,Yes,Sunday,West,Local Street Vendor,26.4,Cash,3,Mehra Rakhi Hub 183,41.12,9
3878,Eco-Friendly,Sandalwood (Chandan),2026,5,Yes,Saturday,East,Local Street Vendor,34.7,Credit Card,3,Sethi Rakhi Corner,67.66,10
117,Eco-Friendly,Sandalwood (Chandan),2026,7,Yes,Saturday,West,Local Street Vendor,27.6,UPI,3,Nanda Rakhi Hub 32,40.22,8
2787,Kids & Cartoon,Silk Thread,2026,6,No,Tuesday,Central,Supermarket,33.3,Credit Card,4,Kapoor Rakhi Hub 200,13.65,22
5743,Eco-Friendly,Sandalwood (Chandan),2026,5,Yes,Sunday,West,Online,31.6,Credit Card,2,Gupta Handicrafts,64.16,11
1079,Kids & Cartoon,Silk Thread,2026,3,#Yes,Saturday,East,Local Street Vendor,36.0,Cash,2,Goel Rakhi Point,16.32,12
3521,Kids & Cartoon,Sandalwood (Chandan),2026,5,No,Friday,Central,Local Street Vendor,29.3,Credit Card,1,Bansal Rakhi Hub 124,23.46,4
1164,Premium & Jewelry,Silk Thread,2026,2,yES,Saturday,North,Local Street Vendor,31.0,Cash,12,Bansal Handicrafts,121.75,40
4080,Kids & Cartoon,Silk Thread,2026,3,No,Thursday,North,Local Street Vendor,33.6,Credit Card,5,Sethi Rakhi Hub 173,12.53,29
3833,Kids & Cartoon,Silk Thread,2026,6,No,Monday,Central,Online,35.4,Credit Card,4,Chawla Rakhi Hub 186,19.8,14
5442,Eco-Friendly,Silk Thread,2026,7,No,Friday,North,Supermarket,27.9,Cash,5,Chawla Rakhi Hub 265,31.79,17
80,Eco-Friendly,Sandalwood (Chandan),2026,5,Yes,Saturday,East,Online,31.1,Cash,4,Kapoor Rakhi Hub 257,81.76,17
2586,Kids & Cartoon,Silk Thread,2026,5,No,Wednesday,North,Online,33.4,Cash,3,Sharma Rakhi Store,18.17,11
4433,Eco-Friendly,Silk Thread,2026,4,nO,Wednesday,East,Online,31.3,Credit Card,2,Verma Handicrafts,40.23,14
4364,Eco-Friendly,Sandalwood (Chandan),2026,6,Yes,Sunday,West,Online,,UPI,9,Nanda Rakhi Hub 225,70.93,22
4510,Kids & Cartoon,Silk Thread,2026,7,No,Friday,East,Local Street Vendor,29.2,UPI,2,Bhatia Rakhi Bazaar,13.46,9
346,Eco-Friendly,Sandalwood (Chandan),2026,3,nO,Friday,East,Local Street Vendor,30.5,UPI,5,Goel Rakhi Hub 221,53.93,21
5926,Premium & Jewelry,Sterling Silver,2026,1,No,Thursday,Central,Local Street Vendor,36.8,Cash,11,Gupta Rakhi Hub 291,397.14,65
4596,Eco-Friendly,Sandalwood (Chandan),2026,3,nO,Friday,North,Supermarket,32.6,UPI,2,Kapoor Rakhi Hub 200,64.85,8
1791,Eco-Friendly,Sandalwood (Chandan),2026,6,nO,Monday,West,Local Street Vendor,32.9,Credit Card,1,Bansal Rakhi Hub 288,41.47,7
1787,Kids & Cartoon,Silk Thread,2026,1,Yes,Sunday,Central,Supermarket,36.2,Cash,17,Bansal Rakhi Hub 237,20.74,38
1570,Kids & Cartoon,Sandalwood (Chandan),2026,5,Yes,Saturday,East,Online,31.9,Cash,7,Bhatia Rakhi Hub 2,40.88,37
1738,Premium & Jewelry,Sterling Silver,2026,2,No,Thursday,Central,Supermarket,27.5,Cash,6,Goel Rakhi Hub 15,685.88,34
2252,Eco-Friendly,Silk Thread,2026,2,No,Friday,Central,Local Street Vendor,39.4,Credit Card,23,Jain Rakhi Hub 119,34.67,100
4889,Kids & Cartoon,Silk Thread,2026,2,Yes,Sunday,North,Local Street Vendor,31.4,Cash,3,Goel Rakhi Hub 116,12.28,12
1026,Kids & Cartoon,Silk Thread,2026,2,No,Wednesday,East,Local Street Vendor,29.8,UPI,4,Saxena Rakhi Hub 252,13.12,12
1955,Eco-Friendly,Sandalwood (Chandan),2026,6,No,Thursday,North,Local Street Vendor,31.9,Cash,2,Verma Rakhi Bazaar,44.83,10
3613,Kids & Cartoon,Silk Thread,2026,2,nO,Wednesday,East,Supermarket,32.5,UPI,8,Mehra Rakhi Hub 148,17.53,37
1563,Eco-Friendly,Silk Thread,2026,3,Yes,Saturday,East,Local Street Vendor,29.6,Credit Card,7,Mehra Rakhi Hub 170,21.34,23
5778,Kids & Cartoon,Silk Thread,2026,6,No,Wednesday,Central,Online,35.4,Cash,1,Chopra Gift House,13.43,7
4683,Eco-Friendly,Sandalwood (Chandan),2026,6,No,Wednesday,West,Supermarket,30.6,Cash,3,Bansal Rakhi & Gifts,60.7,9
4198,Eco-Friendly,Sandalwood (Chandan),2026,7,No,Monday,North,Online,39.4,Cash,2,Kapoor Rakhi Store,70.46,7
1331,Eco-Friendly,Silk Thread,2026,5,Yes,Saturday,,Online,28.3,UPI,11,Gupta Rakhi Hub 191,35.02,27
798,Premium & Jewelry,Sterling Silver,2026,1,No,Tuesday,East,Local Street Vendor,31.0,Cash,6,Gupta Rakhi Point,534.11,25
3567,Eco-Friendly,Silk Thread,2026,4,nO,Wednesday,Central,Supermarket,32.9,UPI,11,Bansal Festive Mart,31.93,37
5723,Premium & Jewelry,Sterling Silver,2026,3,Yes,Sunday,,Local Street Vendor,33.1,Cash,3,Saxena Rakhi Hub 158,478.65,14
2021,Kids & Cartoon,Silk Thread,2026,6,No,Wednesday,East,Supermarket,31.1,Credit Card,2,Saxena Rakhi Hub 41,18.83,11
150,Premium & Jewelry,Silk Thread,2026,4,No,Tuesday,East,Online,29.6,UPI,5,Tandon Festive Mart,119.57,19
5328,Eco-Friendly,Sterling Silver,2026,4,No,Wednesday,Central,Local Street Vendor,27.5,Cash,9,Mehra Rakhi Point,145.25,32
5156,Premium & Jewelry,Sterling Silver,2026,1,No,Monday,East,Local Street Vendor,32.7,Cash,10,Chopra Rakhi Corner,498.43,28
2507,Eco-Friendly,Sandalwood (Chandan),2026,1,No,Friday,North,Online,34.9,Cash,5,Saxena Rakhi Hub 227,60.39,23
1733,Eco-Friendly,Sandalwood (Chandan),2026,1,No,Monday,East,Local Street Vendor,31.8,Cash,20,Khanna Rakhi Hub 293,68.65,62
971,Premium & Jewelry,Silk Thread,2026,7,Yes,Sunday,Central,Online,32.6,Cash,3,Kapoor Rakhi Point,138.07,6
2339,Kids & Cartoon,Silk Thread,2026,5,No,Thursday,West,Local Street Vendor,32.6,UPI,5,Bhatia Rakhi Hub 266,63.8,25
1264,Eco-Friendly,Sterling Silver,2026,6,yES,Saturday,Central,Supermarket,33.9,Credit Card,4,Malhotra Festive Mart,235.95,16
170,Eco-Friendly,Sandalwood (Chandan),2026,7,No,Thursday,West,Online,34.4,Credit Card,3,Sharma Gift House,61.13,10
4551,Premium & Jewelry,Sandalwood (Chandan),2026,7,nO,Thursday,North,Online,,Credit Card,1,Bansal Rakhi Hub 268,208.95,7
1516,Premium & Jewelry,Sterling Silver,2026,3,No,Wednesday,West,Supermarket,26.1,UPI,7,Tandon Rakhi Point,660.81,27
2860,Kids & Cartoon,Silk Thread,2026,7,No,Wednesday,West,Local Street Vendor,33.7,Cash,7,Verma Rakhi Hub 196,73.75,32
1480,Kids & Cartoon,Sandalwood (Chandan),2026,6,No,Friday,West,Local Street Vendor,30.5,Cash,1,Nanda Festive Mart,23.75,4
1616,Premium & Jewelry,Sandalwood (Chandan),2026,7,nO,Wednesday,Central,Online,44.7,Credit Card,1,Bhatia Rakhi Hub 204,256.74,3
2575,Kids & Cartoon,Sandalwood (Chandan),2026,2,nO,Thursday,North,Local Street Vendor,32.2,Cash,4,Bansal Rakhi Store,21.89,23
5803,Eco-Friendly,Sandalwood (Chandan),2026,7,No,Wednesday,East,Local Street Vendor,35.1,Cash,7,Goel Handicrafts,43.56,6
4906,Kids & Cartoon,Silk Thread,2026,1,No,Monday,West,Supermarket,33.3,Cash,12,Verma Emporium,16.94,52
2580,Eco-Friendly,Silk Thread,2026,7,No,Thursday,East,Supermarket,48.7,Cash,18,Bansal Rakhi Bazaar,42.81,108
4249,Premium & Jewelry,Sterling Silver,2026,3,No,Tuesday,West,Online,24.6,Cash,9,Kapoor Rakhi Hub 109,693.67,35
3439,Premium & Jewelry,Sterling Silver,2026,2,yES,Saturday,Central,Local Street Vendor,30.7,Cash,6,Chawla Rakhi Hub 171,485.9,26
234,Kids & Cartoon,Silk Thread,2026,3,No,Thursday,East,Local Street Vendor,49.7,Cash,2,Bhatia Rakhi Hub 266,11.05,17
354,Kids & Cartoon,Silk Thread,2026,4,No,Monday,,Online,28.6,UPI,22,Bansal Rakhi & Gifts,21.98,72
2230,Kids & Cartoon,Silk Thread,2026,1,No,Friday,East,Supermarket,26.8,Cash,8,Chopra Rakhi Hub 130,16.01,26
4634,Premium & Jewelry,Sterling Silver,2026,5,yES,Sunday,,Local Street Vendor,40.2,Credit Card,3,Gupta Rakhi Hub 291,483.25,16
4514,Premium & Jewelry,Sterling Silver,2026,1,No,Monday,West,Local Street Vendor,29.6,Credit Card,8,Rastogi Rakhi Bazaar,651.19,39
2878,Kids & Cartoon,Silk Thread,2026,3,No,Tuesday,North,Local Street Vendor,31.4,Cash,3,Verma Rakhi Hub 95,12.77,9
5811,Kids & Cartoon,Sandalwood (Chandan),2026,6,No,Wednesday,Central,Supermarket,32.2,UPI,2,Mehra Traditions,35.82,9
2848,Premium & Jewelry,Sterling Silver,2026,4,Yes,Sunday,Central,Local Street Vendor,31.6,UPI,3,Chopra Rakhi Hub 44,482.67,14
3275,Eco-Friendly,Sandalwood (Chandan),2026,2,Yes,Sunday,North,Online,38.1,Cash,18,Bhatia Rakhi Hub 2,90.5,87
3827,Premium & Jewelry,Sandalwood (Chandan),2026,3,No,Thursday,North,Local Street Vendor,34.5,Credit Card,4,Kapoor Rakhi Hub 36,146.98,17
4921,Kids & Cartoon,Silk Thread,2026,7,Yes,Saturday,North,Local Street Vendor,30.3,Cash,2,Khanna Rakhi Hub 194,12.94,7
1222,Premium & Jewelry,Sterling Silver,2026,5,No,Wednesday,East,Local Street Vendor,34.0,UPI,1,Kapoor Rakhi Hub 31,343.54,5
4690,Eco-Friendly,Sandalwood (Chandan),2026,3,No,Friday,West,Local Street Vendor,33.5,Cash,5,Bansal Rakhi Bazaar,50.92,32
510,Premium & Jewelry,Sterling Silver,2026,1,#Yes,Saturday,West,Supermarket,39.2,Credit Card,5,Mehra Rakhi Hub 170,581.14,30
998,Premium & Jewelry,Sterling Silver,2026,2,Yes,Sunday,Central,Online,30.5,Cash,5,Kapoor Rakhi Hub 257,784.77,22
5565,Eco-Friendly,Silk Thread,2026,5,nO,Wednesday,North,Local Street Vendor,28.9,Cash,4,Saxena Rakhi Hub 49,24.1,21
4512,Kids & Cartoon,Silk Thread,2026,7,Yes,Sunday,,Local Street Vendor,30.9,Cash,1,Aggarwal Rakhi Hub 234,14.24,5
2193,Eco-Friendly,Silk Thread,2026,1,Yes,Saturday,,Local Street Vendor,36.2,Cash,13,Arora Gift House,27.46,41
4622,Eco-Friendly,Sandalwood (Chandan),2026,1,No,Tuesday,West,Local Street Vendor,48.2,Cash,20,Aggarwal Traditions,47.62,93
4687,Premium & Jewelry,Sandalwood (Chandan),2026,2,nO,Thursday,Central,Supermarket,34.9,UPI,5,Bansal Rakhi & Gifts,195.15,22
5990,Kids & Cartoon,Silk Thread,2026,6,Yes,Saturday,Central,Supermarket,30.4,Credit Card,1,Chawla Rakhi Hub 24,13.18,7
689,Eco-Friendly,Sandalwood (Chandan),2026,5,#Yes,Saturday,North,Supermarket,30.7,Cash,9,Bansal Rakhi Corner,67.61,23
5307,Eco-Friendly,Silk Thread,2026,6,Yes,Saturday,North,Local Street Vendor,34.6,Cash,52,Goel Rakhi Hub 54,25.74,37
539,Premium & Jewelry,Sterling Silver,2026,1,No,Wednesday,East,Local Street Vendor,25.8,Credit Card,4,Chawla Rakhi Hub 93,442.96,17
2014,Kids & Cartoon,Silk Thread,2026,5,nO,Thursday,North,Online,30.8,Cash,6,Goel Rakhi Store,23.69,39
3871,Kids & Cartoon,Silk Thread,2026,4,No,Friday,North,Supermarket,30.0,UPI,3,Goel Gift House,15.06,13
5455,Eco-Friendly,Sandalwood (Chandan),2026,3,Yes,Sunday,East,Local Street Vendor,32.2,Credit Card,10,Sharma Rakhi Hub 84,44.67,36
3947,Premium & Jewelry,Sandalwood (Chandan),2026,2,No,Thursday,North,Supermarket,35.4,Cash,10,Bhatia Rakhi Hub 80,166.24,40
237,Kids & Cartoon,Silk Thread,2026,6,No,Thursday,West,Local Street Vendor,28.9,Cash,3,Khanna Rakhi Hub 132,17.06,13
1840,Eco-Friendly,Sandalwood (Chandan),2026,5,No,Thursday,North,Local Street Vendor,37.5,Cash,1,Khanna Traditions,50.55,3
1704,Kids & Cartoon,Silk Thread,2026,7,No,Thursday,East,Online,30.5,Cash,5,Sharma Rakhi Hub 84,20.28,16
1720,Eco-Friendly,Sandalwood (Chandan),2026,4,No,Thursday,North,Supermarket,31.1,Credit Card,9,Kapoor Rakhi Bazaar,55.38,27
4739,Premium & Jewelry,Silk Thread,2026,5,yES,Sunday,Central,Supermarket,27.8,UPI,2,Saxena Rakhi Hub 111,132.38,8
4749,Eco-Friendly,Sandalwood (Chandan),2026,2,Yes,Sunday,West,Supermarket,35.7,UPI,9,Gupta Rakhi Corner,69.9,27
895,Eco-Friendly,Silk Thread,2026,4,No,Tuesday,Central,Local Street Vendor,24.3,UPI,8,Khanna Rakhi Hub 120,33.47,30
2654,Eco-Friendly,Silk Thread,2026,7,No,Monday,East,Local Street Vendor,29.7,Cash,1,Mehra Rakhi Hub 128,25.59,6
4951,Premium & Jewelry,Sterling Silver,2026,1,No,Wednesday,Central,Online,30.3,Credit Card,8,Bansal Rakhi Bazaar,719.47,40
3423,Kids & Cartoon,Silk Thread,2026,6,No,Thursday,,Local Street Vendor,27.5,Cash,16,Tandon Rakhi Hub 26,13.84,64
2971,Kids & Cartoon,Silk Thread,2026,5,No,Wednesday,East,Supermarket,34.1,Cash,5,Malhotra Emporium,19.72,18
4185,Eco-Friendly,Sterling Silver,2026,3,No,Thursday,East,Supermarket,28.7,Credit Card,8,Gupta Rakhi Hub 297,171.12,42
4434,Kids & Cartoon,Silk Thread,2026,7,yES,Sunday,North,Online,35.8,Credit Card,4,Saxena Emporium,19.53,11
2023,Premium & Jewelry,Sandalwood (Chandan),2026,7,yES,Sunday,East,Online,31.6,Cash,2,Mehra Rakhi Hub 273,251.9,6
5691,Kids & Cartoon,Silk Thread,2026,1,No,Thursday,North,Local Street Vendor,31.0,Credit Card,2,Mehra Rakhi Hub 183,12.2,9
5770,Eco-Friendly,Silk Thread,2026,6,No,Friday,North,Local Street Vendor,28.5,UPI,4,Bansal Emporium,23.6,18
1006,Kids & Cartoon,Silk Thread,2026,2,nO,Monday,North,Supermarket,28.1,Cash,4,Gupta Rakhi Hub 68,19.93,18
162,Eco-Friendly,Sandalwood (Chandan),2026,7,Yes,Sunday,Central,Online,28.6,Cash,4,Bhatia Rakhi Hub 254,61.41,16
1321,Kids & Cartoon,Silk Thread,2026,2,No,Wednesday,East,Supermarket,30.0,Credit Card,115,Nanda Emporium,15.78,331
5762,Eco-Friendly,Sandalwood (Chandan),2026,1,No,Tuesday,West,Online,32.2,UPI,7,Mehra Rakhi Hub 75,51.15,36
5892,Kids & Cartoon,Silk Thread,2026,4,Yes,Saturday,Central,Online,34.4,Cash,3,Khanna Rakhi Point,16.42,7
2756,Eco-Friendly,Silk Thread,2026,6,No,Tuesday,Central,Supermarket,35.6,Cash,4,Tandon Handicrafts,32.68,17
5159,Kids & Cartoon,Silk Thread,2026,7,Yes,Saturday,Central,Online,28.8,UPI,2,Kapoor Rakhi & Gifts,19.25,4
409,Premium & Jewelry,Sterling Silver,2026,2,No,Wednesday,West,Online,36.4,Credit Card,5,Mehra Traditions,858.19,31
1198,Kids & Cartoon,Silk Thread,2026,5,Yes,Sunday,West,Online,30.7,UPI,6,Jain Rakhi Hub 202,17.77,14
2769,Eco-Friendly,Sandalwood (Chandan),2026,3,Yes,Sunday,West,Local Street Vendor,28.7,UPI,38,Sharma Rakhi Hub 136,65.44,108
4796,Premium & Jewelry,Sterling Silver,2026,1,yES,Saturday,West,Local Street Vendor,33.1,UPI,17,Bansal Rakhi Hub 161,510.78,45
166,Kids & Cartoon,Silk Thread,2026,3,Yes,Sunday,North,Online,32.9,Credit Card,8,Sharma Rakhi Point,17.91,25
1324,Eco-Friendly,Sandalwood (Chandan),2026,3,No,Friday,West,Supermarket,29.3,Cash,8,Saxena Rakhi Hub 222,69.28,32
1057,Eco-Friendly,Sandalwood (Chandan),2026,6,No,Monday,,Local Street Vendor,27.6,Credit Card,3,Aggarwal Festive Mart,47.92,16
4670,Premium & Jewelry,Sterling Silver,2026,1,Yes,Sunday,North,Online,33.3,UPI,4,Sharma Rakhi Hub 141,645.65,16
3800,Premium & Jewelry,Sterling Silver,2026,4,nO,Monday,West,Local Street Vendor,33.1,Cash,1,Goel Rakhi Hub 239,605.17,4
3013,Eco-Friendly,Sandalwood (Chandan),2026,2,nO,Friday,North,Supermarket,28.9,UPI,14,Saxena Handicrafts,275.23,41
1671,Kids & Cartoon,Sandalwood (Chandan),2026,5,No,Thursday,West,Local Street Vendor,29.1,Cash,2,Sharma Rakhi Hub 259,21.27,8
941,Premium & Jewelry,Silk Thread,2026,2,nO,Thursday,East,Supermarket,35.7,Cash,7,Bhatia Rakhi Hub 80,118.12,29
3306,Premium & Jewelry,Sterling Silver,2026,2,No,Thursday,West,Local Street Vendor,26.9,Cash,4,Khanna Rakhi Hub 121,549.71,28
985,Premium & Jewelry,Sterling Silver,2026,5,Yes,Saturday,North,Supermarket,27.9,Cash,11,Chopra Rakhi Hub 216,700.9,26
5492,Kids & Cartoon,Sterling Silver,2026,6,No,Thursday,Central,Local Street Vendor,30.6,Credit Card,7,Malhotra Rakhi Hub 38,96.3,12
2777,Kids & Cartoon,Silk Thread,2026,7,nO,Thursday,North,Local Street Vendor,38.9,Cash,3,Bhatia Rakhi Point,48.3,15
577,Eco-Friendly,Sandalwood (Chandan),2026,1,No,Wednesday,East,Supermarket,30.3,UPI,14,Arora Rakhi Hub 140,78.65,48
3419,Premium & Jewelry,Sterling Silver,2026,4,No,Monday,Central,Local Street Vendor,30.6,Cash,3,Chawla Rakhi Hub 171,561.77,15
1742,Premium & Jewelry,Sterling Silver,2026,7,No,Monday,North,Supermarket,32.7,Cash,1,Sethi Rakhi Hub 175,655.7,6
1670,Eco-Friendly,Sandalwood (Chandan),2026,2,No,Friday,Central,Online,23.0,UPI,9,Aggarwal Rakhi Hub 212,52.78,44
5357,Kids & Cartoon,Silk Thread,2026,7,yES,Saturday,North,Supermarket,35.8,Cash,5,Tandon Rakhi Hub 47,18.68,12
2923,Premium & Jewelry,Sterling Silver,2026,1,No,Wednesday,West,Supermarket,34.5,UPI,12,Nanda Rakhi Hub 232,635.08,46
5047,Premium & Jewelry,Sandalwood (Chandan),2026,4,No,Friday,East,Local Street Vendor,34.0,Cash,1,Verma Rakhi Hub 151,151.87,5
178,Eco-Friendly,Sandalwood (Chandan),2026,1,yES,Sunday,North,Supermarket,35.5,Cash,5,Nanda Gift House,67.65,12
386,Eco-Friendly,Sandalwood (Chandan),2026,1,No,Tuesday,Central,Local Street Vendor,24.9,UPI,5,Aggarwal Rakhi Hub 144,58.82,31
1818,Kids & Cartoon,Silk Thread,2026,3,Yes,Sunday,North,Local Street Vendor,33.8,UPI,8,Verma Rakhi Hub 30,11.66,27
2617,Premium & Jewelry,Sterling Silver,2026,5,No,Tuesday,West,Supermarket,34.6,UPI,5,Goel Gift House,774.59,25
1729,Premium & Jewelry,Sterling Silver,2026,1,No,Wednesday,East,Local Street Vendor,35.0,Credit Card,18,Chopra Traditions,447.51,53
5924,Kids & Cartoon,Silk Thread,2026,1,No,Wednesday,West,Local Street Vendor,32.7,Cash,5,Sharma Rakhi Corner,12.67,18
5547,Eco-Friendly,Sandalwood (Chandan),2026,1,No,Monday,North,Local Street Vendor,32.5,Cash,9,Saxena Rakhi Hub 213,72.15,40
3935,Kids & Cartoon,Silk Thread,2026,4,nO,Friday,West,Online,33.1,Cash,7,Malhotra Rakhi Corner,19.85,24
329,Kids & Cartoon,Silk Thread,2026,2,No,Tuesday,West,Local Street Vendor,28.4,UPI,1,Rastogi Traditions,13.06,8
2555,Premium & Jewelry,Silk Thread,2026,6,Yes,Saturday,West,Local Street Vendor,36.3,Credit Card,1,Khanna Emporium,75.87,5
2125,Kids & Cartoon,Sandalwood (Chandan),2026,2,yES,Saturday,,Supermarket,39.2,Cash,8,Jain Gift House,32.15,27
5783,Kids & Cartoon,Silk Thread,2026,4,No,Tuesday,East,Local Street Vendor,35.2,UPI,4,Jain Gift House,9.86,13
1687,Kids & Cartoon,Silk Thread,2026,6,No,Friday,East,Local Street Vendor,31.3,UPI,2,Chawla Rakhi Corner,15.35,9
1410,Eco-Friendly,Silk Thread,2026,3,No,Monday,,Local Street Vendor,28.4,Cash,3,Mehra Rakhi Hub 128,25.04,16
2893,Kids & Cartoon,Silk Thread,2026,1,No,Monday,West,Online,33.4,Cash,5,Aggarwal Rakhi Corner,20.29,31
35,Kids & Cartoon,Sandalwood (Chandan),2026,1,No,Tuesday,Central,Online,30.9,Cash,9,Chopra Rakhi & Gifts,45.13,32
4418,Premium & Jewelry,Sterling Silver,2026,1,Yes,Sunday,East,Supermarket,32.2,Cash,100,Chawla Traditions,556.75,290
3258,Kids & Cartoon,Sandalwood (Chandan),2026,7,No,Friday,East,Local Street Vendor,31.9,Credit Card,1,Mehra Rakhi Hub 240,21.76,5
5665,Premium & Jewelry,Silk Thread,2026,5,nO,Tuesday,East,Local Street Vendor,33.1,UPI,5,Aggarwal Rakhi & Gifts,109.75,22
4002,Kids & Cartoon,Silk Thread,2026,5,No,Wednesday,Central,Local Street Vendor,26.6,Cash,10,Tandon Handicrafts,12.51,39
3206,Kids & Cartoon,Silk Thread,2026,3,No,Monday,North,Local Street Vendor,30.2,Credit Card,3,Malhotra Rakhi Hub 14,13.94,10
1298,Premium & Jewelry,Sterling Silver,2026,2,No,Friday,East,Local Street Vendor,31.6,Cash,4,Goel Rakhi Point,404.85,13
4533,Kids & Cartoon,Silk Thread,2026,7,No,Monday,West,Supermarket,30.1,Credit Card,3,Chopra Rakhi Hub 166,15.71,10
4519,Eco-Friendly,Sandalwood (Chandan),2026,6,No,Tuesday,East,Supermarket,30.6,Cash,3,Saxena Rakhi Hub 213,58.73,14
5191,Kids & Cartoon,Silk Thread,2026,1,Yes,Sunday,Central,Online,36.4,Credit Card,8,Chawla Rakhi Hub 269,24.21,25
1156,Premium & Jewelry,Silk Thread,2026,7,nO,Monday,North,Supermarket,32.9,Cash,3,Chopra Rakhi Store,95.93,14
1454,Eco-Friendly,Sandalwood (Chandan),2026,7,No,Thursday,East,Local Street Vendor,30.3,Cash,2,Jain Rakhi Hub 119,48.78,8
893,Premium & Jewelry,Sterling Silver,2026,3,Yes,Saturday,East,Supermarket,28.9,UPI,12,Tandon Rakhi Hub 296,606.34,36
182,Eco-Friendly,Sandalwood (Chandan),2026,4,No,Wednesday,Central,Supermarket,33.4,Credit Card,7,Mehra Festive Mart,55.39,27
4297,Kids & Cartoon,Silk Thread,2026,6,Yes,Saturday,East,Local Street Vendor,38.5,UPI,12,Saxena Gift House,16.05,52
4536,Premium & Jewelry,Sterling Silver,2026,6,No,Monday,North,Supermarket,26.7,Cash,3,Khanna Rakhi Store,827.7,15
751,Premium & Jewelry,Sterling Silver,2026,2,#Yes,Sunday,Central,Supermarket,35.1,UPI,8,Verma Handicrafts,707.85,27
1296,Kids & Cartoon,Sandalwood (Chandan),2026,3,nO,Tuesday,Central,Local Street Vendor,24.6,UPI,3,Bhatia Rakhi Point,23.55,12
4961,Premium & Jewelry,Sterling Silver,2026,6,nO,Friday,West,Local Street Vendor,36.7,Cash,6,Goel Rakhi & Gifts,457.63,18
5827,Kids & Cartoon,Silk Thread,2026,3,No,Wednesday,,Supermarket,31.7,Credit Card,12,Khanna Emporium,13.7,14
743,Eco-Friendly,Silk Thread,2026,6,No,Wednesday,West,Online,31.9,Cash,2,Aggarwal Rakhi Bazaar,34.01,8
2209,Premium & Jewelry,Sterling Silver,2026,2,No,Friday,East,Local Street Vendor,32.7,Credit Card,5,Bhatia Handicrafts,416.46,29
1669,Premium & Jewelry,Sterling Silver,2026,7,No,Monday,West,Online,38.0,Cash,3,Gupta Gift House,699.29,19
1184,Premium & Jewelry,Sterling Silver,2026,7,Yes,Sunday,West,Online,33.4,Cash,5,Khanna Rakhi Hub 126,685.05,11
353,Kids & Cartoon,Silk Thread,2026,3,No,Monday,East,Supermarket,29.7,Cash,6,Goel Rakhi Hub 181,16.68,35
3397,Premium & Jewelry,Sterling Silver,2026,4,No,Monday,West,Local Street Vendor,24.5,Cash,2,Nanda Rakhi Hub 89,544.56,11
3124,Kids & Cartoon,Silk Thread,2026,1,#Yes,Sunday,Central,Supermarket,38.4,UPI,3,Verma Rakhi Hub 264,15.38,14
42,Eco-Friendly,Sterling Silver,2026,2,No,Tuesday,East,Supermarket,30.0,Credit Card,11,Mehra Rakhi Hub 75,210.31,61
1149,Kids & Cartoon,Silk Thread,2026,6,Yes,Saturday,West,Supermarket,28.2,Credit Card,4,Chawla Rakhi Hub 250,19.38,10
4367,Kids & Cartoon,Silk Thread,2026,6,#Yes,Sunday,West,Supermarket,31.6,Cash,3,Sharma Traditions,20.15,12
3911,Kids & Cartoon,Silk Thread,2026,3,Yes,Saturday,Central,Local Street Vendor,33.2,UPI,5,Mehra Traditions,13.98,16
3032,Premium & Jewelry,Sandalwood (Chandan),2026,6,No,Thursday,West,Supermarket,29.7,Cash,4,Mehra Rakhi Point,193.5,24
218,Premium & Jewelry,Sterling Silver,2026,3,No,Wednesday,North,Local Street Vendor,34.2,Cash,6,Sharma Rakhi Bazaar,550.6,32
186,Kids & Cartoon,Silk Thread,2026,3,nO,Wednesday,North,Local Street Vendor,34.0,Credit Card,7,Saxena Rakhi Point,10.9,25
3140,Kids & Cartoon,Silk Thread,2026,7,#Yes,Saturday,West,Local Street Vendor,36.3,Cash,7,Khanna Rakhi Corner,11.76,19
5465,Premium & Jewelry,Sandalwood (Chandan),2026,7,Yes,Sunday,Central,Supermarket,31.9,Cash,25,Rastogi Rakhi Hub 178,144.9,124
3568,Kids & Cartoon,Silk Thread,2026,1,Yes,Sunday,West,Local Street Vendor,31.4,Cash,16,Khanna Rakhi Hub 188,12.75,45
3736,Eco-Friendly,Sandalwood (Chandan),2026,6,Yes,Sunday,Central,Supermarket,28.4,UPI,3,Chawla Rakhi Store,62.08,12
4439,Premium & Jewelry,Sandalwood (Chandan),2026,7,Yes,Saturday,West,Local Street Vendor,33.6,Cash,3,Malhotra Rakhi Hub 4,172.08,16
713,Eco-Friendly,Sandalwood (Chandan),2026,4,nO,Monday,West,Supermarket,33.4,Credit Card,5,Tandon Rakhi Bazaar,63.88,20
1415,Premium & Jewelry,Sterling Silver,2026,3,No,Wednesday,West,Online,28.3,UPI,15,Khanna Rakhi Hub 184,880.89,67
2803,Premium & Jewelry,Sterling Silver,2026,2,No,Monday,East,Online,25.4,Credit Card,15,Mehra Festive Mart,1041.87,46
88,Kids & Cartoon,Silk Thread,2026,1,No,Monday,North,Local Street Vendor,33.6,Credit Card,4,Bansal Rakhi Hub 8,14.96,16
5881,Kids & Cartoon,Silk Thread,2026,1,No,Thursday,North,Supermarket,25.7,Cash,8,Tandon Rakhi Hub 103,18.19,28
826,Premium & Jewelry,Sterling Silver,2026,7,No,Wednesday,West,Online,31.7,Cash,2,Saxena Rakhi Hub 227,676.18,12
1811,Premium & Jewelry,Sterling Silver,2026,1,No,Wednesday,East,Local Street Vendor,30.7,Credit Card,8,Nanda Rakhi Hub 195,403.09,40
718,Premium & Jewelry,Sandalwood (Chandan),2026,7,No,Thursday,,Local Street Vendor,29.6,Cash,2,Sethi Rakhi Hub 173,154.54,7
1028,Kids & Cartoon,Silk Thread,2026,5,No,Tuesday,East,Supermarket,30.5,Credit Card,6,Tandon Rakhi Hub 142,18.33,19
2551,Kids & Cartoon,Silk Thread,2026,7,nO,Monday,West,Supermarket,30.0,UPI,3,Gupta Rakhi Hub 291,17.15,15
2113,Premium & Jewelry,Sandalwood (Chandan),2026,6,Yes,Saturday,East,Local Street Vendor,29.9,Cash,2,Sethi Rakhi Hub 242,137.28,9
258,Premium & Jewelry,Sterling Silver,2026,1,#Yes,Saturday,Central,Supermarket,30.0,UPI,7,Bhatia Rakhi Bazaar,766.64,21
516,Premium & Jewelry,Sterling Silver,2026,1,Yes,Saturday,North,Local Street Vendor,37.5,Cash,7,Bansal Rakhi Hub 217,469.92,21
3247,Kids & Cartoon,Silk Thread,2026,2,No,Monday,East,Local Street Vendor,32.8,Cash,8,Verma Rakhi Hub 92,12.3,32
2163,Kids & Cartoon,Silk Thread,2026,3,No,Friday,West,Local Street Vendor,31.8,Credit Card,7,Chopra Rakhi Bazaar,12.88,20
4672,Kids & Cartoon,Silk Thread,2026,1,#Yes,Sunday,East,Local Street Vendor,36.9,UPI,9,Verma Rakhi Hub 73,16.94,30
3783,Eco-Friendly,Sandalwood (Chandan),2026,4,Yes,Sunday,North,Local Street Vendor,32.5,Credit Card,17,Nanda Rakhi Hub 28,48.58,39
707,Eco-Friendly,Silk Thread,2026,6,No,Tuesday,East,Online,30.8,Credit Card,2,Gupta Rakhi Hub 139,43.5,9
2454,Eco-Friendly,Sandalwood (Chandan),2026,5,yES,Sunday,North,Supermarket,40.2,Credit Card,9,Aggarwal Rakhi Hub 144,55.62,24
1657,Premium & Jewelry,Silk Thread,2026,3,nO,Monday,West,Local Street Vendor,27.1,Credit Card,5,Nanda Traditions,76.31,19
4846,Kids & Cartoon,Sandalwood (Chandan),2026,3,No,Thursday,East,Online,33.2,Credit Card,5,Jain Rakhi Hub 177,38.56,24
5868,Eco-Friendly,Sandalwood (Chandan),2026,1,Yes,Saturday,East,Online,31.4,UPI,20,Gupta Rakhi Hub 291,69.82,65
3476,Kids & Cartoon,Sandalwood (Chandan),2026,3,Yes,Sunday,,Local Street Vendor,35.5,Cash,3,Khanna Traditions,21.84,10
544,Eco-Friendly,Sandalwood (Chandan),2026,2,No,Wednesday,Central,Supermarket,29.3,Cash,4,Nanda Rakhi Hub 261,67.45,22
2352,Eco-Friendly,Sandalwood (Chandan),2026,1,No,Tuesday,Central,Online,22.7,Credit Card,9,Malhotra Rakhi Hub 281,69.25,44
2796,Kids & Cartoon,Silk Thread,2026,3,nO,Thursday,West,Online,30.4,Cash,3,Gupta Festive Mart,25.26,12
4696,Kids & Cartoon,Silk Thread,2026,7,Yes,Sunday,West,Online,38.1,UPI,4,Goel Festive Mart,13.48,14
5445,Eco-Friendly,Silk Thread,2026,2,Yes,Saturday,East,Local Street Vendor,34.8,Cash,10,Sethi Rakhi & Gifts,27.54,39
2061,Eco-Friendly,Sandalwood (Chandan),2026,3,nO,Thursday,North,Local Street Vendor,33.7,UPI,4,Goel Rakhi Hub 107,40.19,18
2288,Eco-Friendly,Sandalwood (Chandan),2026,6,No,Wednesday,East,Local Street Vendor,30.0,Credit Card,10,Mehra Rakhi Hub 101,46.71,52
1054,Premium & Jewelry,Sterling Silver,2026,5,No,Friday,Central,Local Street Vendor,33.7,Cash,6,Kapoor Handicrafts,547.29,16
5563,Premium & Jewelry,Sterling Silver,2026,6,nO,Monday,West,Supermarket,29.8,UPI,3,Sharma Rakhi Hub 84,860.64,11
2042,Eco-Friendly,Sandalwood (Chandan),2026,7,No,Monday,West,Supermarket,31.3,Cash,2,Tandon Rakhi Hub 60,80.18,9
382,Eco-Friendly,Sandalwood (Chandan),2026,5,Yes,Sunday,West,Supermarket,39.8,Cash,7,Sethi Rakhi Hub 11,53.99,36
57,Kids & Cartoon,Silk Thread,2026,4,No,Thursday,East,Online,30.4,Cash,6,Saxena Rakhi Hub 49,14.54,24
70,Kids & Cartoon,Silk Thread,2026,3,No,Wednesday,East,Local Street Vendor,35.5,Credit Card,5,Chopra Festive Mart,13.32,18
3208,Premium & Jewelry,Sterling Silver,2026,2,No,Monday,Central,Supermarket,29.9,Credit Card,8,Khanna Rakhi Hub 215,777.53,27
2752,Eco-Friendly,Sandalwood (Chandan),2026,7,Yes,Sunday,East,Supermarket,29.4,Cash,7,Kapoor Rakhi Corner,72.27,19
1430,Kids & Cartoon,Sandalwood (Chandan),2026,2,yES,Sunday,North,Online,33.9,Cash,5,Sharma Rakhi Hub 35,40.7,11
1546,Kids & Cartoon,Silk Thread,2026,5,No,Thursday,West,Supermarket,35.1,Cash,2,Saxena Rakhi Hub 255,18.89,11
1128,Kids & Cartoon,Silk Thread,2026,7,Yes,Sunday,Central,Local Street Vendor,34.0,UPI,1,Jain Rakhi Corner,9.32,5
3321,Premium & Jewelry,Silk Thread,2026,7,No,Thursday,East,Online,36.5,Cash,2,Gupta Rakhi Hub 282,126.57,9
144,Kids & Cartoon,Silk Thread,2026,2,No,Wednesday,Central,Supermarket,32.9,Cash,5,Verma Handicrafts,16.75,15
2488,Eco-Friendly,Silk Thread,2026,2,yES,Sunday,East,Supermarket,36.9,UPI,7,Goel Rakhi Hub 277,38.71,19
3105,Kids & Cartoon,Silk Thread,2026,1,yES,Saturday,West,Local Street Vendor,29.8,UPI,6,Chawla Rakhi Hub 171,13.86,27
3008,Premium & Jewelry,Sterling Silver,2026,2,No,Thursday,Central,Supermarket,47.4,Credit Card,5,Mehra Traditions,715.19,24
446,Eco-Friendly,Silk Thread,2026,5,#Yes,Saturday,East,Supermarket,30.2,Cash,1,Verma Rakhi Bazaar,22.54,6
4573,Premium & Jewelry,Sterling Silver,2026,3,No,Thursday,Central,Online,33.0,UPI,6,Mehra Rakhi & Gifts,3154.42,33
3252,Kids & Cartoon,Silk Thread,2026,5,yES,Saturday,North,Local Street Vendor,29.1,UPI,5,Verma Rakhi Hub 236,11.54,21
4882,Kids & Cartoon,Silk Thread,2026,2,Yes,Sunday,,Local Street Vendor,34.2,Cash,3,Rastogi Rakhi Hub 143,15.29,11
801,Eco-Friendly,Sandalwood (Chandan),2026,5,No,Tuesday,West,Local Street Vendor,32.4,Credit Card,3,Goel Rakhi Hub 105,42.81,11
3559,Kids & Cartoon,Silk Thread,2026,3,#Yes,Saturday,North,Supermarket,30.9,Cash,5,Sethi Rakhi Hub 11,18.41,14
3207,Premium & Jewelry,Sterling Silver,2026,2,No,Tuesday,West,Supermarket,33.7,Cash,19,Khanna Rakhi Hub 293,513.81,56
2924,Kids & Cartoon,Silk Thread,2026,4,nO,Tuesday,East,Supermarket,32.8,Credit Card,6,Chopra Rakhi Hub 190,15.11,28
4389,Eco-Friendly,Silk Thread,2026,4,Yes,Saturday,North,Local Street Vendor,32.8,Cash,4,Verma Rakhi Hub 95,24.13,21
2346,Premium & Jewelry,Sterling Silver,2026,6,#Yes,Saturday,East,Supermarket,36.0,Cash,3,Tandon Handicrafts,816.8,11
4053,Kids & Cartoon,Silk Thread,2026,2,nO,Monday,West,Local Street Vendor,39.4,UPI,4,Verma Festive Mart,12.74,14
3344,Premium & Jewelry,Sterling Silver,2026,7,No,Wednesday,East,Local Street Vendor,28.1,Credit Card,4,Khanna Rakhi Hub 45,428.33,13
20,Kids & Cartoon,Sandalwood (Chandan),2026,4,Yes,Sunday,North,Local Street Vendor,22.5,Cash,5,Mehra Handicrafts,20.22,13
2658,Kids & Cartoon,Silk Thread,2026,1,No,Wednesday,East,Local Street Vendor,35.8,UPI,4,Rastogi Rakhi Hub 189,16.69,21
5334,Premium & Jewelry,Sterling Silver,2026,1,#Yes,Saturday,North,Online,33.1,Cash,8,Sharma Rakhi Bazaar,833.18,19
4001,Eco-Friendly,Sandalwood (Chandan),2026,2,#Yes,Sunday,East,Local Street Vendor,34.9,Cash,7,Malhotra Traditions,59.58,30
1512,Premium & Jewelry,Sterling Silver,2026,6,#Yes,Sunday,East,Supermarket,33.6,Credit Card,8,Chopra Emporium,742.39,21
829,Eco-Friendly,Sandalwood (Chandan),2026,1,No,Monday,East,Supermarket,29.2,Credit Card,6,Malhotra Rakhi Point,70.42,37
187,Kids & Cartoon,Silk Thread,2026,2,yES,Sunday,West,Supermarket,29.2,Cash,8,Verma Traditions,20.92,29
794,Premium & Jewelry,Sterling Silver,2026,2,#Yes,Sunday,West,Supermarket,34.1,UPI,6,Kapoor Rakhi Hub 109,818.74,27
4673,Premium & Jewelry,Sterling Silver,2026,3,No,Monday,Central,Supermarket,28.4,Credit Card,9,Sharma Rakhi Hub 78,643.69,34
5733,Kids & Cartoon,Sandalwood (Chandan),2026,5,No,Wednesday,Central,Supermarket,34.2,Credit Card,8,Nanda Rakhi Hub 279,35.85,27
477,Kids & Cartoon,Silk Thread,2026,7,yES,Saturday,,Local Street Vendor,30.4,Cash,2,Tandon Rakhi Hub 20,14.35,6
5669,Kids & Cartoon,Silk Thread,2026,3,Yes,Sunday,Central,Local Street Vendor,39.3,Cash,6,Gupta Rakhi Hub 297,12.45,20
2505,Premium & Jewelry,Sterling Silver,2026,4,#Yes,Sunday,West,Online,33.1,UPI,10,Rastogi Traditions,683.83,31
2677,Kids & Cartoon,Silk Thread,2026,1,No,Tuesday,Central,Online,32.6,Cash,8,Chawla Rakhi Bazaar,21.25,31
469,Premium & Jewelry,Sandalwood (Chandan),2026,3,#Yes,Saturday,East,Supermarket,31.9,Credit Card,3,Jain Rakhi Hub 177,171.68,9
3068,Premium & Jewelry,Sterling Silver,2026,7,nO,Wednesday,East,Local Street Vendor,31.0,Credit Card,1,Mehra Rakhi Hub 273,447.32,4
309,Premium & Jewelry,Sterling Silver,2026,5,No,Monday,East,Supermarket,29.1,UPI,4,Mehra Rakhi Store,665.57,16
5416,Kids & Cartoon,Silk Thread,2026,3,No,Wednesday,North,Supermarket,33.7,Cash,10,Tandon Gift House,17.05,37
2926,Kids & Cartoon,Silk Thread,2026,4,No,Wednesday,North,Online,26.8,Cash,10,Sethi Rakhi Hub 11,23.26,40
1651,Premium & Jewelry,Sandalwood (Chandan),2026,7,yES,Saturday,East,Online,31.0,Cash,7,Mehra Rakhi Hub 256,189.03,37
4086,Eco-Friendly,Sandalwood (Chandan),2026,6,yES,Sunday,East,Local Street Vendor,20.6,Cash,4,Sharma Rakhi Store,45.89,13
5326,Premium & Jewelry,Sterling Silver,2026,6,nO,Monday,West,Local Street Vendor,33.2,Cash,25,Mehra Rakhi Hub 75,409.91,94
5429,Eco-Friendly,Silk Thread,2026,2,No,Friday,East,Local Street Vendor,34.6,Cash,4,Saxena Rakhi Hub 83,26.36,29
1967,Eco-Friendly,Sandalwood (Chandan),2026,7,No,Thursday,West,Local Street Vendor,32.5,Cash,4,Tandon Rakhi Hub 292,42.82,11
5846,Eco-Friendly,Sandalwood (Chandan),2026,3,nO,Friday,Central,Local Street Vendor,30.5,Cash,6,Gupta Rakhi Hub 291,43.83,28
5775,Premium & Jewelry,Sterling Silver,2026,2,No,Tuesday,Central,Local Street Vendor,25.6,Credit Card,9,Nanda Rakhi Hub 129,532.78,30
5233,Kids & Cartoon,Silk Thread,2026,3,No,Thursday,West,Supermarket,33.8,Cash,8,Gupta Rakhi Hub 176,16.48,28
3891,Premium & Jewelry,Sterling Silver,2026,3,Yes,Saturday,West,Local Street Vendor,33.0,UPI,8,Arora Rakhi Hub 235,467.36,21
4627,Eco-Friendly,Silk Thread,2026,2,nO,Tuesday,North,Local Street Vendor,29.0,Cash,6,Saxena Rakhi Hub 262,25.66,26
81,Kids & Cartoon,Silk Thread,2026,3,No,Friday,East,Supermarket,32.3,Cash,8,Chawla Rakhi Bazaar,16.44,25
2133,Eco-Friendly,Sandalwood (Chandan),2026,1,No,Wednesday,Central,Local Street Vendor,,Cash,9,Chopra Rakhi Bazaar,62.0,53
642,Eco-Friendly,Sandalwood (Chandan),2026,4,No,Tuesday,East,Local Street Vendor,33.1,UPI,8,Malhotra Rakhi Hub 4,67.94,28
2895,Eco-Friendly,Sandalwood (Chandan),2026,7,Yes,Sunday,East,Local Street Vendor,32.4,Cash,2,Kapoor Rakhi Hub 257,45.25,10
2437,Kids & Cartoon,Silk Thread,2026,3,No,Wednesday,Central,Supermarket,32.0,Cash,8,Rastogi Rakhi & Gifts,15.35,35
3890,Premium & Jewelry,Sandalwood (Chandan),2026,1,No,Friday,East,Local Street Vendor,25.5,Credit Card,3,Saxena Rakhi Hub 111,154.11,8
3667,Premium & Jewelry,Sandalwood (Chandan),2026,6,Yes,Saturday,West,Local Street Vendor,23.6,Cash,3,Mehra Rakhi Hub 25,134.13,12
1510,Eco-Friendly,Sandalwood (Chandan),2026,7,yES,Sunday,Central,Supermarket,34.4,Cash,3,Gupta Rakhi Point,55.91,9
1548,Eco-Friendly,Silk Thread,2026,1,No,Monday,East,Supermarket,31.0,UPI,9,Goel Rakhi Hub 54,33.29,28
1169,Eco-Friendly,Sandalwood (Chandan),2026,3,#Yes,Sunday,Central,Supermarket,29.3,Credit Card,6,Goel Rakhi Corner,54.16,19
4199,Premium & Jewelry,Sterling Silver,2026,4,No,Tuesday,West,Supermarket,33.5,UPI,4,Bhatia Rakhi Store,681.76,19
1406,Premium & Jewelry,Sterling Silver,2026,5,yES,Saturday,Central,Supermarket,34.2,UPI,9,Malhotra Rakhi Point,723.05,24
4732,Eco-Friendly,Sterling Silver,2026,6,yES,Saturday,Central,Supermarket,33.5,UPI,2,Bansal Rakhi Bazaar,270.61,7
2222,Kids & Cartoon,Silk Thread,2026,3,#Yes,Saturday,West,Supermarket,34.1,Cash,10,Bansal Rakhi Hub 260,16.93,35
2974,Eco-Friendly,Silk Thread,2026,3,nO,Thursday,East,Supermarket,29.6,UPI,18,Aggarwal Rakhi Corner,32.35,53
1185,Premium & Jewelry,Sterling Silver,2026,3,#Yes,Sunday,East,Local Street Vendor,31.6,Cash,13,Khanna Emporium,496.23,32
4928,Kids & Cartoon,Sandalwood (Chandan),2026,2,No,Friday,West,Supermarket,33.3,Cash,5,Arora Rakhi Store,33.86,16
1385,Eco-Friendly,Silk Thread,2026,2,No,Friday,East,Local Street Vendor,35.2,Credit Card,10,Nanda Rakhi Corner,32.99,33
5153,Kids & Cartoon,Silk Thread,2026,3,No,Friday,North,Online,32.3,Cash,9,Khanna Festive Mart,24.4,34
119,Kids & Cartoon,Silk Thread,2026,4,No,Wednesday,North,Local Street Vendor,34.8,Credit Card,3,Arora Rakhi Hub 218,14.45,12
3146,Kids & Cartoon,Silk Thread,2026,7,Yes,Saturday,Central,Local Street Vendor,38.7,Credit Card,3,Khanna Rakhi Hub 271,14.79,16
3026,Premium & Jewelry,Sterling Silver,2026,6,nO,Friday,North,Supermarket,31.6,Cash,1,Saxena Rakhi Store,725.61,7
4669,Eco-Friendly,Silk Thread,2026,6,No,Tuesday,East,Local Street Vendor,33.0,Credit Card,4,Bansal Emporium,25.92,16
5934,Premium & Jewelry,Sterling Silver,2026,6,nO,Wednesday,Central,Local Street Vendor,33.0,Cash,2,Bansal Rakhi Hub 91,446.17,12
4621,Premium & Jewelry,Sterling Silver,2026,5,No,Friday,West,Supermarket,41.8,Cash,2,Saxena Rakhi & Gifts,640.5,8
4111,Kids & Cartoon,Silk Thread,2026,2,yES,Sunday,East,Local Street Vendor,27.6,Credit Card,8,Sethi Rakhi Hub 22,15.98,33
4936,Premium & Jewelry,Sterling Silver,2026,2,No,Friday,West,Local Street Vendor,34.1,UPI,9,Rastogi Festive Mart,393.5,31
4268,Eco-Friendly,Silk Thread,2026,4,nO,Thursday,North,Online,32.7,Cash,8,Mehra Rakhi Corner,39.46,23
4527,Eco-Friendly,Sandalwood (Chandan),2026,6,#Yes,Saturday,Central,Online,30.9,Cash,3,Saxena Rakhi Hub 193,49.51,11
3785,Kids & Cartoon,Silk Thread,2026,3,Yes,Saturday,Central,Local Street Vendor,36.2,Cash,3,Jain Rakhi Hub 177,15.36,16
792,Kids & Cartoon,Silk Thread,2026,3,No,Wednesday,Central,Supermarket,33.9,Credit Card,11,Kapoor Rakhi Store,21.19,49
2746,Eco-Friendly,Sandalwood (Chandan),2026,1,No,Tuesday,North,Local Street Vendor,29.8,UPI,7,Sethi Rakhi Hub 175,54.76,20
1730,Kids & Cartoon,Silk Thread,2026,5,No,Friday,North,Local Street Vendor,30.7,Cash,5,Kapoor Rakhi Corner,22.58,14
2665,Kids & Cartoon,Silk Thread,2026,3,Yes,Saturday,West,Online,31.3,Cash,3,Tandon Traditions,14.94,8
2099,Premium & Jewelry,Sterling Silver,2026,3,nO,Wednesday,East,Local Street Vendor,26.8,Cash,13,Malhotra Festive Mart,458.56,42
2885,Kids & Cartoon,Silk Thread,2026,2,No,Thursday,East,Online,32.1,Cash,25,Verma Festive Mart,19.43,31
2992,Eco-Friendly,Silk Thread,2026,4,Yes,Sunday,North,Local Street Vendor,33.9,Cash,4,Gupta Rakhi Point,29.69,11
4494,Premium & Jewelry,Sterling Silver,2026,5,Yes,Saturday,Central,Supermarket,26.6,Cash,4,Kapoor Gift House,579.46,20
939,Eco-Friendly,Silk Thread,2026,6,No,Thursday,East,Local Street Vendor,31.0,Credit Card,5,Verma Gift House,25.02,16
2573,Eco-Friendly,Sandalwood (Chandan),2026,2,No,Friday,West,Supermarket,32.3,Cash,13,Saxena Rakhi Hub 41,65.92,41
1888,Premium & Jewelry,Sterling Silver,2026,6,No,Tuesday,West,Online,29.0,Cash,3,Mehra Rakhi Hub 209,533.21,10
1058,Premium & Jewelry,Sterling Silver,2026,5,No,Monday,West,Local Street Vendor,33.8,UPI,3,Verma Traditions,548.26,16
3806,Premium & Jewelry,Sandalwood (Chandan),2026,5,No,Wednesday,West,Local Street Vendor,36.9,Cash,18,Bhatia Rakhi Hub 290,162.16,18
5834,Kids & Cartoon,Silk Thread,2026,6,No,Monday,West,Supermarket,32.9,Cash,2,Tandon Rakhi Hub 62,16.75,7
5635,Premium & Jewelry,Sterling Silver,2026,1,Yes,Saturday,North,Online,34.2,UPI,8,Bhatia Rakhi Bazaar,825.46,23
2812,Eco-Friendly,Sandalwood (Chandan),2026,4,No,Wednesday,Central,Supermarket,35.0,Cash,17,Verma Rakhi Hub 95,67.32,22
5206,Premium & Jewelry,Sterling Silver,2026,4,No,Tuesday,North,Local Street Vendor,35.7,Cash,3,Bansal Handicrafts,474.34,12
5872,Premium & Jewelry,Sterling Silver,2026,1,Yes,Sunday,Central,Supermarket,32.1,Cash,15,Sharma Rakhi Hub 172,558.8,36
3313,Kids & Cartoon,Silk Thread,2026,5,No,Friday,North,Supermarket,33.6,Cash,6,Jain Rakhi Hub 154,14.47,19
2472,Eco-Friendly,Sandalwood (Chandan),2026,2,Yes,Saturday,West,Local Street Vendor,33.1,Cash,3,Sethi Rakhi Hub 286,47.3,8
5081,Premium & Jewelry,Sterling Silver,2026,6,No,Friday,East,Local Street Vendor,28.8,Credit Card,6,Khanna Rakhi Hub 146,645.52,19
4005,Kids & Cartoon,Silk Thread,2026,3,No,Tuesday,West,Supermarket,30.3,UPI,9,Saxena Rakhi Hub 23,19.83,37
3986,Premium & Jewelry,Sandalwood (Chandan),2026,4,No,Friday,West,Online,36.5,Credit Card,3,Sharma Rakhi Hub 35,238.45,15
5327,Kids & Cartoon,Silk Thread,2026,2,Yes,Sunday,East,Local Street Vendor,27.3,Cash,2,Sethi Rakhi Hub 40,13.75,10
5017,Kids & Cartoon,Silk Thread,2026,5,No,Monday,East,Online,35.5,Cash,9,Nanda Rakhi Hub 79,21.55,36
3664,Kids & Cartoon,Silk Thread,2026,1,No,Friday,Central,Local Street Vendor,32.2,Cash,2,Saxena Rakhi Hub 262,12.46,8
774,Eco-Friendly,Sandalwood (Chandan),2026,2,Yes,Saturday,East,Online,33.5,UPI,33,Gupta Festive Mart,71.63,116
159,Eco-Friendly,Sterling Silver,2026,4,nO,Wednesday,North,Local Street Vendor,32.3,Credit Card,8,Bhatia Rakhi Hub 3,148.88,26
5337,Kids & Cartoon,Silk Thread,2026,7,No,Monday,East,Local Street Vendor,37.0,Credit Card,2,Mehra Gift House,13.64,5
4945,Kids & Cartoon,Sandalwood (Chandan),2026,4,Yes,Saturday,North,Supermarket,33.5,Credit Card,7,Chopra Rakhi Hub 145,31.38,28
3902,Eco-Friendly,Silk Thread,2026,7,Yes,Sunday,North,Local Street Vendor,34.2,Cash,4,Saxena Handicrafts,21.33,14
51,Premium & Jewelry,Sterling Silver,2026,4,No,Wednesday,North,Online,31.3,Cash,3,Malhotra Rakhi Corner,792.11,15
5500,Premium & Jewelry,Sterling Silver,2026,7,Yes,Sunday,North,Supermarket,30.6,Credit Card,3,Goel Rakhi Point,606.82,15
734,Kids & Cartoon,Silk Thread,2026,7,No,Thursday,Central,Online,27.5,Cash,3,Khanna Rakhi Hub 164,26.73,10
246,Eco-Friendly,Silk Thread,2026,2,No,Friday,,Online,35.3,Credit Card,16,Gupta Rakhi Hub 249,48.91,72
5851,Eco-Friendly,Silk Thread,2026,1,No,Tuesday,Central,Local Street Vendor,32.6,Credit Card,6,Arora Traditions,25.91,30
180,Eco-Friendly,Sandalwood (Chandan),2026,5,yES,Sunday,North,Local Street Vendor,31.0,Credit Card,3,Rastogi Rakhi Hub 71,49.29,16
902,Premium & Jewelry,Sterling Silver,2026,2,Yes,Sunday,Central,Online,37.6,Credit Card,22,Mehra Rakhi Hub 88,740.01,76
18,Premium & Jewelry,Sandalwood (Chandan),2026,6,No,Tuesday,East,Online,33.4,UPI,3,Sethi Gift House,257.23,15
2183,Eco-Friendly,Sandalwood (Chandan),2026,4,No,Tuesday,Central,Online,33.0,Cash,6,Gupta Rakhi Hub 282,56.95,21
5931,Eco-Friendly,Sandalwood (Chandan),2026,1,No,Monday,West,Local Street Vendor,33.4,Cash,10,Goel Emporium,35.33,42
3928,Eco-Friendly,Sterling Silver,2026,4,No,Tuesday,West,Local Street Vendor,24.7,Cash,5,Bhatia Rakhi Hub 2,164.26,14
2897,Eco-Friendly,Silk Thread,2026,2,No,Wednesday,East,Local Street Vendor,29.6,UPI,5,Malhotra Rakhi Hub 281,22.35,17
5758,Kids & Cartoon,Silk Thread,2026,1,No,Wednesday,East,Supermarket,,Cash,12,Saxena Rakhi Hub 83,20.41,40
4271,Eco-Friendly,Sandalwood (Chandan),2026,5,#Yes,Sunday,East,Local Street Vendor,30.3,Cash,3,Nanda Rakhi Bazaar,49.06,8
3390,Premium & Jewelry,Sterling Silver,2026,2,No,Friday,,Local Street Vendor,35.4,Credit Card,5,Bansal Rakhi Hub 8,589.25,27
4609,Premium & Jewelry,Sandalwood (Chandan),2026,3,#Yes,Sunday,West,Online,34.2,Credit Card,4,Chawla Rakhi Hub 94,227.61,14
2940,Premium & Jewelry,Sandalwood (Chandan),2026,2,No,Tuesday,East,Online,27.9,Cash,4,Chawla Rakhi Hub 283,326.33,25
4337,Premium & Jewelry,Sterling Silver,2026,2,No,Friday,West,Local Street Vendor,32.1,UPI,6,Verma Rakhi Bazaar,420.81,22
3659,Eco-Friendly,Sandalwood (Chandan),2026,1,No,Friday,West,Local Street Vendor,15.2,UPI,7,Chawla Rakhi Hub 125,47.18,23
1374,Eco-Friendly,Sandalwood (Chandan),2026,6,No,Tuesday,Central,Online,27.6,Cash,7,Aggarwal Rakhi Hub 263,71.56,34
1088,Eco-Friendly,Silk Thread,2026,4,Yes,Sunday,North,Online,24.3,Credit Card,3,Khanna Rakhi Store,36.17,12
322,Kids & Cartoon,Silk Thread,2026,1,No,Friday,West,Supermarket,33.7,Cash,13,Tandon Festive Mart,15.67,55
2128,Kids & Cartoon,Silk Thread,2026,7,nO,Tuesday,Central,Local Street Vendor,41.7,Cash,5,Khanna Rakhi Hub 45,15.59,7
4661,Kids & Cartoon,Silk Thread,2026,4,No,Monday,East,Supermarket,29.6,UPI,6,Aggarwal Rakhi Hub 162,15.13,20
1488,Kids & Cartoon,Sterling Silver,2026,5,No,Thursday,Central,Local Street Vendor,32.0,Cash,3,Tandon Rakhi Hub 20,71.7,13
4369,Premium & Jewelry,Sterling Silver,2026,2,No,Wednesday,East,Online,37.6,UPI,36,Nanda Rakhi Hub 229,509.72,29
4872,Premium & Jewelry,Sterling Silver,2026,6,No,Thursday,North,Supermarket,29.3,UPI,5,Malhotra Rakhi Hub 38,696.62,15
5096,Kids & Cartoon,Silk Thread,2026,1,Yes,Sunday,East,Local Street Vendor,29.7,Credit Card,17,Bansal Rakhi Hub 214,18.38,41
2815,Premium & Jewelry,Sandalwood (Chandan),2026,3,No,Monday,East,Supermarket,25.6,Cash,13,Sethi Rakhi Hub 10,226.84,13
966,Kids & Cartoon,Silk Thread,2026,1,No,Wednesday,East,Online,27.7,Credit Card,8,Tandon Rakhi Hub 163,20.35,24
274,Kids & Cartoon,Sterling Silver,2026,4,No,Wednesday,East,Local Street Vendor,30.7,Credit Card,2,Saxena Rakhi Hub 192,71.11,8
4613,Kids & Cartoon,Silk Thread,2026,6,No,Wednesday,North,Online,34.6,Cash,3,Sharma Rakhi Hub 35,19.5,10
3006,Eco-Friendly,Sandalwood (Chandan),2026,4,No,Tuesday,East,Online,30.2,UPI,8,Mehra Rakhi Hub 275,88.44,28
5226,Kids & Cartoon,Silk Thread,2026,3,No,Thursday,North,Local Street Vendor,31.7,Cash,2,Kapoor Rakhi Hub 287,76.93,11
1666,Eco-Friendly,Sandalwood (Chandan),2026,1,#Yes,Saturday,East,Online,33.2,UPI,10,Rastogi Rakhi Hub 224,104.28,38
4520,Premium & Jewelry,Sandalwood (Chandan),2026,6,No,Tuesday,East,Supermarket,28.9,Credit Card,17,Khanna Rakhi Hub 184,200.73,97
1794,Kids & Cartoon,Silk Thread,2026,2,nO,Wednesday,Central,Supermarket,29.8,UPI,6,Arora Rakhi Hub 115,17.42,27
5039,Eco-Friendly,Sandalwood (Chandan),2026,3,Yes,Sunday,West,Online,32.7,Cash,5,Arora Rakhi Hub 140,71.45,14
5474,Premium & Jewelry,Sterling Silver,2026,6,No,Monday,,Supermarket,37.3,Credit Card,4,Bansal Emporium,642.67,12
4032,Kids & Cartoon,Silk Thread,2026,3,nO,Friday,West,Supermarket,26.9,Cash,4,Sethi Rakhi Hub 173,22.23,18
4317,Eco-Friendly,Sandalwood (Chandan),2026,3,nO,Wednesday,West,Local Street Vendor,34.6,Cash,2,Sethi Rakhi Hub 174,57.3,14
5645,Kids & Cartoon,Silk Thread,2026,4,No,Friday,North,Local Street Vendor,27.5,Credit Card,21,Bansal Rakhi Hub 268,14.71,87
3395,Eco-Friendly,Sandalwood (Chandan),2026,5,No,Wednesday,Central,Online,38.7,Cash,2,Khanna Rakhi Hub 132,88.14,14
5650,Premium & Jewelry,Sandalwood (Chandan),2026,4,Yes,Saturday,West,Local Street Vendor,26.9,Cash,10,Gupta Rakhi Hub 187,158.46,26
2182,Eco-Friendly,Sandalwood (Chandan),2026,3,Yes,Sunday,East,Online,30.8,Cash,18,Mehra Gift House,65.39,41
5787,Eco-Friendly,Sandalwood (Chandan),2026,3,Yes,Saturday,Central,Local Street Vendor,34.7,Cash,2,Jain Rakhi Hub 150,39.06,9
5430,Kids & Cartoon,Silk Thread,2026,5,Yes,Saturday,East,Supermarket,31.9,UPI,10,Chawla Rakhi Hub 265,18.22,26
4797,Premium & Jewelry,Sterling Silver,2026,6,No,Monday,Central,Supermarket,31.2,Credit Card,3,Gupta Rakhi Hub 176,755.29,13
4450,Premium & Jewelry,Sterling Silver,2026,3,No,Wednesday,West,Supermarket,27.9,UPI,5,Rastogi Festive Mart,491.22,19
5822,Eco-Friendly,Sandalwood (Chandan),2026,2,Yes,Saturday,West,Local Street Vendor,,Cash,40,Malhotra Rakhi Bazaar,42.6,141
5401,Kids & Cartoon,Silk Thread,2026,5,yES,Sunday,North,Online,31.4,Cash,6,Malhotra Rakhi Hub 4,20.52,22
2523,Kids & Cartoon,Sandalwood (Chandan),2026,5,nO,Friday,West,Online,31.6,Cash,2,Goel Rakhi Hub 267,35.71,11
5254,Eco-Friendly,Silk Thread,2026,6,Yes,Sunday,North,Local Street Vendor,32.4,Cash,2,Sethi Rakhi Store,20.95,8
5138,Premium & Jewelry,Sandalwood (Chandan),2026,2,Yes,Sunday,West,Supermarket,27.8,Cash,15,Malhotra Festive Mart,246.26,75
4025,Eco-Friendly,Silk Thread,2026,5,No,Monday,East,Online,38.6,Cash,8,Rastogi Handicrafts,31.22,38
1173,Premium & Jewelry,Silk Thread,2026,3,No,Friday,West,Local Street Vendor,30.2,UPI,7,Sharma Emporium,100.9,30
1983,Eco-Friendly,Sandalwood (Chandan),2026,5,yES,Saturday,Central,Online,29.6,UPI,10,Malhotra Handicrafts,76.15,32
3459,Premium & Jewelry,Sterling Silver,2026,1,No,Friday,North,Local Street Vendor,35.3,Cash,2,Verma Rakhi Bazaar,471.64,15
3603,Kids & Cartoon,Silk Thread,2026,6,Yes,Saturday,East,Local Street Vendor,28.5,Credit Card,7,Kapoor Rakhi Hub 287,10.23,35
2938,Premium & Jewelry,Sterling Silver,2026,2,No,Monday,North,Online,38.3,Cash,9,Saxena Handicrafts,747.57,54
436,Premium & Jewelry,Sterling Silver,2026,3,No,Wednesday,West,Supermarket,33.0,Credit Card,10,Gupta Rakhi Hub 299,609.91,58
3514,Eco-Friendly,Sandalwood (Chandan),2026,7,yES,Saturday,North,Supermarket,35.4,Credit Card,15,Khanna Rakhi Store,77.52,42
1490,Kids & Cartoon,Sterling Silver,2026,6,nO,Wednesday,East,Supermarket,35.4,Cash,5,Mehra Rakhi Bazaar,113.46,16
3471,Kids & Cartoon,Silk Thread,2026,1,No,Thursday,East,Supermarket,34.6,Cash,18,Aggarwal Rakhi Hub 162,15.23,88
4929,Eco-Friendly,Sandalwood (Chandan),2026,1,No,Thursday,North,Supermarket,35.7,Cash,4,Kapoor Handicrafts,51.19,17
5663,Kids & Cartoon,Silk Thread,2026,6,nO,Thursday,West,Online,32.9,Credit Card,2,Gupta Rakhi Hub 152,15.37,8
1558,Kids & Cartoon,Silk Thread,2026,4,No,Thursday,,Online,39.3,Credit Card,5,Goel Rakhi Hub 100,17.52,18
995,Eco-Friendly,Sandalwood (Chandan),2026,3,nO,Wednesday,East,Supermarket,33.9,UPI,5,Gupta Rakhi Hub 165,50.47,18
859,Kids & Cartoon,Silk Thread,2026,5,No,Friday,West,Local Street Vendor,31.5,UPI,1,Tandon Gift House,10.98,7
2759,Kids & Cartoon,Silk Thread,2026,4,Yes,Sunday,North,Local Street Vendor,33.5,Cash,4,Chawla Rakhi Hub 171,14.14,21
1534,Eco-Friendly,Sterling Silver,2026,1,No,Monday,Central,Online,33.3,Credit Card,20,Mehra Rakhi Corner,233.54,69
4018,Kids & Cartoon,Silk Thread,2026,7,Yes,Sunday,Central,Local Street Vendor,34.0,Cash,2,Aggarwal Rakhi Hub 144,12.13,7
3348,Kids & Cartoon,Silk Thread,2026,2,nO,Thursday,East,Online,31.9,Credit Card,6,Chopra Festive Mart,17.26,34
3232,Premium & Jewelry,Silk Thread,2026,1,Yes,Sunday,Central,Supermarket,31.7,Cash,100,Nanda Rakhi Hub 28,116.41,332
5104,Kids & Cartoon,Silk Thread,2026,1,No,Wednesday,North,Supermarket,36.3,UPI,20,Chawla Rakhi Hub 186,15.34,91
2872,Kids & Cartoon,Silk Thread,2026,4,No,Wednesday,Central,Online,,Cash,19,Tandon Rakhi Hub 168,18.7,61
5495,Eco-Friendly,Sandalwood (Chandan),2026,3,#Yes,Sunday,Central,Supermarket,33.5,UPI,14,Aggarwal Rakhi Hub 263,54.72,38
401,Kids & Cartoon,Silk Thread,2026,4,Yes,Saturday,Central,Supermarket,31.7,Cash,18,Mehra Rakhi Hub 110,21.51,50
3438,Kids & Cartoon,Silk Thread,2026,5,No,Thursday,North,Online,30.2,UPI,4,Sharma Rakhi Hub 56,23.07,11
487,Kids & Cartoon,Silk Thread,2026,6,yES,Saturday,West,Local Street Vendor,31.6,Cash,6,Mehra Rakhi Hub 101,11.71,14
3096,Premium & Jewelry,Sterling Silver,2026,3,#Yes,Sunday,East,Online,29.4,Cash,10,Gupta Gift House,826.97,27
200,Kids & Cartoon,Sandalwood (Chandan),2026,5,No,Friday,West,Local Street Vendor,30.3,Credit Card,3,Tandon Traditions,22.74,18
4549,Eco-Friendly,Sandalwood (Chandan),2026,2,No,Thursday,North,Supermarket,30.8,Credit Card,5,Gupta Rakhi Hub 165,69.97,29
2058,Kids & Cartoon,Silk Thread,2026,2,No,Thursday,East,Local Street Vendor,30.8,Cash,5,Verma Rakhi Hub 92,10.72,32
5636,Kids & Cartoon,Silk Thread,2026,7,No,Monday,West,Online,33.8,UPI,3,Gupta Emporium,18.19,9
1683,Eco-Friendly,Sandalwood (Chandan),2026,1,No,Wednesday,Central,Supermarket,29.8,Cash,8,Goel Rakhi Hub 239,80.41,40
2459,Premium & Jewelry,Sterling Silver,2026,1,No,Tuesday,West,Online,26.5,UPI,6,Arora Rakhi Hub 235,660.54,25
983,Eco-Friendly,Silk Thread,2026,7,No,Thursday,North,Online,31.6,Cash,8,Aggarwal Rakhi Hub 157,41.58,12
984,Kids & Cartoon,Silk Thread,2026,2,yES,Saturday,North,Supermarket,37.2,Cash,17,Bansal Rakhi Hub 198,16.86,48
3435,Premium & Jewelry,Silk Thread,2026,7,No,Wednesday,West,Online,29.0,Cash,7,Sharma Traditions,100.51,24
814,Kids & Cartoon,Silk Thread,2026,4,No,Thursday,East,Supermarket,31.4,Cash,7,Arora Rakhi Hub 220,21.07,32
2593,Kids & Cartoon,Silk Thread,2026,6,Yes,Sunday,North,Local Street Vendor,33.0,Credit Card,1,Aggarwal Rakhi Hub 74,12.5,3
5472,Premium & Jewelry,Sterling Silver,2026,2,No,Friday,North,Online,33.6,UPI,6,Sharma Rakhi Point,778.72,26
5163,Premium & Jewelry,Sterling Silver,2026,3,No,Monday,West,Local Street Vendor,42.4,UPI,4,Kapoor Rakhi Hub 199,427.66,26
4356,Kids & Cartoon,Silk Thread,2026,6,#Yes,Sunday,West,Local Street Vendor,39.6,Cash,4,Gupta Rakhi Hub 7,11.58,12
5082,Kids & Cartoon,Silk Thread,2026,6,nO,Friday,East,Local Street Vendor,38.2,Credit Card,2,Saxena Rakhi Hub 138,9.86,9
3499,Kids & Cartoon,Sandalwood (Chandan),2026,5,No,Wednesday,East,Supermarket,33.2,Credit Card,3,Kapoor Rakhi Bazaar,27.98,13
4934,Premium & Jewelry,Sterling Silver,2026,1,Yes,Sunday,East,Supermarket,23.8,Credit Card,10,Sethi Rakhi Hub 286,586.49,29
2227,Eco-Friendly,Sandalwood (Chandan),2026,7,No,Tuesday,East,Local Street Vendor,27.5,Cash,2,Rastogi Rakhi Hub 251,60.86,10
4081,Kids & Cartoon,Silk Thread,2026,1,No,Wednesday,West,Local Street Vendor,39.9,Credit Card,16,Aggarwal Rakhi Bazaar,10.59,80
4978,Premium & Jewelry,Sterling Silver,2026,3,Yes,Saturday,Central,Local Street Vendor,35.1,Cash,6,Khanna Festive Mart,549.76,17
1502,Eco-Friendly,Sandalwood (Chandan),2026,7,Yes,Sunday,North,Supermarket,32.2,Credit Card,3,Khanna Festive Mart,61.47,9
712,Kids & Cartoon,Silk Thread,2026,3,No,Wednesday,North,Online,28.5,Cash,16,Sethi Rakhi Hub 113,20.11,45
355,Kids & Cartoon,Silk Thread,2026,1,Yes,Saturday,Central,Local Street Vendor,30.5,Cash,14,Gupta Rakhi Bazaar,14.28,35
2797,Kids & Cartoon,Silk Thread,2026,1,No,Wednesday,North,Supermarket,37.4,Credit Card,9,Goel Rakhi Point,13.49,33
4060,Eco-Friendly,Sandalwood (Chandan),2026,6,Yes,Saturday,West,Local Street Vendor,37.0,UPI,3,Khanna Rakhi Hub 45,42.4,13
49,Kids & Cartoon,Silk Thread,2026,5,nO,Thursday,Central,Local Street Vendor,33.4,UPI,4,Arora Rakhi Hub 140,14.9,13
3033,Premium & Jewelry,Sterling Silver,2026,3,yES,Saturday,North,Local Street Vendor,37.9,Cash,6,Saxena Rakhi & Gifts,593.47,24
643,Premium & Jewelry,Sterling Silver,2026,3,Yes,Sunday,West,Online,28.6,Cash,16,Mehra Rakhi Hub 101,596.29,49
4127,Kids & Cartoon,Sterling Silver,2026,4,Yes,Saturday,West,Local Street Vendor,29.6,Cash,8,Rastogi Rakhi Hub 251,75.62,19
2049,Premium & Jewelry,Sterling Silver,2026,4,nO,Friday,North,Supermarket,30.9,Credit Card,7,Arora Rakhi Hub 219,630.39,25
177,Kids & Cartoon,Silk Thread,2026,1,Yes,Sunday,East,Online,31.8,Cash,6,Malhotra Rakhi Corner,21.15,30
1872,Kids & Cartoon,Silk Thread,2026,2,No,Tuesday,Central,Local Street Vendor,28.7,Cash,4,Aggarwal Rakhi Point,13.49,14
2317,Premium & Jewelry,Sandalwood (Chandan),2026,4,No,Tuesday,West,Local Street Vendor,36.8,Cash,8,Nanda Rakhi Hub 28,141.57,22
787,Eco-Friendly,Sandalwood (Chandan),2026,2,No,Wednesday,West,Online,35.1,Cash,14,Bansal Rakhi Hub 237,82.7,43
4794,Eco-Friendly,Sandalwood (Chandan),2026,5,Yes,Sunday,North,Supermarket,32.9,UPI,7,Malhotra Gift House,58.62,24
3255,Premium & Jewelry,Sandalwood (Chandan),2026,5,No,Friday,East,Supermarket,29.1,Cash,3,Bhatia Rakhi Hub 80,245.56,18
2422,Premium & Jewelry,Sandalwood (Chandan),2026,6,No,Friday,Central,Supermarket,31.9,Cash,3,Jain Rakhi Hub 289,193.48,11
1804,Kids & Cartoon,Silk Thread,2026,6,nO,Monday,North,Supermarket,37.2,Cash,5,Sethi Rakhi Corner,21.42,22
4197,Premium & Jewelry,Sterling Silver,2026,6,Yes,Saturday,North,Online,30.1,Credit Card,4,Gupta Handicrafts,769.12,17
4217,Kids & Cartoon,Silk Thread,2026,2,No,Wednesday,North,Supermarket,40.9,Credit Card,9,Verma Rakhi Corner,16.05,35
933,Kids & Cartoon,Silk Thread,2026,3,yES,Sunday,East,Local Street Vendor,33.0,Cash,5,Goel Rakhi Hub 208,15.89,12
92,Kids & Cartoon,Silk Thread,2026,5,No,Friday,North,Supermarket,34.2,Cash,2,Arora Rakhi Hub 219,22.27,12
1303,Eco-Friendly,Sandalwood (Chandan),2026,5,No,Tuesday,North,Online,27.8,Cash,4,Nanda Rakhi Hub 261,67.23,15
2064,Premium & Jewelry,Silk Thread,2026,3,No,Friday,East,Supermarket,28.8,UPI,3,Sharma Rakhi Hub 35,104.3,21
1401,Kids & Cartoon,Silk Thread,2026,1,No,Wednesday,East,Supermarket,31.7,UPI,16,Gupta Rakhi Hub 297,20.5,51
5863,Kids & Cartoon,Silk Thread,2026,2,Yes,Saturday,West,Online,26.2,UPI,14,Chawla Rakhi & Gifts,16.55,41
5234,Kids & Cartoon,Silk Thread,2026,3,No,Friday,Central,Local Street Vendor,34.0,UPI,7,Sethi Rakhi Hub 76,13.45,21
5839,Kids & Cartoon,Silk Thread,2026,5,No,Friday,Central,Local Street Vendor,27.9,Cash,3,Tandon Rakhi Hub 65,15.51,16
531,Kids & Cartoon,Silk Thread,2026,7,No,Tuesday,North,Supermarket,36.9,Credit Card,3,Goel Handicrafts,20.0,16
3572,Premium & Jewelry,Sterling Silver,2026,5,nO,Thursday,North,Local Street Vendor,31.2,Cash,6,Bansal Traditions,623.78,40
2897,Eco-Friendly,Silk Thread,2026,2,No,Wednesday,East,Local Street Vendor,29.6,UPI,5,Malhotra Rakhi Hub 281,22.35,17
4954,Eco-Friendly,Sandalwood (Chandan),2026,4,No,Monday,,Supermarket,31.3,Credit Card,5,Bansal Rakhi Hub 134,51.11,28
1941,Premium & Jewelry,Sterling Silver,2026,5,No,Wednesday,North,Supermarket,32.9,Credit Card,5,Sharma Festive Mart,666.69,21
3200,Eco-Friendly,Sandalwood (Chandan),2026,5,Yes,Saturday,Central,Local Street Vendor,31.0,UPI,3,Jain Rakhi & Gifts,63.06,10
5412,Eco-Friendly,Silk Thread,2026,1,Yes,Saturday,East,Supermarket,31.3,Cash,24,Sethi Rakhi Point,29.85,70
3993,Premium & Jewelry,Sterling Silver,2026,5,No,Tuesday,North,Online,36.0,Cash,16,Bansal Traditions,901.85,15
107,Kids & Cartoon,Sandalwood (Chandan),2026,2,No,Monday,East,Supermarket,37.7,UPI,8,Sethi Festive Mart,38.93,23
5687,Premium & Jewelry,Sterling Silver,2026,2,No,Monday,East,Online,32.4,UPI,12,Arora Rakhi Point,738.01,67
3593,Eco-Friendly,Sandalwood (Chandan),2026,2,No,Tuesday,West,Online,26.2,Cash,20,Chawla Rakhi Hub 93,64.31,59
2919,Premium & Jewelry,Sandalwood (Chandan),2026,1,No,Wednesday,Central,Supermarket,,UPI,11,Goel Rakhi & Gifts,176.12,51
5754,Eco-Friendly,Sandalwood (Chandan),2026,7,No,Thursday,East,Local Street Vendor,31.4,UPI,4,Arora Rakhi Hub 114,54.65,15
3405,Eco-Friendly,Sandalwood (Chandan),2026,5,Yes,Sunday,Central,Local Street Vendor,26.1,UPI,8,Sharma Rakhi Hub 136,63.72,21
132,Eco-Friendly,Sandalwood (Chandan),2026,4,Yes,Saturday,East,Online,31.4,Cash,6,Aggarwal Rakhi Hub 90,68.36,16
2791,Eco-Friendly,Sandalwood (Chandan),2026,5,No,Monday,Central,Online,34.6,Credit Card,10,Sharma Rakhi Hub 122,104.83,46
1727,Kids & Cartoon,Silk Thread,2026,2,No,Tuesday,North,Local Street Vendor,31.0,Cash,4,Bhatia Rakhi Hub 80,14.75,24
3463,Premium & Jewelry,Sterling Silver,2026,3,Yes,Sunday,East,Supermarket,35.0,UPI,9,Rastogi Rakhi Hub 5,621.37,21
3133,Premium & Jewelry,Sterling Silver,2026,3,#Yes,Sunday,Central,Local Street Vendor,28.6,Cash,6,Jain Rakhi Bazaar,614.43,17
3644,Premium & Jewelry,Sterling Silver,2026,7,Yes,Sunday,East,Supermarket,37.9,UPI,6,Tandon Rakhi Corner,692.99,6
4490,Kids & Cartoon,Silk Thread,2026,3,nO,Monday,West,Online,27.7,Credit Card,9,Malhotra Rakhi Corner,17.08,54
3127,Kids & Cartoon,Silk Thread,2026,4,Yes,Sunday,West,Local Street Vendor,35.8,UPI,2,Arora Rakhi Point,12.58,10
5354,Kids & Cartoon,Silk Thread,2026,5,#Yes,Saturday,East,Local Street Vendor,36.8,UPI,5,Saxena Rakhi Corner,14.44,14
5186,Eco-Friendly,Sandalwood (Chandan),2026,6,nO,Tuesday,North,Local Street Vendor,34.0,Cash,2,Kapoor Rakhi Hub 200,50.26,11
3282,Premium & Jewelry,Sandalwood (Chandan),2026,1,Yes,Saturday,North,Online,33.2,Cash,8,Chawla Rakhi Corner,233.8,35
2419,Premium & Jewelry,Sterling Silver,2026,5,Yes,Sunday,North,Supermarket,26.5,Credit Card,5,Chawla Rakhi Hub 283,838.61,27
1618,Kids & Cartoon,Silk Thread,2026,7,No,Tuesday,East,Local Street Vendor,32.0,Credit Card,2,Aggarwal Rakhi Hub 90,12.86,10
1413,Eco-Friendly,Silk Thread,2026,1,No,Wednesday,Central,Local Street Vendor,32.3,Cash,24,Sharma Rakhi Hub 136,22.32,69
5461,Kids & Cartoon,Silk Thread,2026,3,nO,Tuesday,North,Online,32.9,Credit Card,7,Malhotra Rakhi Bazaar,21.44,21
172,Kids & Cartoon,Silk Thread,2026,6,No,Monday,North,Local Street Vendor,31.8,Cash,2,Malhotra Rakhi Bazaar,11.9,10
693,Premium & Jewelry,Sandalwood (Chandan),2026,7,No,Wednesday,East,Online,34.0,Cash,1,Saxena Rakhi Hub 192,240.99,7
5232,Eco-Friendly,Sandalwood (Chandan),2026,1,No,Friday,North,Online,26.5,Credit Card,18,Verma Emporium,67.5,95
2723,Kids & Cartoon,Silk Thread,2026,6,No,Wednesday,East,Local Street Vendor,34.7,UPI,2,Sharma Handicrafts,12.94,8
695,Eco-Friendly,Sandalwood (Chandan),2026,4,No,Wednesday,North,Supermarket,34.6,UPI,5,Khanna Rakhi Hub 132,59.42,14
5963,Kids & Cartoon,Silk Thread,2026,4,No,Wednesday,East,Online,35.3,Cash,8,Tandon Rakhi Point,19.12,40
2489,Premium & Jewelry,Silk Thread,2026,6,No,Friday,West,Local Street Vendor,33.0,Cash,2,Jain Rakhi Hub 150,77.63,5
5509,Eco-Friendly,Sandalwood (Chandan),2026,3,No,Thursday,Central,Local Street Vendor,28.9,Cash,5,Sethi Rakhi Hub 19,51.5,21
1104,Eco-Friendly,Silk Thread,2026,3,No,Friday,East,Local Street Vendor,34.1,Credit Card,4,Goel Rakhi Corner,23.12,18
168,Eco-Friendly,Sandalwood (Chandan),2026,5,nO,Thursday,North,Supermarket,31.9,Credit Card,9,Bansal Rakhi Hub 106,52.94,31
94,Kids & Cartoon,Silk Thread,2026,5,No,Wednesday,Central,Supermarket,35.6,Cash,6,Bhatia Rakhi Hub 211,16.61,17
368,Kids & Cartoon,Silk Thread,2026,5,nO,Tuesday,East,Local Street Vendor,34.1,Cash,2,Bhatia Rakhi Hub 300,11.62,10
3353,Premium & Jewelry,Sterling Silver,2026,5,No,Friday,East,Online,32.4,Cash,5,Jain Rakhi Hub 72,816.45,15
4286,Premium & Jewelry,Sterling Silver,2026,5,No,Tuesday,North,Supermarket,26.9,UPI,10,Mehra Rakhi Hub 148,965.37,37
4730,Kids & Cartoon,Silk Thread,2026,2,No,Monday,,Supermarket,33.9,Cash,6,Jain Rakhi Hub 202,15.06,27
5620,Premium & Jewelry,Sterling Silver,2026,1,No,Friday,West,Local Street Vendor,37.9,UPI,9,Chopra Rakhi Hub 12,513.1,30
836,Kids & Cartoon,Silk Thread,2026,1,No,Thursday,Central,Supermarket,36.0,UPI,11,Kapoor Rakhi Hub 287,12.5,39
5543,Kids & Cartoon,Silk Thread,2026,7,No,Monday,East,Supermarket,33.4,Cash,3,Aggarwal Rakhi Hub 234,18.49,8
1982,Kids & Cartoon,Silk Thread,2026,4,Yes,Sunday,West,Local Street Vendor,26.6,UPI,8,Chopra Rakhi Hub 153,13.24,31
2833,Kids & Cartoon,Silk Thread,2026,1,No,Thursday,North,Local Street Vendor,35.7,Cash,5,Nanda Rakhi Hub 206,16.31,15
3334,Premium & Jewelry,Sterling Silver,2026,5,No,Monday,East,Online,29.2,UPI,5,Sharma Rakhi Bazaar,682.22,21
5922,Premium & Jewelry,Sterling Silver,2026,2,Yes,Saturday,West,Online,28.0,UPI,5,Gupta Rakhi Hub 291,683.32,17
1370,Kids & Cartoon,Sandalwood (Chandan),2026,1,#Yes,Saturday,Central,Supermarket,32.4,UPI,5,Sharma Rakhi Hub 59,34.79,23
4754,Kids & Cartoon,Silk Thread,2026,2,No,Thursday,West,Online,,Cash,5,Bhatia Rakhi Hub 290,21.61,32
2181,Eco-Friendly,Silk Thread,2026,4,No,Thursday,East,Online,35.8,Cash,6,Chawla Rakhi Corner,43.9,37
1995,Kids & Cartoon,Silk Thread,2026,2,yES,Sunday,East,Supermarket,29.8,UPI,8,Sethi Handicrafts,18.62,26
5248,Premium & Jewelry,Sterling Silver,2026,6,No,Wednesday,East,Local Street Vendor,33.5,Credit Card,2,Rastogi Rakhi Hub 42,571.69,7
5491,Kids & Cartoon,Silk Thread,2026,6,Yes,Sunday,West,Local Street Vendor,32.8,Cash,4,Tandon Rakhi Hub 47,10.89,10
1881,Kids & Cartoon,Silk Thread,2026,2,Yes,Sunday,North,Supermarket,28.3,Cash,9,Aggarwal Rakhi Point,22.61,39
5196,Eco-Friendly,Sandalwood (Chandan),2026,2,No,Thursday,East,Supermarket,30.4,Cash,3,Verma Festive Mart,54.9,15
2707,Eco-Friendly,Silk Thread,2026,6,nO,Friday,West,Local Street Vendor,32.5,Credit Card,2,Bhatia Rakhi Hub 29,26.63,11
5549,Kids & Cartoon,Silk Thread,2026,6,No,Tuesday,West,Online,30.4,Cash,3,Bhatia Festive Mart,24.58,20
4657,Eco-Friendly,Sandalwood (Chandan),2026,6,No,Thursday,East,Local Street Vendor,35.6,Credit Card,4,Jain Rakhi Hub 135,51.53,18
2421,Premium & Jewelry,Sterling Silver,2026,1,No,Monday,Central,Local Street Vendor,31.8,Cash,13,Chawla Rakhi Hub 265,406.42,52
5883,Eco-Friendly,Sandalwood (Chandan),2026,2,No,Wednesday,Central,Supermarket,30.9,Credit Card,4,Sethi Rakhi Corner,54.58,27
2620,Eco-Friendly,Sandalwood (Chandan),2026,3,yES,Saturday,Central,Online,28.3,Cash,6,Mehra Rakhi Hub 101,58.03,24
4405,Kids & Cartoon,Silk Thread,2026,7,nO,Friday,North,Online,29.4,Cash,5,Khanna Rakhi Hub 293,22.29,17
1916,Premium & Jewelry,Sandalwood (Chandan),2026,3,No,Thursday,East,Supermarket,28.3,Cash,11,Aggarwal Traditions,192.92,36
4331,Premium & Jewelry,Sterling Silver,2026,5,No,Thursday,Central,Supermarket,33.8,Credit Card,4,Jain Rakhi Hub 253,407.64,20
4451,Eco-Friendly,Sandalwood (Chandan),2026,5,No,Friday,East,Supermarket,33.3,Credit Card,13,Mehra Rakhi Hub 25,60.76,72
5267,Kids & Cartoon,Silk Thread,2026,5,#Yes,Saturday,East,Local Street Vendor,28.1,Cash,6,Chawla Traditions,11.49,17
5441,Premium & Jewelry,Sterling Silver,2026,4,nO,Thursday,East,Online,28.2,Cash,7,Arora Rakhi Hub 114,716.05,23
1731,Eco-Friendly,Sandalwood (Chandan),2026,5,Yes,Saturday,West,Local Street Vendor,36.0,Credit Card,23,Verma Rakhi Hub 264,49.66,24
512,Eco-Friendly,Silk Thread,2026,7,No,Monday,West,Supermarket,25.0,Credit Card,2,Verma Rakhi Hub 95,43.51,14
790,Kids & Cartoon,Silk Thread,2026,1,No,Monday,West,Online,30.5,Cash,9,Bansal Rakhi Hub 288,19.88,29
5148,Kids & Cartoon,Silk Thread,2026,2,No,Thursday,East,Local Street Vendor,29.6,Cash,3,Nanda Rakhi Corner,15.67,11
3192,Premium & Jewelry,Sterling Silver,2026,4,Yes,Saturday,Central,Supermarket,26.6,Credit Card,18,Tandon Traditions,653.19,87
2972,Kids & Cartoon,Silk Thread,2026,7,No,Wednesday,Central,Supermarket,31.2,Credit Card,5,Mehra Rakhi Hub 128,12.03,15
1917,Kids & Cartoon,Silk Thread,2026,6,#Yes,Saturday,East,Local Street Vendor,34.0,Cash,2,Jain Traditions,16.07,7
1644,Premium & Jewelry,Silk Thread,2026,2,nO,Wednesday,Central,Local Street Vendor,34.6,Credit Card,5,Mehra Rakhi Hub 272,83.68,18
705,Premium & Jewelry,Sterling Silver,2026,2,No,Tuesday,East,Online,49.3,Cash,5,Gupta Rakhi Hub 299,665.77,24
2949,Eco-Friendly,Sandalwood (Chandan),2026,2,Yes,Sunday,East,Online,30.5,Cash,19,Chawla Rakhi & Gifts,53.71,63
4196,Kids & Cartoon,Sandalwood (Chandan),2026,2,No,Friday,West,Supermarket,36.6,UPI,11,Tandon Rakhi Hub 296,31.01,31
4700,Eco-Friendly,Sandalwood (Chandan),2026,7,No,Friday,East,Online,33.3,Cash,5,Verma Festive Mart,63.49,15
2765,Premium & Jewelry,Sterling Silver,2026,5,Yes,Sunday,Central,Supermarket,30.4,UPI,4,Kapoor Rakhi Hub 200,2617.32,13
3142,Premium & Jewelry,Sandalwood (Chandan),2026,3,nO,Monday,Central,Local Street Vendor,33.8,Cash,9,Jain Rakhi Hub 253,194.61,26
2645,Premium & Jewelry,Sterling Silver,2026,1,Yes,Saturday,North,Supermarket,34.1,UPI,13,Saxena Rakhi Hub 49,582.02,31
2557,Premium & Jewelry,Sterling Silver,2026,1,nO,Friday,Central,Local Street Vendor,30.8,UPI,6,Bansal Rakhi Hub 268,2209.39,21
1560,Eco-Friendly,Sandalwood (Chandan),2026,6,#Yes,Sunday,North,Local Street Vendor,31.0,Cash,3,Rastogi Emporium,70.41,13
5286,Premium & Jewelry,Sterling Silver,2026,5,Yes,Sunday,West,Local Street Vendor,32.0,Cash,3,Aggarwal Rakhi Hub 55,443.4,11
3246,Kids & Cartoon,Silk Thread,2026,6,No,Thursday,Central,Local Street Vendor,36.7,Cash,2,Sharma Rakhi Hub 141,12.47,9
4971,Kids & Cartoon,Silk Thread,2026,3,No,Friday,Central,Local Street Vendor,34.9,Credit Card,2,Chopra Festive Mart,10.42,12
2959,Premium & Jewelry,Sterling Silver,2026,2,No,Friday,Central,Supermarket,28.9,UPI,11,Sethi Rakhi Corner,560.65,51
5192,Kids & Cartoon,Silk Thread,2026,5,nO,Monday,East,Online,31.7,Credit Card,5,Goel Rakhi Point,16.84,21
5122,Kids & Cartoon,Silk Thread,2026,4,Yes,Sunday,North,Supermarket,32.2,Cash,3,Jain Gift House,86.67,14
3817,Kids & Cartoon,Sterling Silver,2026,7,No,Monday,Central,Supermarket,24.3,Cash,1,Rastogi Rakhi Bazaar,97.19,4
5818,Premium & Jewelry,Sterling Silver,2026,3,No,Thursday,Central,Local Street Vendor,34.4,Credit Card,10,Saxena Rakhi Hub 111,629.98,30
2693,Eco-Friendly,Sterling Silver,2026,5,No,Thursday,West,Local Street Vendor,33.4,Credit Card,10,Jain Rakhi Hub 72,151.58,33
5586,Eco-Friendly,Sandalwood (Chandan),2026,7,yES,Saturday,East,Online,27.7,Cash,1,Goel Rakhi Hub 100,80.31,4
5817,Kids & Cartoon,Silk Thread,2026,1,No,Monday,North,Local Street Vendor,38.1,UPI,18,Khanna Gift House,12.12,100
4363,Kids & Cartoon,Silk Thread,2026,6,No,Wednesday,East,Supermarket,31.0,UPI,7,Saxena Rakhi Hub 262,12.21,22
5359,Kids & Cartoon,Silk Thread,2026,7,yES,Saturday,West,Supermarket,32.0,Credit Card,5,Mehra Rakhi Hub 183,14.93,13
3512,Eco-Friendly,Sandalwood (Chandan),2026,7,No,Thursday,North,Local Street Vendor,30.3,UPI,5,Sethi Rakhi Hub 22,50.53,23
3848,Eco-Friendly,Sandalwood (Chandan),2026,7,No,Monday,North,Online,31.7,Credit Card,2,Gupta Rakhi Hub 299,62.48,10
5675,Kids & Cartoon,Sterling Silver,2026,2,No,Wednesday,Central,Local Street Vendor,25.6,Credit Card,5,Verma Rakhi Hub 196,72.13,14
1884,Eco-Friendly,Sandalwood (Chandan),2026,4,Yes,Saturday,North,Online,29.4,UPI,4,Chawla Festive Mart,81.37,15
74,Premium & Jewelry,Sterling Silver,2026,4,No,Monday,East,Local Street Vendor,33.0,Cash,9,Kapoor Festive Mart,504.85,28
3492,Premium & Jewelry,Sandalwood (Chandan),2026,7,No,Wednesday,East,Local Street Vendor,40.1,Credit Card,4,Verma Rakhi Hub 151,172.43,16
1260,Eco-Friendly,Silk Thread,2026,6,No,Friday,West,Supermarket,36.7,Cash,2,Arora Rakhi Hub 46,39.07,6
1336,Eco-Friendly,Sandalwood (Chandan),2026,5,Yes,Sunday,Central,Local Street Vendor,37.8,Credit Card,8,Arora Rakhi Store,43.56,19
4755,Eco-Friendly,Sandalwood (Chandan),2026,2,No,Friday,West,Supermarket,34.4,Cash,4,Sethi Rakhi Hub 19,74.06,24
4499,Eco-Friendly,Sandalwood (Chandan),2026,1,Yes,Saturday,West,Online,35.2,Credit Card,5,Verma Rakhi & Gifts,74.22,12
2514,Premium & Jewelry,Sandalwood (Chandan),2026,4,Yes,Saturday,Central,Supermarket,50.8,Cash,9,Goel Traditions,173.76,45
5854,Premium & Jewelry,Sandalwood (Chandan),2026,4,No,Friday,,Supermarket,33.8,Cash,5,Kapoor Rakhi Hub 31,212.11,25
3406,Eco-Friendly,Sandalwood (Chandan),2026,1,No,Tuesday,Central,Online,40.8,Credit Card,4,Bansal Rakhi Hub 91,70.38,15
5618,Eco-Friendly,Silk Thread,2026,5,No,Wednesday,West,Online,33.4,Cash,9,Mehra Rakhi Hub 110,42.76,34
2499,Eco-Friendly,Sandalwood (Chandan),2026,4,Yes,Sunday,North,Local Street Vendor,30.5,Credit Card,3,Jain Rakhi Hub 154,41.13,16
1624,Premium & Jewelry,Sterling Silver,2026,5,No,Wednesday,East,Local Street Vendor,32.0,UPI,5,Jain Rakhi Bazaar,530.48,14
2305,Kids & Cartoon,Silk Thread,2026,4,No,Thursday,West,Local Street Vendor,35.6,Cash,3,Jain Emporium,12.25,21
3551,Eco-Friendly,Sandalwood (Chandan),2026,6,No,Tuesday,West,Supermarket,33.8,UPI,4,Chawla Rakhi Hub 102,64.03,13
1418,Kids & Cartoon,Silk Thread,2026,3,No,Friday,West,Supermarket,35.2,Cash,3,Khanna Rakhi Hub 120,19.16,20
32,Eco-Friendly,Sandalwood (Chandan),2026,1,No,Wednesday,East,Supermarket,,Cash,18,Rastogi Rakhi Hub 189,57.52,75
2944,Premium & Jewelry,Silk Thread,2026,6,Yes,Saturday,Central,Supermarket,31.0,Credit Card,4,Goel Rakhi Point,90.37,17
3078,Kids & Cartoon,Silk Thread,2026,2,nO,Monday,West,Supermarket,29.3,Cash,6,Bansal Rakhi Hub 288,19.4,35
4736,Eco-Friendly,Sandalwood (Chandan),2026,7,No,Friday,Central,Local Street Vendor,35.2,Credit Card,3,Nanda Rakhi & Gifts,47.89,9
169,Kids & Cartoon,Silk Thread,2026,7,yES,Sunday,East,Local Street Vendor,33.9,Cash,2,Jain Handicrafts,14.65,5
5464,Eco-Friendly,Silk Thread,2026,2,No,Monday,North,Supermarket,33.1,Cash,8,Tandon Rakhi Hub 53,34.55,40
4949,Kids & Cartoon,Silk Thread,2026,1,Yes,Saturday,Central,Supermarket,27.4,UPI,15,Bhatia Rakhi Hub 182,16.59,47
5611,Premium & Jewelry,Sterling Silver,2026,3,No,Thursday,West,Local Street Vendor,32.9,Credit Card,2,Kapoor Rakhi Corner,525.2,9
5136,Kids & Cartoon,Sandalwood (Chandan),2026,2,Yes,Sunday,West,Online,26.9,Credit Card,4,Saxena Emporium,42.65,12
1927,Kids & Cartoon,Silk Thread,2026,2,No,Thursday,East,Online,39.5,Cash,3,Sharma Rakhi Hub 35,19.04,12
2089,Eco-Friendly,Sandalwood (Chandan),2026,3,No,Tuesday,North,Online,31.8,UPI,8,Gupta Rakhi Hub 176,58.77,29
4186,Eco-Friendly,Silk Thread,2026,7,No,Tuesday,North,Local Street Vendor,31.9,Cash,6,Saxena Rakhi Hub 227,23.87,6
2496,Kids & Cartoon,Silk Thread,2026,2,Yes,Saturday,North,Online,25.8,Cash,5,Arora Rakhi Hub 140,22.23,25
5988,Kids & Cartoon,Silk Thread,2026,3,yES,Saturday,North,Local Street Vendor,30.9,Cash,4,Kapoor Handicrafts,13.52,12
3296,Eco-Friendly,Sandalwood (Chandan),2026,6,No,Friday,North,Online,38.0,Cash,6,Saxena Rakhi Hub 138,72.68,36
1403,Eco-Friendly,Sandalwood (Chandan),2026,4,No,Tuesday,East,Online,30.6,UPI,3,Rastogi Rakhi Hub 50,65.94,17
4324,Premium & Jewelry,Sterling Silver,2026,5,nO,Friday,East,Supermarket,37.8,Cash,9,Mehra Rakhi Hub 6,567.1,35
4711,Eco-Friendly,Sandalwood (Chandan),2026,5,No,Thursday,West,Online,36.7,Cash,7,Mehra Rakhi Hub 6,60.57,27
1508,Kids & Cartoon,Silk Thread,2026,2,yES,Sunday,East,Supermarket,28.0,Credit Card,4,Gupta Rakhi Hub 139,23.54,17
27,Kids & Cartoon,Silk Thread,2026,4,yES,Saturday,,Local Street Vendor,31.4,Cash,6,Rastogi Rakhi Hub 77,15.36,22
4751,Premium & Jewelry,Sterling Silver,2026,4,Yes,Saturday,West,Supermarket,34.6,Cash,82,Khanna Rakhi Hub 120,752.72,236
1640,Eco-Friendly,Sandalwood (Chandan),2026,4,No,Tuesday,Central,Local Street Vendor,32.0,Credit Card,5,Sethi Rakhi Hub 131,51.85,20
2407,Kids & Cartoon,Silk Thread,2026,6,yES,Sunday,East,Supermarket,27.1,Credit Card,3,Sethi Rakhi Hub 76,93.4,11
2070,Kids & Cartoon,Sandalwood (Chandan),2026,1,Yes,Saturday,West,Online,31.7,Cash,16,Saxena Handicrafts,34.75,51
3943,Premium & Jewelry,Silk Thread,2026,1,Yes,Saturday,West,Local Street Vendor,35.8,Cash,7,Bhatia Rakhi Hub 254,81.2,19
2192,Kids & Cartoon,Silk Thread,2026,4,No,Monday,West,Online,26.2,Cash,9,Chopra Rakhi Point,17.63,30
501,Eco-Friendly,Sandalwood (Chandan),2026,4,No,Thursday,North,Local Street Vendor,29.6,Cash,4,Arora Rakhi Hub 219,42.86,13
957,Eco-Friendly,Silk Thread,2026,6,No,Friday,East,Supermarket,36.2,Cash,3,Gupta Rakhi Hub 7,41.31,21
438,Kids & Cartoon,Silk Thread,2026,7,No,Wednesday,,Local Street Vendor,26.7,Cash,1,Saxena Rakhi Hub 262,12.94,4
4984,Premium & Jewelry,Sterling Silver,2026,5,No,Friday,East,Local Street Vendor,26.6,Credit Card,7,Tandon Rakhi Hub 142,519.42,29
1421,Eco-Friendly,Silk Thread,2026,2,nO,Thursday,West,Local Street Vendor,28.2,UPI,9,Arora Rakhi Hub 115,23.75,47
3858,Kids & Cartoon,Silk Thread,2026,5,No,Monday,East,Online,24.7,Cash,5,Arora Rakhi Hub 117,22.64,14
251,Kids & Cartoon,Silk Thread,2026,2,No,Thursday,North,Supermarket,31.9,Credit Card,13,Chawla Rakhi Hub 94,20.11,40
1979,Eco-Friendly,Sandalwood (Chandan),2026,6,No,Wednesday,Central,Local Street Vendor,,Credit Card,3,Kapoor Rakhi Point,47.37,12
5993,Eco-Friendly,Sandalwood (Chandan),2026,2,Yes,Sunday,West,Supermarket,29.5,Cash,12,Kapoor Rakhi Hub 109,54.63,31
2524,Kids & Cartoon,Silk Thread,2026,2,No,Wednesday,East,Supermarket,26.4,Cash,3,Aggarwal Rakhi Hub 284,17.88,18
4098,Kids & Cartoon,Sandalwood (Chandan),2026,4,nO,Monday,West,Supermarket,32.1,Cash,3,Gupta Rakhi Hub 27,31.51,10
5717,Eco-Friendly,Sandalwood (Chandan),2026,6,nO,Wednesday,West,Local Street Vendor,31.8,UPI,5,Malhotra Rakhi Point,43.71,13
3370,Kids & Cartoon,Silk Thread,2026,3,Yes,Sunday,West,Online,35.8,UPI,10,Tandon Traditions,19.44,33
3818,Premium & Jewelry,Sterling Silver,2026,4,Yes,Saturday,East,Local Street Vendor,31.0,Credit Card,9,Khanna Festive Mart,671.27,35
1181,Eco-Friendly,Silk Thread,2026,1,No,Friday,,Online,37.7,Cash,11,Kapoor Rakhi Hub 199,42.06,54
3356,Kids & Cartoon,Silk Thread,2026,3,Yes,Saturday,East,Local Street Vendor,27.6,Cash,5,Bhatia Gift House,16.52,12
2955,Kids & Cartoon,Silk Thread,2026,3,nO,Monday,Central,Local Street Vendor,34.7,UPI,5,Gupta Handicrafts,13.7,15
1691,Eco-Friendly,Sterling Silver,2026,4,yES,Saturday,East,Local Street Vendor,34.0,UPI,4,Tandon Rakhi Corner,180.38,18
5518,Premium & Jewelry,Sterling Silver,2026,1,nO,Thursday,West,Supermarket,34.9,Cash,11,Gupta Rakhi Corner,682.42,35
4070,Premium & Jewelry,Sterling Silver,2026,5,No,Friday,North,Local Street Vendor,26.7,Cash,4,Mehra Rakhi Hub 183,517.85,21
5888,Premium & Jewelry,Sterling Silver,2026,2,yES,Sunday,East,Online,33.1,Cash,20,Bansal Rakhi Bazaar,711.0,55
1759,Eco-Friendly,Sandalwood (Chandan),2026,6,No,Monday,West,Local Street Vendor,29.1,Credit Card,1,Gupta Rakhi Hub 7,48.84,8
535,Premium & Jewelry,Sterling Silver,2026,5,No,Wednesday,Central,Local Street Vendor,33.6,Cash,8,Khanna Rakhi Hub 120,597.89,23
3571,Eco-Friendly,Silk Thread,2026,4,nO,Thursday,East,Online,36.7,Cash,5,Goel Rakhi Hub 243,38.51,17
586,Kids & Cartoon,Silk Thread,2026,2,No,Friday,,Supermarket,33.7,Credit Card,2,Verma Rakhi Corner,19.1,11
3446,Kids & Cartoon,Silk Thread,2026,5,Yes,Saturday,Central,Local Street Vendor,33.3,Credit Card,9,Tandon Rakhi Hub 47,12.08,25
4553,Premium & Jewelry,Sandalwood (Chandan),2026,6,nO,Tuesday,North,Supermarket,32.6,Cash,3,Malhotra Rakhi Hub 281,167.86,12
1204,Eco-Friendly,Sandalwood (Chandan),2026,7,No,Wednesday,West,Local Street Vendor,26.2,Cash,1,Jain Rakhi Hub 87,46.05,5
1607,Eco-Friendly,Sandalwood (Chandan),2026,5,No,Tuesday,North,Supermarket,18.3,Credit Card,3,Tandon Rakhi Corner,52.44,9
5773,Premium & Jewelry,Sterling Silver,2026,1,No,Tuesday,North,Supermarket,33.5,Credit Card,17,Chawla Rakhi Hub 186,604.6,50
3304,Eco-Friendly,Sandalwood (Chandan),2026,2,No,Thursday,,Local Street Vendor,,Cash,7,Sharma Rakhi Hub 226,39.5,32
492,Kids & Cartoon,Silk Thread,2026,4,Yes,Sunday,North,Local Street Vendor,32.1,Credit Card,3,Mehra Rakhi Hub 207,11.17,10
5181,Kids & Cartoon,Silk Thread,2026,5,Yes,Sunday,East,Supermarket,31.3,Cash,6,Rastogi Rakhi Hub 251,19.72,20
3525,Kids & Cartoon,Silk Thread,2026,7,No,Thursday,North,Local Street Vendor,27.1,Credit Card,2,Sharma Rakhi Hub 180,15.46,9
3461,Kids & Cartoon,Silk Thread,2026,6,Yes,Saturday,East,Supermarket,,Cash,4,Arora Rakhi Hub 219,17.46,10
601,Kids & Cartoon,Sterling Silver,2026,4,Yes,Saturday,West,Local Street Vendor,30.0,Cash,4,Jain Rakhi Point,64.44,15
5204,Kids & Cartoon,Silk Thread,2026,7,No,Monday,Central,Online,28.8,UPI,3,Mehra Rakhi Hub 148,20.43,16
3325,Kids & Cartoon,Silk Thread,2026,7,No,Thursday,West,Supermarket,28.2,Credit Card,3,Bansal Rakhi Hub 67,18.32,10
853,Eco-Friendly,Sandalwood (Chandan),2026,7,No,Wednesday,West,Online,32.6,Cash,5,Bhatia Rakhi Store,78.3,16
3295,Kids & Cartoon,Silk Thread,2026,6,nO,Wednesday,East,Supermarket,32.0,Cash,2,Arora Rakhi Hub 219,16.98,12
5210,Premium & Jewelry,Sterling Silver,2026,7,No,Friday,Central,Online,30.4,UPI,2,Chopra Rakhi Hub 153,831.74,13
2095,Eco-Friendly,Sterling Silver,2026,1,No,Tuesday,West,Online,26.4,Cash,6,Malhotra Festive Mart,305.54,24
2532,Kids & Cartoon,Silk Thread,2026,4,No,Thursday,North,Local Street Vendor,,Cash,2,Rastogi Gift House,14.29,12
5479,Kids & Cartoon,Silk Thread,2026,4,No,Wednesday,North,Supermarket,25.6,Cash,5,Bhatia Handicrafts,14.52,18
398,Premium & Jewelry,Sterling Silver,2026,4,Yes,Sunday,Central,Supermarket,33.1,UPI,15,Sethi Emporium,428.04,64
2613,Kids & Cartoon,Silk Thread,2026,1,#Yes,Saturday,Central,Supermarket,29.7,Cash,9,Bansal Handicrafts,15.43,24
1650,Eco-Friendly,Sandalwood (Chandan),2026,5,No,Monday,West,Online,28.2,UPI,2,Chawla Rakhi Hub 94,82.51,8
402,Eco-Friendly,Silk Thread,2026,6,No,Friday,Central,Supermarket,33.1,UPI,2,Bansal Rakhi Hub 13,43.78,13
3565,Eco-Friendly,Sandalwood (Chandan),2026,4,No,Monday,West,Local Street Vendor,37.7,Cash,18,Tandon Rakhi Hub 62,38.83,63
4045,Kids & Cartoon,Silk Thread,2026,2,Yes,Sunday,West,Local Street Vendor,33.7,UPI,16,Sethi Rakhi & Gifts,13.0,42
1313,Kids & Cartoon,Silk Thread,2026,2,No,Friday,Central,Online,18.6,UPI,14,Chopra Rakhi Hub 153,20.63,44
3545,Kids & Cartoon,Silk Thread,2026,3,No,Thursday,Central,Local Street Vendor,34.2,UPI,7,Sharma Rakhi Point,11.07,23
5633,Kids & Cartoon,Silk Thread,2026,4,#Yes,Sunday,North,Supermarket,34.6,UPI,5,Sharma Rakhi Hub 149,14.44,24
5904,Eco-Friendly,Silk Thread,2026,5,No,Tuesday,North,Supermarket,33.1,Cash,5,Rastogi Rakhi Hub 71,36.72,17
5935,Premium & Jewelry,Sandalwood (Chandan),2026,2,No,Thursday,Central,Online,34.3,Credit Card,18,Nanda Rakhi Hub 195,232.06,111
4665,Kids & Cartoon,Silk Thread,2026,7,#Yes,Sunday,West,Local Street Vendor,26.2,UPI,1,Bansal Handicrafts,9.96,5
574,Eco-Friendly,Sandalwood (Chandan),2026,4,No,Wednesday,East,Supermarket,31.4,Cash,5,Bansal Rakhi Hub 237,65.39,19
2329,Kids & Cartoon,Silk Thread,2026,1,Yes,Sunday,North,Local Street Vendor,,Cash,19,Sharma Rakhi Hub 172,13.15,19
2956,Kids & Cartoon,Silk Thread,2026,5,Yes,Sunday,Central,Local Street Vendor,31.9,Credit Card,3,Saxena Rakhi Point,12.65,11
2405,Eco-Friendly,Sandalwood (Chandan),2026,4,Yes,Saturday,Central,Supermarket,29.8,Cash,5,Gupta Rakhi Hub 282,68.9,18
955,Eco-Friendly,Sandalwood (Chandan),2026,2,No,Thursday,Central,Online,32.5,UPI,7,Jain Rakhi Hub 202,80.5,28
536,Premium & Jewelry,Sterling Silver,2026,2,Yes,Saturday,West,Online,32.0,Cash,6,Nanda Festive Mart,847.62,22
3575,Kids & Cartoon,Silk Thread,2026,5,No,Tuesday,Central,Online,29.4,Credit Card,17,Bansal Rakhi Hub 91,24.34,14
2374,Premium & Jewelry,Sterling Silver,2026,2,No,Tuesday,Central,Online,33.3,Cash,8,Khanna Rakhi & Gifts,735.1,41
3641,Premium & Jewelry,Silk Thread,2026,2,Yes,Saturday,Central,Online,16.8,Cash,12,Bhatia Rakhi Hub 18,139.1,29
3661,Premium & Jewelry,Sterling Silver,2026,7,No,Tuesday,West,Supermarket,36.5,Cash,2,Gupta Handicrafts,579.44,9
3384,Kids & Cartoon,Sandalwood (Chandan),2026,5,No,Thursday,West,Supermarket,31.1,Credit Card,3,Bansal Rakhi Hub 274,26.15,20
5861,Kids & Cartoon,Sandalwood (Chandan),2026,4,#Yes,Sunday,North,Online,35.2,Cash,19,Aggarwal Rakhi Hub 212,34.41,55
474,Premium & Jewelry,Sterling Silver,2026,5,No,Tuesday,West,Supermarket,36.4,Cash,6,Chawla Rakhi Hub 24,476.94,24
5552,Premium & Jewelry,Sandalwood (Chandan),2026,1,No,Friday,North,Local Street Vendor,33.4,UPI,6,Goel Rakhi Corner,123.72,17
2436,Eco-Friendly,Sandalwood (Chandan),2026,5,nO,Friday,West,Local Street Vendor,34.3,Cash,4,Jain Rakhi Store,53.01,14
882,Kids & Cartoon,Silk Thread,2026,6,No,Thursday,East,Local Street Vendor,28.9,Cash,4,Khanna Handicrafts,15.52,17
4849,Premium & Jewelry,Silk Thread,2026,7,nO,Friday,West,Local Street Vendor,36.5,Cash,2,Goel Rakhi Hub 86,86.11,9
3347,Eco-Friendly,Sandalwood (Chandan),2026,2,No,Thursday,West,Supermarket,29.2,UPI,3,Rastogi Rakhi Hub 298,57.64,19
4757,Kids & Cartoon,Silk Thread,2026,1,Yes,Sunday,West,Supermarket,28.1,Cash,11,Bhatia Rakhi Hub 182,15.28,34
2747,Premium & Jewelry,Sterling Silver,2026,6,nO,Wednesday,West,Local Street Vendor,31.9,Cash,2,Chopra Rakhi Hub 57,499.58,11
470,Kids & Cartoon,Silk Thread,2026,7,Yes,Saturday,East,Supermarket,32.7,Credit Card,3,Goel Rakhi Hub 243,17.54,7
2603,Kids & Cartoon,Silk Thread,2026,4,Yes,Saturday,West,Supermarket,32.4,Credit Card,8,Chawla Rakhi Hub 48,13.99,20
3392,Kids & Cartoon,Silk Thread,2026,3,Yes,Sunday,East,Local Street Vendor,22.0,Cash,19,Tandon Gift House,12.27,15
248,Kids & Cartoon,Sandalwood (Chandan),2026,7,Yes,Saturday,West,Online,27.7,Cash,5,Sharma Rakhi Point,35.76,11
2277,Kids & Cartoon,Silk Thread,2026,1,No,Friday,North,Supermarket,30.8,Credit Card,6,Aggarwal Rakhi Point,71.69,34
976,Kids & Cartoon,Sterling Silver,2026,4,No,Thursday,East,Supermarket,13.2,Cash,5,Chawla Festive Mart,79.65,24
866,Eco-Friendly,Sandalwood (Chandan),2026,1,Yes,Sunday,Central,Supermarket,37.0,Credit Card,7,Goel Traditions,59.81,23
762,Premium & Jewelry,Sterling Silver,2026,6,No,Tuesday,West,Supermarket,35.1,Cash,2,Aggarwal Gift House,701.79,8
1140,Kids & Cartoon,Silk Thread,2026,4,nO,Thursday,North,Supermarket,36.0,Credit Card,4,Tandon Rakhi Corner,21.14,13
4463,Kids & Cartoon,Sterling Silver,2026,5,No,Monday,East,Local Street Vendor,32.8,Cash,3,Kapoor Handicrafts,95.06,12
2541,Kids & Cartoon,Silk Thread,2026,5,No,Thursday,East,Local Street Vendor,33.0,Credit Card,11,Rastogi Rakhi Hub 42,16.85,44
1288,Kids & Cartoon,Silk Thread,2026,2,No,Thursday,,Local Street Vendor,,Cash,6,Chopra Emporium,11.23,25
4035,Premium & Jewelry,Sandalwood (Chandan),2026,5,No,Wednesday,Central,Local Street Vendor,32.2,Credit Card,4,Saxena Rakhi Hub 17,141.36,20
426,Eco-Friendly,Sterling Silver,2026,5,No,Tuesday,North,Local Street Vendor,30.4,UPI,2,Kapoor Gift House,118.26,7
5739,Eco-Friendly,Sandalwood (Chandan),2026,2,nO,Monday,Central,Supermarket,36.2,Cash,8,Chopra Rakhi Hub 156,56.13,48
3194,Kids & Cartoon,Silk Thread,2026,3,nO,Friday,North,Supermarket,33.1,Credit Card,9,Verma Rakhi Corner,15.79,37
5831,Kids & Cartoon,Silk Thread,2026,7,No,Thursday,West,Supermarket,28.1,Cash,2,Chopra Rakhi Hub 145,14.31,12
229,Kids & Cartoon,Silk Thread,2026,7,Yes,Sunday,West,Local Street Vendor,26.6,Cash,4,Jain Rakhi Hub 177,12.66,12
4516,Kids & Cartoon,Silk Thread,2026,4,Yes,Saturday,East,Supermarket,30.9,Cash,7,Nanda Rakhi Hub 28,11.24,18
5421,Kids & Cartoon,Silk Thread,2026,7,No,Monday,West,Online,33.6,Cash,1,Gupta Emporium,20.61,4
694,Kids & Cartoon,Silk Thread,2026,2,nO,Monday,Central,Supermarket,32.3,UPI,7,Chawla Traditions,14.6,32
1042,Kids & Cartoon,Silk Thread,2026,3,nO,Friday,West,Online,29.4,Credit Card,41,Malhotra Traditions,20.7,119
3097,Premium & Jewelry,Sterling Silver,2026,1,#Yes,Saturday,Central,Supermarket,31.9,UPI,5,Malhotra Rakhi Hub 4,778.74,25
3051,Eco-Friendly,Silk Thread,2026,6,No,Wednesday,Central,Local Street Vendor,33.8,Cash,5,Sharma Rakhi Hub 84,31.84,14
1596,Kids & Cartoon,Silk Thread,2026,1,No,Friday,North,Online,31.1,UPI,13,Arora Rakhi Hub 115,19.62,53
2550,Premium & Jewelry,Sterling Silver,2026,5,Yes,Saturday,East,Supermarket,35.7,Credit Card,14,Chopra Handicrafts,812.78,36
2266,Premium & Jewelry,Sandalwood (Chandan),2026,3,No,Tuesday,North,Online,34.2,Cash,16,Arora Rakhi Hub 117,241.18,52
1978,Eco-Friendly,Sandalwood (Chandan),2026,5,No,Friday,Central,Online,31.1,UPI,3,Sharma Rakhi Hub 136,79.86,19
4015,Kids & Cartoon,Sandalwood (Chandan),2026,5,Yes,Sunday,West,Supermarket,33.3,UPI,3,Bansal Rakhi Hub 13,32.1,13
5126,Premium & Jewelry,Sterling Silver,2026,7,nO,Monday,East,Supermarket,41.5,Cash,1,Sethi Rakhi Hub 242,798.08,6
1129,Kids & Cartoon,Silk Thread,2026,5,No,Tuesday,East,Supermarket,31.3,Cash,6,Tandon Rakhi Hub 26,18.32,32
5494,Kids & Cartoon,Silk Thread,2026,3,No,Tuesday,North,Online,30.7,UPI,13,Verma Handicrafts,19.19,53
3474,Kids & Cartoon,Silk Thread,2026,4,No,Friday,Central,Local Street Vendor,32.4,UPI,3,Gupta Festive Mart,13.55,14
5133,Premium & Jewelry,Sterling Silver,2026,1,No,Tuesday,West,Local Street Vendor,34.7,Credit Card,4,Chopra Rakhi Hub 130,483.35,29
59,Premium & Jewelry,Sandalwood (Chandan),2026,7,No,Thursday,East,Online,,Cash,3,Chawla Rakhi Hub 265,203.39,10
5753,Eco-Friendly,Sandalwood (Chandan),2026,2,Yes,Saturday,East,Supermarket,30.0,Credit Card,5,Arora Rakhi Hub 115,68.69,19
4314,Eco-Friendly,Sandalwood (Chandan),2026,6,No,Thursday,North,Online,38.8,UPI,13,Chawla Rakhi Hub 283,51.07,48
1200,Eco-Friendly,Sandalwood (Chandan),2026,3,yES,Saturday,West,Local Street Vendor,31.9,UPI,12,Chawla Rakhi Hub 201,50.32,34
3689,Kids & Cartoon,Silk Thread,2026,4,No,Tuesday,West,Local Street Vendor,30.7,UPI,1,Goel Rakhi & Gifts,12.54,9
4895,Kids & Cartoon,Silk Thread,2026,5,No,Friday,Central,Local Street Vendor,39.3,Credit Card,1,Chawla Rakhi Hub 295,11.68,7
97,Kids & Cartoon,Silk Thread,2026,5,No,Thursday,West,Supermarket,30.3,Credit Card,24,Jain Rakhi Hub 87,13.96,95
5730,Premium & Jewelry,Sterling Silver,2026,2,nO,Tuesday,West,Local Street Vendor,32.9,Cash,13,Nanda Rakhi Hub 98,465.43,49
961,Kids & Cartoon,Silk Thread,2026,4,No,Friday,North,Supermarket,32.9,Cash,2,Tandon Rakhi Hub 103,24.28,12
1635,Eco-Friendly,Silk Thread,2026,6,No,Friday,Central,Local Street Vendor,29.2,Cash,3,Khanna Emporium,22.06,14
5127,Kids & Cartoon,Silk Thread,2026,1,Yes,Sunday,,Local Street Vendor,32.3,Cash,7,Chopra Rakhi Hub 127,69.48,26
878,Kids & Cartoon,Silk Thread,2026,4,nO,Monday,,Supermarket,33.5,UPI,3,Sethi Rakhi Store,16.75,13
511,Premium & Jewelry,Silk Thread,2026,3,#Yes,Saturday,Central,Supermarket,29.2,Cash,7,Verma Rakhi Hub 92,87.91,26
157,Premium & Jewelry,Sterling Silver,2026,2,Yes,Sunday,North,Supermarket,35.2,UPI,5,Goel Rakhi Hub 105,642.66,16
2088,Kids & Cartoon,Silk Thread,2026,6,yES,Saturday,Central,Online,31.0,Cash,11,Goel Rakhi Hub 244,23.25,27
5959,Kids & Cartoon,Silk Thread,2026,4,#Yes,Sunday,East,Online,32.5,Cash,6,Chopra Rakhi Hub 216,19.69,13
612,Kids & Cartoon,Silk Thread,2026,3,No,Monday,East,Supermarket,31.9,UPI,16,Chawla Rakhi Hub 94,13.57,64
5930,Premium & Jewelry,Sandalwood (Chandan),2026,4,#Yes,Saturday,West,Local Street Vendor,33.3,Credit Card,32,Goel Rakhi Hub 54,977.4,83
1980,Premium & Jewelry,Sterling Silver,2026,2,No,Friday,Central,Supermarket,37.5,Credit Card,8,Tandon Rakhi Hub 60,938.57,27
1189,Premium & Jewelry,Sterling Silver,2026,7,No,Monday,West,Online,30.5,Credit Card,2,Gupta Rakhi Hub 299,913.16,13
4234,Eco-Friendly,Silk Thread,2026,7,nO,Friday,West,Local Street Vendor,32.8,Cash,3,Bansal Rakhi & Gifts,27.97,12
448,Kids & Cartoon,Silk Thread,2026,6,No,Friday,Central,Online,,UPI,3,Sharma Traditions,18.42,9
2627,Kids & Cartoon,Silk Thread,2026,5,No,Wednesday,West,Supermarket,31.6,Cash,6,Bhatia Rakhi Hub 2,15.12,23
2358,Kids & Cartoon,Silk Thread,2026,2,No,Monday,East,Local Street Vendor,35.5,Cash,10,Kapoor Rakhi Hub 118,11.13,32
4120,Kids & Cartoon,Silk Thread,2026,1,Yes,Saturday,East,Local Street Vendor,24.7,Cash,5,Aggarwal Rakhi Hub 212,11.02,18
593,Kids & Cartoon,Silk Thread,2026,4,No,Thursday,West,Supermarket,32.9,Credit Card,30,Jain Rakhi Hub 119,17.51,113
716,Premium & Jewelry,Sandalwood (Chandan),2026,2,Yes,Sunday,Central,Online,,Cash,31,Aggarwal Rakhi Hub 162,310.44,78
4110,Kids & Cartoon,Silk Thread,2026,3,Yes,Saturday,West,Online,26.1,UPI,18,Jain Rakhi Bazaar,17.83,43
5960,Kids & Cartoon,Silk Thread,2026,5,nO,Thursday,North,Supermarket,34.0,Cash,3,Chawla Traditions,15.82,10
2083,Kids & Cartoon,Silk Thread,2026,4,No,Thursday,East,Supermarket,36.7,UPI,6,Bhatia Rakhi & Gifts,18.7,39
4307,Kids & Cartoon,Silk Thread,2026,7,yES,Saturday,East,Online,28.8,Cash,2,Mehra Rakhi Hub 183,22.8,9
4128,Kids & Cartoon,Sandalwood (Chandan),2026,3,Yes,Sunday,North,Online,24.4,Cash,16,Chopra Rakhi Hub 57,46.32,81
848,Kids & Cartoon,Silk Thread,2026,1,Yes,Sunday,East,Online,26.4,Credit Card,13,Chawla Rakhi Hub 94,16.3,35
2328,Premium & Jewelry,Sterling Silver,2026,2,nO,Thursday,West,Local Street Vendor,31.7,Cash,12,Jain Rakhi Hub 37,602.44,56
625,Eco-Friendly,Sterling Silver,2026,3,#Yes,Sunday,Central,Supermarket,29.9,Cash,18,Bhatia Rakhi Hub 266,211.97,44
3909,Kids & Cartoon,Silk Thread,2026,6,Yes,Sunday,East,Local Street Vendor,27.8,Cash,1,Khanna Rakhi Hub 121,10.5,4
3239,Kids & Cartoon,Silk Thread,2026,7,Yes,Sunday,West,Online,30.3,Cash,5,Rastogi Festive Mart,17.95,12
2273,Eco-Friendly,Sandalwood (Chandan),2026,1,No,Tuesday,East,Local Street Vendor,37.8,Credit Card,6,Tandon Rakhi Hub 296,52.35,21
2732,Premium & Jewelry,Sterling Silver,2026,2,Yes,Sunday,Central,Local Street Vendor,,UPI,2,Gupta Rakhi Hub 165,532.89,9
3754,Eco-Friendly,Sterling Silver,2026,2,yES,Saturday,Central,Local Street Vendor,,Cash,4,Mehra Rakhi Point,135.73,15
757,Kids & Cartoon,Silk Thread,2026,3,#Yes,Saturday,East,Local Street Vendor,,UPI,5,Nanda Rakhi & Gifts,15.79,18
5708,Eco-Friendly,Silk Thread,2026,2,Yes,Sunday,Central,Supermarket,36.6,Cash,17,Saxena Gift House,38.66,41
1481,Kids & Cartoon,Silk Thread,2026,6,No,Wednesday,West,Local Street Vendor,29.5,Cash,2,Saxena Rakhi Hub 222,13.45,9
3772,Eco-Friendly,Sandalwood (Chandan),2026,4,nO,Tuesday,East,Local Street Vendor,29.4,Credit Card,4,Aggarwal Rakhi Hub 144,49.51,24
2642,Eco-Friendly,Sandalwood (Chandan),2026,2,No,Friday,East,Local Street Vendor,33.6,Credit Card,6,Rastogi Rakhi Hub 5,49.9,32
3335,Kids & Cartoon,Silk Thread,2026,4,Yes,Sunday,East,Online,28.2,UPI,6,Verma Rakhi Point,19.31,24
5343,Eco-Friendly,Sandalwood (Chandan),2026,5,No,Thursday,East,Online,27.2,Cash,3,Rastogi Rakhi Corner,265.2,13
1356,Premium & Jewelry,Sterling Silver,2026,5,No,Tuesday,East,Local Street Vendor,29.3,Cash,5,Arora Rakhi Bazaar,488.94,21
5019,Kids & Cartoon,Silk Thread,2026,6,nO,Friday,East,Local Street Vendor,32.2,Cash,3,Arora Traditions,11.97,12
5707,Eco-Friendly,Sandalwood (Chandan),2026,6,No,Wednesday,West,Supermarket,32.6,UPI,5,Sethi Rakhi Hub 33,93.56,31
4563,Premium & Jewelry,Sandalwood (Chandan),2026,2,Yes,Sunday,West,Local Street Vendor,37.8,Cash,12,Arora Traditions,190.87,34
3007,Kids & Cartoon,Silk Thread,2026,7,No,Thursday,Central,Online,31.9,Cash,4,Sharma Rakhi Hub 136,17.85,12
765,Eco-Friendly,Sandalwood (Chandan),2026,1,No,Wednesday,East,Supermarket,28.1,Credit Card,4,Khanna Festive Mart,66.58,18
3978,Premium & Jewelry,Sandalwood (Chandan),2026,6,No,Thursday,West,Online,27.9,Credit Card,2,Sethi Festive Mart,213.2,12
5637,Premium & Jewelry,Silk Thread,2026,2,yES,Sunday,East,Supermarket,46.3,UPI,3,Gupta Rakhi Hub 139,109.39,17
1972,Eco-Friendly,Silk Thread,2026,5,nO,Thursday,West,Online,29.0,UPI,7,Chawla Rakhi & Gifts,33.91,26
2719,Premium & Jewelry,Sterling Silver,2026,3,Yes,Sunday,East,Online,30.9,UPI,9,Sethi Rakhi Hub 160,779.65,26
198,Eco-Friendly,Silk Thread,2026,7,yES,Sunday,North,Supermarket,31.6,Cash,3,Kapoor Rakhi Hub 257,35.56,8
3899,Premium & Jewelry,Sterling Silver,2026,6,nO,Thursday,North,Online,37.2,Credit Card,5,Jain Rakhi Hub 159,792.51,15
2135,Kids & Cartoon,Silk Thread,2026,6,Yes,Sunday,Central,Local Street Vendor,,Cash,2,Rastogi Rakhi Store,12.74,7
1025,Kids & Cartoon,Silk Thread,2026,4,No,Monday,West,Supermarket,40.5,Credit Card,3,Aggarwal Rakhi Bazaar,15.96,17
2830,Eco-Friendly,Sandalwood (Chandan),2026,2,nO,Friday,Central,Supermarket,28.0,Credit Card,7,Saxena Rakhi Hub 83,55.78,22
753,Premium & Jewelry,Silk Thread,2026,2,No,Monday,West,Online,34.0,Cash,2,Tandon Rakhi Bazaar,128.95,9
352,Premium & Jewelry,Sandalwood (Chandan),2026,3,No,Thursday,East,Local Street Vendor,29.5,UPI,11,Kapoor Emporium,127.13,36
243,Premium & Jewelry,Sterling Silver,2026,4,Yes,Saturday,North,Local Street Vendor,34.4,Credit Card,10,Bansal Rakhi Hub 274,467.67,26
1314,Premium & Jewelry,Sterling Silver,2026,2,No,Wednesday,North,Online,38.2,Cash,6,Nanda Rakhi Hub 89,635.97,29
2915,Kids & Cartoon,Silk Thread,2026,1,No,Monday,Central,Local Street Vendor,23.4,UPI,4,Jain Festive Mart,14.18,21
3743,Eco-Friendly,Sandalwood (Chandan),2026,3,No,Tuesday,West,Local Street Vendor,30.1,UPI,3,Verma Rakhi Point,44.88,16
391,Kids & Cartoon,Silk Thread,2026,2,No,Monday,West,Supermarket,35.3,Cash,4,Bhatia Rakhi Hub 266,17.1,20
5533,Kids & Cartoon,Silk Thread,2026,6,No,Thursday,North,Supermarket,34.3,Cash,3,Gupta Rakhi Hub 27,15.44,15
3066,Kids & Cartoon,Silk Thread,2026,2,No,Monday,Central,Local Street Vendor,32.7,Cash,4,Khanna Rakhi Corner,13.22,22
562,Premium & Jewelry,Sterling Silver,2026,1,No,Monday,East,Supermarket,34.9,Cash,2,Mehra Rakhi Corner,742.3,9
2465,Premium & Jewelry,Sterling Silver,2026,6,No,Thursday,Central,Supermarket,32.9,Cash,5,Khanna Rakhi Hub 85,702.33,23
4272,Kids & Cartoon,Silk Thread,2026,4,Yes,Saturday,East,Online,33.7,UPI,6,Rastogi Rakhi Hub 178,21.72,21
4321,Eco-Friendly,Sandalwood (Chandan),2026,2,yES,Sunday,,Local Street Vendor,30.3,Credit Card,4,Sharma Emporium,36.22,16
4203,Premium & Jewelry,Sterling Silver,2026,4,yES,Saturday,East,Local Street Vendor,34.4,Cash,2,Khanna Rakhi Hub 126,565.28,9
4817,Premium & Jewelry,Silk Thread,2026,5,Yes,Sunday,West,Local Street Vendor,32.4,Cash,5,Khanna Rakhi Hub 121,68.89,14
5986,Kids & Cartoon,Silk Thread,2026,2,No,Wednesday,West,Online,33.6,Cash,21,Jain Rakhi Hub 119,23.75,115
1048,Eco-Friendly,Sandalwood (Chandan),2026,2,Yes,Sunday,East,Supermarket,37.4,Cash,7,Goel Rakhi Hub 244,75.13,36
3104,Eco-Friendly,Sandalwood (Chandan),2026,6,nO,Tuesday,East,Local Street Vendor,36.7,Credit Card,3,Tandon Traditions,37.53,11
1386,Premium & Jewelry,Silk Thread,2026,7,No,Wednesday,West,Local Street Vendor,33.0,UPI,1,Malhotra Rakhi Hub 4,92.18,5
415,Premium & Jewelry,Sterling Silver,2026,1,#Yes,Saturday,Central,Online,24.8,UPI,14,Sharma Rakhi Hub 180,640.27,57
4003,Eco-Friendly,Silk Thread,2026,7,nO,Monday,Central,Online,30.6,Cash,4,Saxena Rakhi Hub 213,40.11,14
2571,Premium & Jewelry,Sterling Silver,2026,5,No,Wednesday,West,Supermarket,36.7,Cash,11,Saxena Rakhi Hub 213,645.82,52
2003,Eco-Friendly,Silk Thread,2026,1,Yes,Sunday,,Supermarket,30.4,UPI,10,Nanda Rakhi Store,39.44,40
5945,Premium & Jewelry,Sterling Silver,2026,5,No,Thursday,East,Local Street Vendor,28.8,Cash,3,Jain Rakhi Hub 223,553.89,11
3115,Kids & Cartoon,Silk Thread,2026,2,Yes,Sunday,North,Local Street Vendor,28.9,Cash,8,Kapoor Rakhi Hub 270,12.61,30
3116,Kids & Cartoon,Silk Thread,2026,7,yES,Saturday,East,Online,32.2,Credit Card,11,Kapoor Rakhi Hub 97,14.38,33
2663,Kids & Cartoon,Sandalwood (Chandan),2026,7,Yes,Sunday,Central,Local Street Vendor,34.6,Cash,3,Bhatia Rakhi Hub 254,17.74,7
4140,Eco-Friendly,Sterling Silver,2026,6,No,Friday,West,Local Street Vendor,31.2,Cash,1,Saxena Handicrafts,136.3,3
5,Premium & Jewelry,Sterling Silver,2026,7,No,Tuesday,North,Online,34.1,Cash,5,Aggarwal Rakhi Hub 212,937.11,17
1604,Eco-Friendly,Sandalwood (Chandan),2026,5,Yes,Saturday,East,Online,34.1,Cash,11,Chopra Rakhi Hub 57,76.38,29
2997,Kids & Cartoon,Silk Thread,2026,4,No,Friday,North,Local Street Vendor,30.8,Credit Card,4,Mehra Rakhi Hub 81,13.05,18
843,Kids & Cartoon,Silk Thread,2026,3,No,Monday,Central,Local Street Vendor,32.0,Cash,8,Verma Rakhi Bazaar,14.44,44
1147,Eco-Friendly,Sandalwood (Chandan),2026,1,yES,Sunday,West,Online,33.3,Cash,18,Bansal Handicrafts,71.93,62
1833,Kids & Cartoon,Silk Thread,2026,1,Yes,Sunday,North,Online,30.1,Cash,13,Mehra Rakhi Hub 16,21.16,41
2448,Kids & Cartoon,Silk Thread,2026,2,Yes,Saturday,North,Local Street Vendor,27.7,UPI,10,Mehra Rakhi Hub 272,13.87,31
2817,Premium & Jewelry,Sandalwood (Chandan),2026,4,No,Monday,West,Local Street Vendor,34.3,Credit Card,6,Sethi Rakhi Bazaar,138.36,26
1254,Kids & Cartoon,Silk Thread,2026,4,yES,Sunday,Central,Supermarket,33.0,Credit Card,6,Gupta Rakhi Hub 176,15.81,18
5396,Kids & Cartoon,Silk Thread,2026,6,No,Monday,East,Online,26.9,Credit Card,6,Sethi Festive Mart,21.62,23
4465,Premium & Jewelry,Sterling Silver,2026,3,Yes,Saturday,Central,Local Street Vendor,,Cash,6,Arora Rakhi Store,526.77,26
4549,Eco-Friendly,Sandalwood (Chandan),2026,2,No,Thursday,North,Supermarket,30.8,Credit Card,5,Gupta Rakhi Hub 165,69.97,29
5105,Eco-Friendly,Sandalwood (Chandan),2026,1,No,Wednesday,East,Online,31.4,Cash,6,Aggarwal Rakhi Hub 157,83.06,31
5890,Premium & Jewelry,Sterling Silver,2026,6,nO,Monday,East,Local Street Vendor,30.5,Cash,6,Chopra Emporium,556.93,20
5671,Kids & Cartoon,Silk Thread,2026,5,No,Thursday,,Local Street Vendor,27.7,Cash,6,Sethi Emporium,13.29,25
379,Kids & Cartoon,Silk Thread,2026,2,nO,Friday,North,Online,29.7,Credit Card,15,Sethi Festive Mart,23.27,43
5814,Eco-Friendly,Sandalwood (Chandan),2026,5,Yes,Saturday,East,Supermarket,38.5,UPI,3,Saxena Rakhi Hub 83,74.4,17
3279,Kids & Cartoon,Silk Thread,2026,4,#Yes,Saturday,North,Local Street Vendor,33.3,Cash,2,Chawla Festive Mart,11.78,6
2387,Eco-Friendly,Sandalwood (Chandan),2026,1,No,Thursday,Central,Supermarket,31.3,Cash,17,Kapoor Rakhi Hub 97,48.77,19
4295,Eco-Friendly,Silk Thread,2026,2,yES,Sunday,West,Supermarket,33.8,Credit Card,11,Kapoor Handicrafts,36.23,29
4861,Kids & Cartoon,Silk Thread,2026,7,Yes,Sunday,East,Local Street Vendor,34.3,Credit Card,3,Kapoor Traditions,14.36,13
1732,Premium & Jewelry,Sterling Silver,2026,7,No,Thursday,East,Local Street Vendor,30.1,Cash,2,Bhatia Emporium,449.14,7
4464,Eco-Friendly,Sandalwood (Chandan),2026,2,#Yes,Sunday,Central,Local Street Vendor,28.2,UPI,13,Goel Rakhi Hub 208,51.61,50
2025,Kids & Cartoon,Silk Thread,2026,7,Yes,Saturday,North,Local Street Vendor,34.5,Cash,2,Bhatia Traditions,14.35,6
3045,Eco-Friendly,Sandalwood (Chandan),2026,1,No,Thursday,,Online,30.1,Cash,4,Khanna Rakhi Hub 293,94.43,15
3860,Premium & Jewelry,Sterling Silver,2026,5,No,Friday,East,Online,28.4,Cash,3,Aggarwal Rakhi Hub 90,741.77,17
5994,Eco-Friendly,Sandalwood (Chandan),2026,5,nO,Friday,North,Supermarket,28.4,Cash,38,Nanda Rakhi Point,60.61,42
4371,Premium & Jewelry,Sterling Silver,2026,4,No,Thursday,West,Online,39.5,Cash,9,Khanna Handicrafts,914.04,33
5220,Premium & Jewelry,Silk Thread,2026,7,No,Wednesday,North,Local Street Vendor,28.6,UPI,1,Sethi Handicrafts,309.8,6
3769,Kids & Cartoon,Silk Thread,2026,4,No,Monday,North,Online,31.8,Cash,1,Chawla Rakhi Hub 93,17.62,6
2754,Premium & Jewelry,Sandalwood (Chandan),2026,2,Yes,Sunday,North,Supermarket,33.7,Cash,5,Jain Handicrafts,192.51,22
5390,Eco-Friendly,Silk Thread,2026,6,No,Friday,East,Online,30.4,Cash,6,Chopra Rakhi Hub 12,29.17,27
4289,Eco-Friendly,Sandalwood (Chandan),2026,3,Yes,Saturday,East,Local Street Vendor,33.2,Credit Card,9,Bansal Rakhi Point,42.43,27
2486,Kids & Cartoon,Silk Thread,2026,7,Yes,Saturday,North,Supermarket,28.6,UPI,3,Chawla Rakhi Hub 94,21.78,8
3456,Eco-Friendly,Silk Thread,2026,5,No,Friday,East,Online,37.2,Credit Card,5,Kapoor Festive Mart,38.4,21
1455,Kids & Cartoon,Sandalwood (Chandan),2026,1,Yes,Saturday,West,Online,,UPI,31,Rastogi Rakhi Hub 50,32.5,89
3150,Premium & Jewelry,Sterling Silver,2026,4,No,Tuesday,East,Supermarket,33.5,UPI,3,Bhatia Traditions,1002.36,19
3299,Kids & Cartoon,Silk Thread,2026,7,nO,Wednesday,Central,Online,32.7,UPI,3,Tandon Rakhi Hub 163,17.22,11
4702,Kids & Cartoon,Silk Thread,2026,1,No,Thursday,East,Supermarket,31.1,Cash,7,Verma Rakhi Bazaar,17.33,44
3407,Kids & Cartoon,Silk Thread,2026,5,No,Thursday,Central,Local Street Vendor,37.3,Cash,1,Chawla Rakhi Hub 102,10.7,4
1176,Eco-Friendly,Sterling Silver,2026,4,No,Tuesday,West,Supermarket,32.4,Credit Card,6,Arora Rakhi Hub 219,223.17,20
4075,Premium & Jewelry,Sterling Silver,2026,6,Yes,Sunday,East,Supermarket,37.3,Cash,9,Kapoor Rakhi Bazaar,865.41,24
1439,Eco-Friendly,Silk Thread,2026,5,nO,Thursday,East,Supermarket,37.3,UPI,6,Sharma Rakhi Store,37.09,31
2211,Eco-Friendly,Sandalwood (Chandan),2026,4,No,Tuesday,West,Local Street Vendor,28.3,UPI,6,Arora Rakhi Hub 210,58.31,23
1996,Eco-Friendly,Sandalwood (Chandan),2026,3,Yes,Sunday,Central,Online,35.5,Cash,4,Mehra Rakhi Hub 16,56.15,12
3834,Kids & Cartoon,Silk Thread,2026,1,No,Friday,North,Local Street Vendor,32.6,Cash,5,Chawla Rakhi Hub 171,13.21,19
4467,Premium & Jewelry,Sterling Silver,2026,5,#Yes,Saturday,North,Local Street Vendor,29.0,UPI,4,Bhatia Emporium,579.92,17
1828,Kids & Cartoon,Silk Thread,2026,7,Yes,Sunday,Central,Local Street Vendor,27.8,Cash,1,Aggarwal Rakhi Hub 157,13.35,4
548,Premium & Jewelry,Sterling Silver,2026,1,No,Tuesday,East,Local Street Vendor,35.5,Credit Card,4,Tandon Handicrafts,451.64,25
5971,Kids & Cartoon,Silk Thread,2026,6,nO,Friday,East,Local Street Vendor,,Cash,1,Bhatia Traditions,12.25,6
3358,Kids & Cartoon,Silk Thread,2026,4,Yes,Saturday,Central,Online,36.8,UPI,8,Sharma Emporium,14.83,18
3186,Premium & Jewelry,Sandalwood (Chandan),2026,5,Yes,Sunday,West,Supermarket,34.9,Cash,16,Verma Rakhi Hub 236,229.96,20
1562,Kids & Cartoon,Silk Thread,2026,1,No,Monday,West,Online,34.2,Cash,20,Khanna Traditions,19.36,71
173,Premium & Jewelry,Sterling Silver,2026,1,nO,Thursday,East,Online,30.5,UPI,9,Arora Rakhi Hub 115,739.29,39
4938,Eco-Friendly,Sandalwood (Chandan),2026,3,yES,Saturday,North,Supermarket,29.2,Credit Card,7,Bansal Gift House,75.36,22
3615,Kids & Cartoon,Silk Thread,2026,4,No,Tuesday,East,Supermarket,30.2,Cash,2,Chopra Rakhi Hub 156,15.91,15
3520,Eco-Friendly,Silk Thread,2026,3,#Yes,Saturday,East,Online,36.0,Credit Card,11,Mehra Handicrafts,31.79,47
5012,Kids & Cartoon,Silk Thread,2026,5,No,Thursday,West,Local Street Vendor,30.5,Credit Card,5,Mehra Rakhi Hub 209,16.34,17
1594,Kids & Cartoon,Silk Thread,2026,7,Yes,Sunday,Central,Supermarket,29.1,Cash,6,Rastogi Rakhi Hub 224,20.2,15
5437,Eco-Friendly,Sandalwood (Chandan),2026,7,No,Wednesday,East,Supermarket,29.4,Credit Card,2,Saxena Gift House,55.51,10
1883,Kids & Cartoon,Silk Thread,2026,1,No,Wednesday,East,Supermarket,31.5,Cash,6,Aggarwal Rakhi Hub 179,18.11,28
5452,Kids & Cartoon,Sandalwood (Chandan),2026,6,No,Thursday,East,Local Street Vendor,27.2,Cash,3,Sharma Rakhi Hub 141,25.48,18
5110,Eco-Friendly,Sandalwood (Chandan),2026,5,Yes,Sunday,North,Online,32.5,UPI,3,Bansal Rakhi Hub 106,48.72,9
4801,Kids & Cartoon,Silk Thread,2026,2,No,Thursday,East,Supermarket,30.4,Cash,8,Bansal Emporium,13.69,34
1543,Kids & Cartoon,Silk Thread,2026,1,Yes,Sunday,North,Local Street Vendor,37.3,UPI,19,Rastogi Rakhi Corner,12.06,57
5295,Eco-Friendly,Sandalwood (Chandan),2026,3,#Yes,Sunday,North,Supermarket,31.0,Credit Card,5,Sharma Rakhi Hub 56,69.35,21
5542,Kids & Cartoon,Silk Thread,2026,2,No,Monday,North,Online,,UPI,41,Saxena Rakhi Hub 41,19.58,38
1501,Kids & Cartoon,Silk Thread,2026,2,No,Thursday,East,Online,31.5,Credit Card,10,Goel Rakhi Store,19.05,36
1039,Kids & Cartoon,Silk Thread,2026,2,nO,Thursday,West,Supermarket,32.5,Cash,4,Nanda Rakhi Hub 195,15.64,21
324,Kids & Cartoon,Silk Thread,2026,5,Yes,Saturday,Central,Local Street Vendor,32.9,Cash,1,Sethi Rakhi Hub 19,12.46,4
4082,Premium & Jewelry,Sterling Silver,2026,4,Yes,Saturday,West,Online,29.9,Cash,6,Sethi Rakhi Corner,796.36,24
4952,Eco-Friendly,Sandalwood (Chandan),2026,6,No,Tuesday,East,Supermarket,31.6,Cash,2,Chopra Rakhi Hub 166,61.12,11
4768,Kids & Cartoon,Silk Thread,2026,1,Yes,Sunday,West,Supermarket,33.4,Cash,7,Sharma Rakhi Corner,17.93,19
894,Premium & Jewelry,Sterling Silver,2026,5,No,Monday,Central,Supermarket,36.5,Credit Card,4,Bhatia Rakhi Hub 266,809.78,18
2318,Eco-Friendly,Sandalwood (Chandan),2026,7,Yes,Sunday,West,Supermarket,38.1,UPI,4,Nanda Rakhi Hub 229,67.47,19
5101,Kids & Cartoon,Silk Thread,2026,6,Yes,Sunday,East,Online,35.9,Cash,7,Mehra Rakhi Hub 148,18.61,15
325,Eco-Friendly,Sandalwood (Chandan),2026,7,nO,Tuesday,North,Local Street Vendor,31.4,UPI,1,Arora Rakhi Hub 218,47.97,2
1216,Kids & Cartoon,Silk Thread,2026,7,No,Tuesday,West,Local Street Vendor,33.3,Credit Card,1,Bansal Rakhi Hub 288,13.44,4
1855,Eco-Friendly,Silk Thread,2026,4,No,Tuesday,Central,Local Street Vendor,33.7,Cash,5,Sethi Rakhi Hub 276,27.22,23
3998,Kids & Cartoon,Silk Thread,2026,2,No,Thursday,Central,Supermarket,33.6,UPI,61,Sethi Rakhi Hub 280,12.83,211
4540,Kids & Cartoon,Sandalwood (Chandan),2026,4,No,Wednesday,Central,Local Street Vendor,26.7,UPI,3,Bansal Rakhi Hub 288,32.61,9
5084,Premium & Jewelry,Silk Thread,2026,7,Yes,Sunday,Central,Online,,Cash,6,Kapoor Emporium,142.13,15
4027,Kids & Cartoon,Sandalwood (Chandan),2026,6,yES,Saturday,West,Local Street Vendor,36.5,Cash,3,Sethi Rakhi Corner,29.38,16
1130,Eco-Friendly,Sandalwood (Chandan),2026,3,No,Monday,West,Local Street Vendor,32.8,Cash,7,Goel Rakhi Hub 208,34.83,38
5217,Kids & Cartoon,Silk Thread,2026,3,No,Thursday,East,Local Street Vendor,30.1,Cash,4,Chopra Festive Mart,10.15,11
5956,Kids & Cartoon,Silk Thread,2026,4,No,Tuesday,East,Local Street Vendor,29.0,UPI,7,Bansal Gift House,11.69,22
2039,Kids & Cartoon,Silk Thread,2026,3,Yes,Sunday,East,Supermarket,31.2,Credit Card,5,Tandon Rakhi Hub 60,17.68,12
665,Kids & Cartoon,Silk Thread,2026,3,Yes,Sunday,West,Supermarket,34.2,Credit Card,3,Malhotra Emporium,20.06,17
3329,Kids & Cartoon,Silk Thread,2026,7,Yes,Saturday,North,Online,29.4,UPI,4,Nanda Rakhi & Gifts,17.21,12
5998,Eco-Friendly,Sandalwood (Chandan),2026,3,No,Wednesday,North,Online,32.4,Cash,7,Sethi Rakhi Hub 113,52.48,39
209,Premium & Jewelry,Sterling Silver,2026,2,yES,Sunday,Central,Online,33.1,Cash,10,Sharma Rakhi Hub 259,929.72,25
2636,Kids & Cartoon,Silk Thread,2026,3,No,Wednesday,North,Online,48.3,UPI,5,Chopra Rakhi Hub 190,17.52,21
748,Kids & Cartoon,Silk Thread,2026,1,No,Monday,Central,Supermarket,22.2,UPI,13,Nanda Rakhi Hub 96,18.5,52
1740,Eco-Friendly,Sandalwood (Chandan),2026,2,No,Friday,North,Local Street Vendor,29.6,UPI,9,Saxena Rakhi Hub 262,47.92,30
799,Eco-Friendly,Sandalwood (Chandan),2026,6,Yes,Saturday,Central,Online,33.2,Cash,9,Verma Rakhi Hub 236,76.44,34
89,Premium & Jewelry,Sterling Silver,2026,5,#Yes,Sunday,West,Supermarket,32.4,Credit Card,5,Chawla Traditions,581.83,19
735,Premium & Jewelry,Sterling Silver,2026,6,nO,Wednesday,East,Supermarket,34.5,Cash,2,Sharma Emporium,624.47,7
5734,Eco-Friendly,Silk Thread,2026,4,No,Wednesday,North,Online,30.4,Credit Card,11,Mehra Rakhi Hub 285,42.83,31
3650,Eco-Friendly,Sandalwood (Chandan),2026,1,#Yes,Saturday,East,Local Street Vendor,27.4,Cash,13,Jain Gift House,42.53,59
2690,Kids & Cartoon,Silk Thread,2026,2,Yes,Saturday,East,Local Street Vendor,28.2,Credit Card,9,Malhotra Rakhi Hub 64,13.95,30
1175,Kids & Cartoon,Silk Thread,2026,3,No,Tuesday,West,Supermarket,34.7,UPI,9,Bansal Emporium,16.39,32
3143,Eco-Friendly,Silk Thread,2026,1,No,Monday,East,Local Street Vendor,30.0,Cash,2,Aggarwal Rakhi Point,24.77,10
5188,Kids & Cartoon,Silk Thread,2026,7,No,Friday,North,Online,32.5,Cash,3,Chawla Rakhi Hub 155,20.37,10
1154,Premium & Jewelry,Sterling Silver,2026,3,No,Wednesday,North,Supermarket,29.3,Credit Card,3,Aggarwal Traditions,594.75,13
199,Premium & Jewelry,Sterling Silver,2026,4,Yes,Saturday,Central,Online,33.3,Cash,9,Saxena Rakhi Hub 262,806.65,24
584,Kids & Cartoon,Silk Thread,2026,6,Yes,Sunday,Central,Local Street Vendor,33.1,Cash,3,Khanna Rakhi Hub 164,12.23,8
2344,Premium & Jewelry,Sterling Silver,2026,2,No,Tuesday,Central,Local Street Vendor,28.2,Credit Card,11,Nanda Rakhi Hub 79,578.69,36
1098,Eco-Friendly,Sandalwood (Chandan),2026,1,#Yes,Saturday,West,Local Street Vendor,30.1,Credit Card,11,Arora Rakhi Hub 210,58.77,28
549,Eco-Friendly,Sandalwood (Chandan),2026,3,No,Tuesday,East,Supermarket,34.0,Credit Card,2,Goel Rakhi Hub 107,302.56,8
2057,Eco-Friendly,Sandalwood (Chandan),2026,2,nO,Friday,Central,Local Street Vendor,27.4,UPI,6,Goel Rakhi Hub 239,46.78,23
3901,Premium & Jewelry,Sterling Silver,2026,2,No,Tuesday,North,Local Street Vendor,30.1,Cash,3,Sethi Gift House,466.46,13
1397,Kids & Cartoon,Silk Thread,2026,7,No,Wednesday,West,Supermarket,27.3,Credit Card,2,Gupta Rakhi Hub 291,14.16,7
4922,Premium & Jewelry,Sterling Silver,2026,5,No,Wednesday,,Supermarket,27.3,Cash,4,Chawla Rakhi Hub 269,418.88,12
1322,Kids & Cartoon,Silk Thread,2026,7,No,Monday,North,Supermarket,32.8,Credit Card,3,Chawla Rakhi Hub 93,15.75,19
4158,Premium & Jewelry,Silk Thread,2026,3,No,Friday,West,Supermarket,33.3,UPI,4,Rastogi Handicrafts,138.21,23
3819,Kids & Cartoon,Silk Thread,2026,6,No,Tuesday,,Supermarket,30.8,Cash,3,Khanna Emporium,16.9,12
2651,Eco-Friendly,Sandalwood (Chandan),2026,1,Yes,Saturday,West,Online,33.2,Credit Card,8,Khanna Gift House,57.56,24
5346,Premium & Jewelry,Sterling Silver,2026,4,No,Friday,East,Local Street Vendor,28.4,Credit Card,2,Rastogi Rakhi Point,473.25,7
4884,Kids & Cartoon,Silk Thread,2026,5,No,Wednesday,West,Local Street Vendor,31.5,Cash,4,Sethi Rakhi Hub 19,13.6,12
5235,Eco-Friendly,Sandalwood (Chandan),2026,5,Yes,Saturday,Central,Local Street Vendor,27.9,Credit Card,5,Chawla Rakhi Store,50.11,15
3767,Kids & Cartoon,Silk Thread,2026,5,Yes,Sunday,North,Local Street Vendor,35.3,Cash,7,Aggarwal Rakhi Corner,12.05,21
3610,Premium & Jewelry,Sterling Silver,2026,5,No,Tuesday,West,Local Street Vendor,34.8,UPI,4,Bansal Rakhi Hub 58,432.12,13
5170,Kids & Cartoon,Silk Thread,2026,6,No,Friday,East,Local Street Vendor,32.9,Cash,4,Tandon Rakhi Hub 60,12.83,14
3080,Premium & Jewelry,Sterling Silver,2026,7,No,Tuesday,North,Supermarket,37.5,Cash,3,Sethi Rakhi Hub 242,753.06,12
2784,Kids & Cartoon,Silk Thread,2026,7,No,Thursday,Central,Local Street Vendor,28.7,Cash,1,Mehra Rakhi Hub 6,15.71,6
2269,Eco-Friendly,Sandalwood (Chandan),2026,2,nO,Tuesday,East,Supermarket,33.4,Cash,86,Tandon Rakhi Hub 103,85.8,54
1672,Kids & Cartoon,Silk Thread,2026,1,No,Thursday,North,Supermarket,30.0,Cash,11,Bansal Rakhi Hub 274,14.22,52
938,Premium & Jewelry,Sterling Silver,2026,2,No,Monday,Central,Local Street Vendor,31.5,Credit Card,7,Sharma Rakhi Hub 141,439.32,20
2220,Kids & Cartoon,Silk Thread,2026,1,nO,Wednesday,East,Online,21.4,Cash,26,Rastogi Traditions,18.5,77
2671,Kids & Cartoon,Silk Thread,2026,4,No,Monday,North,Supermarket,27.9,Cash,7,Sharma Rakhi Hub 78,14.88,23
2779,Premium & Jewelry,Sandalwood (Chandan),2026,3,Yes,Sunday,West,Online,38.0,Cash,3,Saxena Rakhi Hub 255,288.71,9
3165,Kids & Cartoon,Silk Thread,2026,7,Yes,Sunday,East,Supermarket,33.3,Cash,4,Khanna Rakhi Corner,17.9,14
4693,Eco-Friendly,Silk Thread,2026,5,No,Tuesday,East,Supermarket,35.1,Credit Card,6,Nanda Rakhi Hub 129,36.36,19
5045,Premium & Jewelry,Sterling Silver,2026,5,nO,Friday,Central,Supermarket,28.1,Credit Card,6,Kapoor Rakhi Hub 66,732.01,20
4772,Kids & Cartoon,Silk Thread,2026,5,yES,Saturday,Central,Supermarket,33.2,Credit Card,6,Bhatia Rakhi Hub 51,17.09,25
4377,Eco-Friendly,Sandalwood (Chandan),2026,6,nO,Friday,East,Local Street Vendor,36.3,Cash,2,Malhotra Rakhi Hub 38,38.54,9
4767,Kids & Cartoon,Silk Thread,2026,4,No,Thursday,Central,Supermarket,40.6,Credit Card,3,Saxena Handicrafts,13.74,11
4302,Eco-Friendly,Sandalwood (Chandan),2026,2,No,Tuesday,North,Supermarket,34.5,Cash,3,Khanna Rakhi Hub 85,55.85,15
5000,Kids & Cartoon,Sandalwood (Chandan),2026,7,Yes,Sunday,East,Local Street Vendor,31.8,Cash,2,Gupta Rakhi Hub 70,30.32,5
3529,Eco-Friendly,Sandalwood (Chandan),2026,3,nO,Thursday,North,Local Street Vendor,33.6,UPI,37,Jain Rakhi Hub 135,41.54,33
4545,Kids & Cartoon,Silk Thread,2026,4,Yes,Sunday,North,Supermarket,33.1,UPI,15,Tandon Gift House,18.01,38
621,Eco-Friendly,Sandalwood (Chandan),2026,3,No,Friday,North,Local Street Vendor,37.2,Cash,5,Nanda Traditions,48.19,33
1453,Eco-Friendly,Sandalwood (Chandan),2026,3,Yes,Sunday,North,Local Street Vendor,32.7,Credit Card,5,Sharma Rakhi Corner,56.48,13
1183,Premium & Jewelry,Sterling Silver,2026,7,No,Thursday,Central,Online,27.3,Credit Card,1,Chawla Gift House,686.0,7
4113,Eco-Friendly,Sandalwood (Chandan),2026,7,nO,Wednesday,West,Local Street Vendor,,Credit Card,0,Saxena Handicrafts,36.52,3
4858,Kids & Cartoon,Silk Thread,2026,3,No,Thursday,West,Online,35.5,Credit Card,14,Khanna Rakhi Hub 85,22.17,41
479,Kids & Cartoon,Silk Thread,2026,1,#Yes,Sunday,West,Local Street Vendor,29.9,UPI,11,Bansal Rakhi Hub 13,12.62,39
1353,Premium & Jewelry,Sandalwood (Chandan),2026,3,Yes,Sunday,North,Local Street Vendor,32.1,Cash,3,Gupta Rakhi Hub 282,168.4,13
4501,Premium & Jewelry,Sterling Silver,2026,1,No,Monday,East,Online,29.9,Credit Card,7,Chawla Rakhi Corner,865.14,22
1895,Kids & Cartoon,Silk Thread,2026,6,Yes,Saturday,West,Local Street Vendor,29.9,Cash,5,Sharma Rakhi & Gifts,15.37,17
5749,Eco-Friendly,Sandalwood (Chandan),2026,2,nO,Tuesday,East,Local Street Vendor,29.0,Cash,6,Sharma Rakhi Hub 84,42.22,24
1719,Kids & Cartoon,Silk Thread,2026,2,No,Tuesday,East,Supermarket,43.6,UPI,8,Bhatia Traditions,16.57,58
3502,Kids & Cartoon,Silk Thread,2026,5,No,Thursday,East,Local Street Vendor,30.1,UPI,5,Goel Rakhi Point,11.07,22
1769,Premium & Jewelry,Sandalwood (Chandan),2026,5,No,Tuesday,Central,Local Street Vendor,25.2,UPI,5,Nanda Rakhi Store,152.0,14
1034,Eco-Friendly,Silk Thread,2026,4,Yes,Sunday,Central,Supermarket,30.1,UPI,2,Aggarwal Emporium,36.22,7
3414,Premium & Jewelry,Sandalwood (Chandan),2026,1,Yes,Saturday,East,Supermarket,33.5,Cash,19,Mehra Traditions,180.41,60
287,Premium & Jewelry,Sterling Silver,2026,1,No,Friday,East,Local Street Vendor,35.2,Credit Card,5,Sharma Rakhi Hub 61,530.9,26
551,Kids & Cartoon,Silk Thread,2026,3,No,Wednesday,Central,Supermarket,31.8,UPI,7,Gupta Festive Mart,19.56,26
3611,Kids & Cartoon,Sandalwood (Chandan),2026,3,No,Friday,,Local Street Vendor,33.7,Cash,6,Nanda Festive Mart,19.9,26
4299,Kids & Cartoon,Silk Thread,2026,1,No,Thursday,North,Online,,Cash,55,Jain Rakhi Corner,19.35,47
4558,Eco-Friendly,Silk Thread,2026,5,No,Thursday,Central,Supermarket,33.5,UPI,1,Arora Rakhi Hub 46,42.89,8
5517,Premium & Jewelry,Sandalwood (Chandan),2026,4,#Yes,Sunday,East,Local Street Vendor,34.5,Credit Card,1,Nanda Traditions,141.98,5
2843,Kids & Cartoon,Silk Thread,2026,6,nO,Thursday,West,Supermarket,30.2,Cash,11,Bhatia Rakhi Corner,19.5,34
1784,Premium & Jewelry,Sterling Silver,2026,6,Yes,Saturday,,Local Street Vendor,49.6,Cash,4,Chawla Rakhi Store,517.31,16
1426,Kids & Cartoon,Silk Thread,2026,5,#Yes,Saturday,North,Local Street Vendor,36.5,Credit Card,21,Verma Rakhi Hub 95,12.08,53
3302,Kids & Cartoon,Silk Thread,2026,6,Yes,Sunday,Central,Local Street Vendor,28.2,UPI,8,Sethi Rakhi Hub 131,11.49,20
2590,Kids & Cartoon,Silk Thread,2026,1,Yes,Sunday,,Supermarket,30.3,Credit Card,8,Jain Rakhi Hub 87,15.29,28
5195,Eco-Friendly,Sandalwood (Chandan),2026,7,nO,Friday,North,Local Street Vendor,34.9,Credit Card,3,Rastogi Rakhi Corner,39.62,16
5013,Premium & Jewelry,Sterling Silver,2026,5,No,Friday,East,Supermarket,29.1,Credit Card,6,Verma Rakhi Hub 95,642.34,19
4822,Premium & Jewelry,Sterling Silver,2026,3,Yes,Sunday,West,Local Street Vendor,30.6,Cash,7,Khanna Rakhi Hub 120,508.23,30
5938,Kids & Cartoon,Sandalwood (Chandan),2026,6,No,Tuesday,West,Supermarket,31.4,Cash,2,Tandon Emporium,28.75,13
1617,Premium & Jewelry,Sterling Silver,2026,4,No,Friday,Central,Local Street Vendor,37.9,UPI,9,Chopra Rakhi Hub 145,491.91,42
5913,Kids & Cartoon,Sandalwood (Chandan),2026,7,nO,Monday,Central,Online,31.0,UPI,3,Arora Traditions,34.58,9
3060,Premium & Jewelry,Sandalwood (Chandan),2026,5,No,Friday,East,Local Street Vendor,26.6,Credit Card,6,Goel Rakhi Hub 100,145.25,22
2646,Eco-Friendly,Sandalwood (Chandan),2026,6,Yes,Saturday,,Local Street Vendor,44.9,Cash,1,Arora Festive Mart,51.61,9
2482,Premium & Jewelry,Sterling Silver,2026,1,#Yes,Sunday,East,Online,28.9,Cash,12,Mehra Rakhi Hub 148,834.11,28
2652,Kids & Cartoon,Sandalwood (Chandan),2026,5,nO,Tuesday,North,Supermarket,37.5,Cash,2,Khanna Rakhi Hub 121,25.84,11
3106,Kids & Cartoon,Silk Thread,2026,1,No,Thursday,West,Local Street Vendor,27.6,UPI,6,Gupta Rakhi Hub 187,9.52,23
1785,Premium & Jewelry,Sterling Silver,2026,2,No,Thursday,West,Online,33.5,UPI,7,Jain Rakhi Hub 289,722.2,26
1576,Premium & Jewelry,Sandalwood (Chandan),2026,6,Yes,Saturday,Central,Online,26.4,Cash,4,Goel Rakhi Hub 100,206.94,12
4887,Premium & Jewelry,Sterling Silver,2026,6,Yes,Sunday,East,Local Street Vendor,39.9,Credit Card,8,Kapoor Traditions,602.28,26
4640,Premium & Jewelry,Sterling Silver,2026,4,No,Friday,North,Local Street Vendor,32.1,Cash,3,Sharma Traditions,636.71,14
702,Kids & Cartoon,Silk Thread,2026,7,No,Thursday,West,Online,35.1,Credit Card,1,Khanna Rakhi Hub 85,15.13,4
4636,Premium & Jewelry,Sterling Silver,2026,6,No,Monday,East,Online,39.6,Cash,3,Chopra Gift House,806.38,17
4843,Premium & Jewelry,Sterling Silver,2026,6,No,Friday,North,Supermarket,31.6,Cash,4,Sharma Rakhi Point,555.68,11
3475,Kids & Cartoon,Silk Thread,2026,3,No,Wednesday,North,Local Street Vendor,24.6,Cash,5,Khanna Traditions,13.76,24
4247,Eco-Friendly,Sterling Silver,2026,3,yES,Saturday,Central,Local Street Vendor,25.6,Cash,4,Kapoor Rakhi Hub 63,152.36,13
4008,Premium & Jewelry,Sandalwood (Chandan),2026,2,No,Friday,Central,Local Street Vendor,32.8,UPI,2,Bansal Rakhi Hub 288,153.33,12
2522,Kids & Cartoon,Silk Thread,2026,3,No,Monday,Central,Local Street Vendor,29.6,Credit Card,5,Jain Rakhi Hub 197,15.26,17
5175,Premium & Jewelry,Sterling Silver,2026,1,No,Monday,West,Local Street Vendor,28.9,Cash,7,Chawla Rakhi Store,568.07,36
2355,Kids & Cartoon,Silk Thread,2026,7,No,Wednesday,North,Local Street Vendor,33.1,Credit Card,1,Sethi Festive Mart,11.85,6
4740,Kids & Cartoon,Silk Thread,2026,7,Yes,Sunday,East,Local Street Vendor,31.0,Cash,2,Saxena Rakhi Hub 49,12.41,5
834,Kids & Cartoon,Sandalwood (Chandan),2026,7,No,Thursday,North,Local Street Vendor,30.3,Cash,3,Bhatia Rakhi Hub 80,21.55,12
2226,Premium & Jewelry,Sterling Silver,2026,1,Yes,Saturday,North,Online,35.0,UPI,33,Aggarwal Rakhi Hub 212,616.39,32
5850,Eco-Friendly,Silk Thread,2026,1,Yes,Saturday,East,Online,33.0,UPI,21,Bansal Rakhi Hub 99,42.29,89
550,Kids & Cartoon,Silk Thread,2026,6,No,Wednesday,West,Local Street Vendor,36.7,Cash,2,Gupta Rakhi Hub 165,13.41,9
1021,Eco-Friendly,Sandalwood (Chandan),2026,7,Yes,Saturday,East,Supermarket,32.0,Credit Card,3,Saxena Handicrafts,52.4,8
249,Kids & Cartoon,Silk Thread,2026,4,No,Tuesday,Central,Supermarket,27.3,Cash,5,Sharma Emporium,19.19,19
2265,Kids & Cartoon,Silk Thread,2026,1,No,Friday,Central,Supermarket,28.5,Cash,5,Verma Handicrafts,17.34,18
3708,Kids & Cartoon,Sandalwood (Chandan),2026,3,Yes,Saturday,,Supermarket,26.4,Cash,11,Chopra Rakhi & Gifts,34.3,34
297,Eco-Friendly,Sandalwood (Chandan),2026,7,Yes,Sunday,North,Local Street Vendor,30.3,UPI,6,Chawla Rakhi Hub 155,52.61,18
2664,Premium & Jewelry,Sandalwood (Chandan),2026,4,No,Tuesday,West,Supermarket,,Credit Card,6,Khanna Rakhi Hub 85,197.17,24
3001,Eco-Friendly,Sandalwood (Chandan),2026,7,yES,Saturday,East,Local Street Vendor,29.1,Credit Card,3,Mehra Rakhi Store,41.21,7
4894,Premium & Jewelry,Sterling Silver,2026,5,No,Wednesday,East,Online,29.7,Cash,4,Jain Rakhi Hub 150,663.74,14
2319,Kids & Cartoon,Silk Thread,2026,5,nO,Thursday,Central,Local Street Vendor,27.5,UPI,6,Sethi Emporium,15.82,18
165,Kids & Cartoon,Silk Thread,2026,2,No,Tuesday,West,Local Street Vendor,33.2,Cash,7,Tandon Gift House,65.83,22
101,Eco-Friendly,Sandalwood (Chandan),2026,3,No,Thursday,Central,Supermarket,34.4,Cash,6,Arora Rakhi Point,52.1,19
4630,Premium & Jewelry,Sterling Silver,2026,7,nO,Thursday,East,Local Street Vendor,36.2,Cash,1,Nanda Rakhi Hub 79,506.17,6
4774,Kids & Cartoon,Silk Thread,2026,4,No,Tuesday,Central,Local Street Vendor,33.3,Credit Card,6,Goel Rakhi Corner,13.57,26
3839,Eco-Friendly,Sandalwood (Chandan),2026,1,Yes,Saturday,West,Supermarket,29.9,Cash,15,Mehra Rakhi Hub 81,56.79,49
2859,Eco-Friendly,Silk Thread,2026,3,yES,Saturday,North,Supermarket,26.0,UPI,6,Chawla Rakhi Hub 48,34.42,17
2292,Eco-Friendly,Sandalwood (Chandan),2026,1,Yes,Sunday,Central,Online,38.1,Cash,7,Sharma Rakhi & Gifts,96.61,24
533,Kids & Cartoon,Silk Thread,2026,2,Yes,Sunday,Central,Local Street Vendor,30.4,UPI,16,Arora Gift House,15.07,44
4694,Eco-Friendly,Silk Thread,2026,1,No,Tuesday,West,Supermarket,36.0,UPI,5,Jain Rakhi Bazaar,28.73,28
5050,Eco-Friendly,Silk Thread,2026,7,No,Friday,Central,Local Street Vendor,34.6,UPI,7,Rastogi Rakhi & Gifts,21.81,24
3371,Eco-Friendly,Sandalwood (Chandan),2026,7,No,Friday,Central,Online,35.9,UPI,8,Sharma Traditions,77.85,31
1371,Premium & Jewelry,Sterling Silver,2026,1,No,Thursday,Central,Supermarket,30.8,Cash,3,Arora Handicrafts,552.89,12
3295,Kids & Cartoon,Silk Thread,2026,6,nO,Wednesday,East,Supermarket,32.0,Cash,2,Arora Rakhi Hub 219,16.98,12
347,Eco-Friendly,Sandalwood (Chandan),2026,2,nO,Friday,North,Supermarket,33.5,Credit Card,4,Saxena Rakhi Hub 294,49.34,21
937,Eco-Friendly,Sandalwood (Chandan),2026,2,No,Wednesday,North,Supermarket,28.7,Credit Card,22,Chawla Rakhi Hub 93,53.92,64
3873,Premium & Jewelry,Sterling Silver,2026,4,No,Tuesday,North,Online,27.3,UPI,2,Goel Rakhi Hub 239,893.4,11
3857,Eco-Friendly,Sandalwood (Chandan),2026,2,No,Monday,East,Supermarket,,UPI,6,Arora Rakhi Hub 108,61.39,37
5535,Eco-Friendly,Silk Thread,2026,7,No,Friday,North,Supermarket,35.3,Cash,3,Kapoor Rakhi Hub 270,33.35,10
682,Premium & Jewelry,Sandalwood (Chandan),2026,4,No,Tuesday,East,Supermarket,37.9,UPI,6,Verma Rakhi Hub 264,183.77,21
1849,Kids & Cartoon,Silk Thread,2026,6,yES,Saturday,East,Local Street Vendor,34.7,Cash,3,Khanna Rakhi Hub 164,12.4,12
3359,Kids & Cartoon,Silk Thread,2026,6,#Yes,Saturday,West,Local Street Vendor,32.0,Credit Card,3,Saxena Festive Mart,13.71,12
5182,Kids & Cartoon,Sterling Silver,2026,7,No,Friday,East,Supermarket,33.4,Cash,6,Aggarwal Rakhi Hub 90,123.89,19
5802,Kids & Cartoon,Silk Thread,2026,6,No,Thursday,West,Local Street Vendor,30.9,Credit Card,7,Aggarwal Rakhi & Gifts,11.04,24
2745,Kids & Cartoon,Silk Thread,2026,5,No,Thursday,North,Supermarket,30.3,Cash,3,Goel Handicrafts,17.07,11
1567,Premium & Jewelry,Sterling Silver,2026,4,Yes,Sunday,Central,Supermarket,35.1,Cash,9,Jain Rakhi Hub 37,702.22,26
4223,Kids & Cartoon,Silk Thread,2026,2,Yes,Saturday,North,Local Street Vendor,28.8,UPI,4,Saxena Rakhi Hub 278,14.6,14
3441,Premium & Jewelry,Sterling Silver,2026,5,No,Thursday,West,Online,27.4,Credit Card,86,Kapoor Rakhi Hub 199,626.37,294
5373,Premium & Jewelry,Sterling Silver,2026,6,yES,Sunday,East,Online,37.5,Cash,8,Verma Rakhi Hub 30,861.77,20
1244,Premium & Jewelry,Sandalwood (Chandan),2026,6,Yes,Sunday,East,Local Street Vendor,34.9,Cash,3,Saxena Rakhi Hub 23,133.36,10
5065,Eco-Friendly,Silk Thread,2026,6,No,Thursday,East,Supermarket,25.8,UPI,3,Mehra Rakhi Hub 148,35.6,15
4730,Kids & Cartoon,Silk Thread,2026,2,No,Monday,,Supermarket,33.9,Cash,6,Jain Rakhi Hub 202,15.06,27
1182,Premium & Jewelry,Sterling Silver,2026,5,No,Thursday,West,Online,31.9,Cash,6,Saxena Rakhi Hub 158,948.25,16
1376,Premium & Jewelry,Sterling Silver,2026,3,No,Wednesday,West,Supermarket,29.0,Cash,4,Mehra Rakhi Hub 183,644.51,16
3153,Kids & Cartoon,Silk Thread,2026,6,#Yes,Saturday,Central,Online,33.3,Credit Card,27,Mehra Rakhi Hub 240,30.12,21
1545,Kids & Cartoon,Silk Thread,2026,2,No,Tuesday,,Supermarket,33.8,Cash,21,Jain Rakhi Hub 37,20.77,99
1993,Kids & Cartoon,Silk Thread,2026,6,No,Monday,Central,Local Street Vendor,29.9,Credit Card,5,Rastogi Rakhi Hub 224,11.97,24
3737,Premium & Jewelry,Sterling Silver,2026,5,yES,Sunday,East,Supermarket,18.3,UPI,7,Sharma Festive Mart,791.17,29
4170,Kids & Cartoon,Silk Thread,2026,5,No,Wednesday,West,Online,31.4,Cash,5,Saxena Rakhi Hub 213,17.8,18
3756,Kids & Cartoon,Silk Thread,2026,2,No,Tuesday,North,Supermarket,34.7,Cash,7,Sethi Rakhi Corner,14.2,35
5909,Premium & Jewelry,Sterling Silver,2026,7,#Yes,Sunday,West,Supermarket,37.5,UPI,3,Khanna Traditions,826.92,8
5236,Kids & Cartoon,Silk Thread,2026,5,No,Tuesday,North,Online,31.5,Cash,4,Sethi Rakhi & Gifts,18.2,18
3223,Eco-Friendly,Sandalwood (Chandan),2026,2,yES,Saturday,North,Local Street Vendor,56.1,Cash,1,Saxena Rakhi Hub 17,50.47,8
85,Premium & Jewelry,Sterling Silver,2026,4,Yes,Saturday,East,Local Street Vendor,34.8,Cash,9,Sethi Rakhi Hub 238,596.81,23
5857,Kids & Cartoon,Silk Thread,2026,4,Yes,Saturday,East,Local Street Vendor,32.2,Credit Card,4,Aggarwal Gift House,11.24,9
1559,Kids & Cartoon,Silk Thread,2026,5,Yes,Sunday,West,Local Street Vendor,34.9,UPI,5,Sharma Rakhi Hub 141,12.85,14
3722,Kids & Cartoon,Sandalwood (Chandan),2026,4,No,Thursday,East,Supermarket,30.3,Cash,7,Sharma Rakhi Store,27.43,31
3621,Kids & Cartoon,Silk Thread,2026,3,Yes,Saturday,East,Online,27.2,UPI,5,Chawla Rakhi Hub 201,16.19,18
2628,Kids & Cartoon,Sandalwood (Chandan),2026,6,No,Thursday,North,Online,32.1,Cash,4,Khanna Rakhi Hub 184,30.01,22
1688,Kids & Cartoon,Silk Thread,2026,2,#Yes,Sunday,West,Supermarket,,UPI,6,Malhotra Festive Mart,19.37,31
419,Premium & Jewelry,Sandalwood (Chandan),2026,3,Yes,Sunday,Central,Local Street Vendor,32.5,Credit Card,13,Verma Rakhi Hub 151,172.09,30
5609,Kids & Cartoon,Silk Thread,2026,5,Yes,Sunday,East,Supermarket,33.0,UPI,5,Verma Rakhi Hub 73,74.26,12
1783,Premium & Jewelry,Sterling Silver,2026,4,#Yes,Sunday,East,Local Street Vendor,29.1,Credit Card,3,Saxena Emporium,674.44,15
3249,Eco-Friendly,Sandalwood (Chandan),2026,7,No,Thursday,North,Supermarket,31.5,UPI,2,Mehra Rakhi Store,73.16,8
1082,Eco-Friendly,Sandalwood (Chandan),2026,3,No,Tuesday,North,Supermarket,31.6,Cash,15,Tandon Rakhi Hub 47,70.59,51
4963,Kids & Cartoon,Sandalwood (Chandan),2026,5,No,Tuesday,,Local Street Vendor,34.4,Credit Card,5,Bansal Rakhi Point,26.86,25
900,Kids & Cartoon,Sandalwood (Chandan),2026,4,No,Friday,North,Supermarket,26.5,Credit Card,11,Jain Festive Mart,26.32,50
294,Premium & Jewelry,Sandalwood (Chandan),2026,3,No,Thursday,East,Supermarket,,UPI,9,Chawla Rakhi Hub 155,177.96,29
5849,Premium & Jewelry,Sterling Silver,2026,1,Yes,Sunday,Central,Online,24.8,Cash,9,Mehra Rakhi Hub 275,795.56,34
3648,Kids & Cartoon,Silk Thread,2026,6,No,Friday,North,Online,34.3,Credit Card,3,Jain Rakhi & Gifts,20.56,11
2027,Eco-Friendly,Sandalwood (Chandan),2026,3,nO,Wednesday,Central,Local Street Vendor,31.0,Cash,3,Saxena Rakhi Hub 227,48.53,12
5645,Kids & Cartoon,Silk Thread,2026,4,No,Friday,North,Local Street Vendor,27.5,Credit Card,21,Bansal Rakhi Hub 268,14.71,87
5799,Kids & Cartoon,Silk Thread,2026,3,No,Monday,East,Supermarket,29.3,Cash,8,Malhotra Rakhi Point,17.62,31
3588,Kids & Cartoon,Silk Thread,2026,5,Yes,Sunday,Central,Supermarket,36.4,Cash,7,Nanda Festive Mart,19.97,26
2685,Premium & Jewelry,Sterling Silver,2026,1,No,Monday,North,Supermarket,32.3,Credit Card,17,Goel Gift House,659.1,55
1150,Eco-Friendly,Sandalwood (Chandan),2026,5,yES,Sunday,East,Online,35.7,Cash,4,Chawla Rakhi Hub 125,83.56,17
1756,Kids & Cartoon,Sandalwood (Chandan),2026,2,No,Monday,West,Online,32.9,Cash,6,Malhotra Rakhi Hub 38,32.25,28
3420,Eco-Friendly,Sandalwood (Chandan),2026,2,yES,Sunday,West,Supermarket,26.8,Cash,3,Bhatia Rakhi & Gifts,74.55,11
1722,Premium & Jewelry,Sandalwood (Chandan),2026,4,No,Monday,North,Supermarket,33.2,Cash,5,Goel Traditions,218.21,22
3770,Kids & Cartoon,Silk Thread,2026,4,No,Thursday,Central,Local Street Vendor,33.3,Cash,3,Jain Rakhi Bazaar,11.16,8
2364,Eco-Friendly,Sandalwood (Chandan),2026,7,#Yes,Saturday,West,Online,,Credit Card,4,Aggarwal Rakhi Hub 162,69.06,13
2686,Eco-Friendly,Silk Thread,2026,1,No,Friday,East,Local Street Vendor,32.1,Cash,11,Jain Handicrafts,22.8,58
3528,Premium & Jewelry,Sterling Silver,2026,3,Yes,Sunday,Central,Local Street Vendor,32.1,Credit Card,4,Rastogi Rakhi Hub 189,412.51,17
2572,Kids & Cartoon,Sandalwood (Chandan),2026,5,yES,Sunday,West,Supermarket,36.4,Cash,6,Verma Rakhi Hub 196,28.53,14
2349,Premium & Jewelry,Sterling Silver,2026,4,Yes,Saturday,East,Supermarket,30.6,Cash,14,Arora Rakhi Hub 218,743.62,62
5710,Kids & Cartoon,Silk Thread,2026,6,No,Thursday,West,Local Street Vendor,34.7,Cash,4,Bansal Rakhi & Gifts,15.79,13
4455,Kids & Cartoon,Silk Thread,2026,6,No,Wednesday,East,Online,41.0,Credit Card,2,Aggarwal Rakhi Hub 144,25.7,10
2313,Kids & Cartoon,Silk Thread,2026,4,Yes,Sunday,North,Local Street Vendor,26.7,UPI,5,Rastogi Rakhi Hub 231,13.27,17
321,Eco-Friendly,Silk Thread,2026,1,nO,Friday,East,Supermarket,18.2,Cash,5,Sethi Rakhi Point,29.32,24
2995,Kids & Cartoon,Silk Thread,2026,4,#Yes,Sunday,North,Online,27.8,Cash,7,Saxena Rakhi Hub 252,26.11,25
5150,Premium & Jewelry,Sterling Silver,2026,4,nO,Friday,West,Supermarket,30.9,Cash,6,Sharma Rakhi Hub 136,582.05,23
733,Premium & Jewelry,Sandalwood (Chandan),2026,3,#Yes,Saturday,Central,Local Street Vendor,27.3,UPI,2,Saxena Gift House,141.16,7
4103,Kids & Cartoon,Sandalwood (Chandan),2026,3,No,Wednesday,West,Online,40.7,Cash,4,Nanda Rakhi Point,40.25,31
4534,Kids & Cartoon,Silk Thread,2026,6,No,Thursday,Central,Supermarket,35.7,Cash,5,Mehra Rakhi Hub 209,18.34,17
4909,Kids & Cartoon,Silk Thread,2026,3,No,Friday,West,Local Street Vendor,35.1,UPI,5,Tandon Rakhi Hub 168,14.35,21
374,Kids & Cartoon,Silk Thread,2026,1,Yes,Saturday,West,Supermarket,,Cash,7,Chawla Rakhi Hub 102,12.96,24
2057,Eco-Friendly,Sandalwood (Chandan),2026,2,nO,Friday,Central,Local Street Vendor,27.4,UPI,6,Goel Rakhi Hub 239,46.78,23
5784,Eco-Friendly,Sandalwood (Chandan),2026,3,nO,Monday,East,Local Street Vendor,29.9,Cash,3,Jain Rakhi Bazaar,53.28,9
1868,Premium & Jewelry,Sterling Silver,2026,6,No,Friday,Central,Supermarket,33.1,UPI,3,Kapoor Rakhi Hub 258,762.78,18
5128,Premium & Jewelry,Sterling Silver,2026,6,No,Wednesday,,Supermarket,29.7,Cash,2,Aggarwal Rakhi Hub 234,681.5,10
4393,Kids & Cartoon,Silk Thread,2026,4,No,Tuesday,North,Local Street Vendor,29.3,Credit Card,4,Tandon Rakhi Hub 142,17.17,24
5460,Premium & Jewelry,Sterling Silver,2026,4,No,Monday,West,Supermarket,34.8,UPI,5,Goel Rakhi Hub 239,673.47,25
1747,Eco-Friendly,Sandalwood (Chandan),2026,7,Yes,Saturday,East,Local Street Vendor,50.1,Cash,3,Sharma Rakhi Bazaar,211.09,9
2442,Premium & Jewelry,Sterling Silver,2026,4,Yes,Sunday,Central,Local Street Vendor,,UPI,3,Nanda Rakhi Bazaar,572.57,11
4787,Kids & Cartoon,Silk Thread,2026,5,No,Friday,East,Online,33.6,Cash,7,Gupta Traditions,18.56,21
4339,Kids & Cartoon,Silk Thread,2026,6,No,Wednesday,North,Local Street Vendor,28.6,Cash,13,Mehra Rakhi Hub 275,15.32,43
4252,Premium & Jewelry,Sandalwood (Chandan),2026,7,Yes,Sunday,Central,Local Street Vendor,28.7,UPI,3,Chopra Festive Mart,130.89,6
2289,Premium & Jewelry,Sterling Silver,2026,6,No,Wednesday,Central,Supermarket,38.6,Cash,5,Tandon Rakhi Hub 65,565.1,22
3034,Premium & Jewelry,Sandalwood (Chandan),2026,3,No,Friday,West,Supermarket,33.3,Cash,2,Sethi Rakhi Hub 242,174.38,8
2639,Eco-Friendly,Sandalwood (Chandan),2026,5,No,Friday,Central,Supermarket,36.5,UPI,5,Aggarwal Rakhi Hub 162,58.98,16
1394,Premium & Jewelry,Silk Thread,2026,5,No,Wednesday,West,Supermarket,30.6,Credit Card,34,Verma Rakhi Bazaar,99.06,23
813,Eco-Friendly,Sandalwood (Chandan),2026,4,yES,Sunday,Central,Supermarket,32.1,Credit Card,7,Sethi Rakhi Hub 174,62.22,20
5061,Premium & Jewelry,Sterling Silver,2026,1,No,Friday,East,Local Street Vendor,33.4,Cash,10,Arora Rakhi Hub 218,478.49,36
1859,Premium & Jewelry,Sandalwood (Chandan),2026,5,yES,Saturday,,Local Street Vendor,34.7,Cash,4,Bhatia Rakhi Hub 266,154.94,14
1870,Eco-Friendly,Sandalwood (Chandan),2026,7,No,Friday,North,Local Street Vendor,40.1,Credit Card,1,Sethi Rakhi Store,62.07,8
5893,Kids & Cartoon,Silk Thread,2026,2,Yes,Sunday,Central,Online,35.0,Credit Card,5,Saxena Rakhi Hub 278,14.84,15
2875,Premium & Jewelry,Sterling Silver,2026,7,Yes,Saturday,West,Local Street Vendor,29.8,Credit Card,4,Khanna Handicrafts,564.38,9
4388,Premium & Jewelry,Sterling Silver,2026,7,No,Friday,East,Supermarket,40.6,UPI,2,Bhatia Traditions,4188.63,9
4770,Eco-Friendly,Sandalwood (Chandan),2026,1,Yes,Sunday,West,Local Street Vendor,30.3,Cash,10,Saxena Rakhi Hub 49,34.94,22
5089,Eco-Friendly,Sandalwood (Chandan),2026,2,No,Monday,East,Supermarket,35.0,Credit Card,11,Bhatia Rakhi Hub 2,60.79,48
342,Eco-Friendly,Sandalwood (Chandan),2026,4,No,Monday,Central,Supermarket,30.2,Cash,20,Bansal Rakhi Hub 217,78.84,20
2284,Eco-Friendly,Sandalwood (Chandan),2026,1,yES,Saturday,Central,Supermarket,33.1,UPI,10,Goel Rakhi Hub 107,85.71,36
1721,Premium & Jewelry,Sterling Silver,2026,2,Yes,Saturday,North,Online,26.1,Credit Card,6,Goel Rakhi Hub 239,684.4,22
4589,Kids & Cartoon,Silk Thread,2026,3,Yes,Saturday,North,Supermarket,38.8,Cash,25,Chawla Festive Mart,13.37,69
3533,Kids & Cartoon,Sandalwood (Chandan),2026,1,Yes,Sunday,Central,Online,,Cash,40,Bansal Rakhi Hub 106,28.92,113
952,Premium & Jewelry,Sandalwood (Chandan),2026,5,Yes,Saturday,Central,Online,32.1,Credit Card,1,Chawla Gift House,200.01,5
922,Eco-Friendly,Sandalwood (Chandan),2026,6,No,Friday,Central,Local Street Vendor,29.9,Cash,3,Bansal Rakhi Hub 161,35.93,9
323,Kids & Cartoon,Silk Thread,2026,1,Yes,Saturday,East,Online,32.6,UPI,11,Kapoor Rakhi Hub 63,26.5,36
3508,Eco-Friendly,Silk Thread,2026,1,Yes,Saturday,North,Supermarket,27.1,Cash,3,Arora Rakhi Bazaar,31.25,14
5812,Premium & Jewelry,Sterling Silver,2026,5,No,Tuesday,North,Local Street Vendor,26.5,Cash,2,Sharma Traditions,473.65,9
4780,Kids & Cartoon,Silk Thread,2026,1,#Yes,Sunday,West,Local Street Vendor,30.4,Cash,7,Tandon Rakhi Hub 168,10.97,37
3470,Eco-Friendly,Silk Thread,2026,6,No,Wednesday,Central,Local Street Vendor,31.3,Credit Card,13,Jain Rakhi Hub 37,33.64,41
5367,Kids & Cartoon,Silk Thread,2026,4,Yes,Saturday,West,Online,35.8,Cash,9,Gupta Rakhi Hub 191,16.07,25
5384,Premium & Jewelry,Sterling Silver,2026,1,No,Monday,East,Supermarket,37.1,Cash,4,Bhatia Rakhi Store,921.36,14
4617,Premium & Jewelry,Sterling Silver,2026,6,No,Wednesday,East,Local Street Vendor,28.8,Cash,2,Verma Rakhi Bazaar,509.58,9
4994,Kids & Cartoon,Silk Thread,2026,7,#Yes,Saturday,East,Supermarket,37.1,Cash,2,Jain Rakhi Hub 289,17.69,7
232,Kids & Cartoon,Silk Thread,2026,3,No,Friday,Central,Supermarket,35.7,Cash,2,Chopra Traditions,20.41,15
1942,Kids & Cartoon,Silk Thread,2026,1,No,Wednesday,West,Supermarket,,Cash,6,Verma Rakhi Hub 151,14.08,30
1970,Kids & Cartoon,Silk Thread,2026,3,No,Wednesday,West,Supermarket,32.5,Cash,6,Bhatia Rakhi Hub 80,14.24,23
5099,Eco-Friendly,Silk Thread,2026,4,Yes,Sunday,East,Supermarket,28.5,Cash,6,Malhotra Rakhi Corner,39.82,16
1080,Kids & Cartoon,Sandalwood (Chandan),2026,5,yES,Saturday,East,Local Street Vendor,32.3,Cash,7,Kapoor Rakhi Hub 36,23.26,18
2921,Eco-Friendly,Sandalwood (Chandan),2026,2,Yes,Saturday,Central,Online,28.8,Credit Card,12,Sharma Rakhi Corner,66.43,39
1116,Premium & Jewelry,Sandalwood (Chandan),2026,3,No,Thursday,Central,Supermarket,37.5,UPI,6,Sharma Rakhi Hub 35,170.88,17
493,Kids & Cartoon,Silk Thread,2026,3,No,Tuesday,East,Online,34.0,Credit Card,6,Rastogi Rakhi Hub 231,17.93,29
4531,Eco-Friendly,Sandalwood (Chandan),2026,7,Yes,Sunday,North,Supermarket,22.9,Credit Card,3,Mehra Rakhi Hub 272,67.6,13
1468,Premium & Jewelry,Sterling Silver,2026,7,No,Tuesday,West,Supermarket,32.5,Cash,2,Arora Rakhi Hub 114,653.8,9
5769,Kids & Cartoon,Sterling Silver,2026,6,Yes,Saturday,East,Supermarket,38.0,UPI,4,Tandon Rakhi Hub 62,96.46,16
5715,Premium & Jewelry,Sandalwood (Chandan),2026,1,No,Thursday,,Local Street Vendor,32.4,Cash,5,Sethi Gift House,156.12,25
1579,Eco-Friendly,Sterling Silver,2026,1,No,Wednesday,North,Local Street Vendor,30.8,Cash,6,Chawla Rakhi Hub 283,137.44,32
1494,Eco-Friendly,Silk Thread,2026,6,No,Monday,North,Local Street Vendor,28.6,UPI,3,Khanna Emporium,27.11,10
4301,Kids & Cartoon,Silk Thread,2026,4,No,Wednesday,East,Supermarket,28.7,Cash,5,Bhatia Rakhi Hub 2,15.85,19
2127,Kids & Cartoon,Silk Thread,2026,4,Yes,Saturday,East,Online,,Cash,5,Verma Rakhi Store,25.05,17
3582,Eco-Friendly,Silk Thread,2026,4,No,Wednesday,North,Online,30.9,Cash,10,Chawla Rakhi Hub 283,39.13,67
1451,Eco-Friendly,Silk Thread,2026,7,No,Thursday,West,Local Street Vendor,31.7,Cash,4,Jain Rakhi Hub 150,32.13,18
5068,Kids & Cartoon,Silk Thread,2026,2,No,Monday,,Supermarket,28.9,Cash,8,Saxena Emporium,15.0,31
3050,Premium & Jewelry,Sterling Silver,2026,2,nO,Tuesday,West,Supermarket,27.6,Cash,4,Saxena Rakhi Hub 227,549.11,17
5008,Kids & Cartoon,Silk Thread,2026,7,No,Friday,West,Local Street Vendor,36.3,Cash,3,Verma Rakhi Point,14.98,11
5329,Kids & Cartoon,Silk Thread,2026,2,No,Thursday,North,Supermarket,30.2,Cash,9,Mehra Rakhi Hub 6,14.88,41
1464,Kids & Cartoon,Sandalwood (Chandan),2026,1,#Yes,Sunday,,Online,35.6,Cash,4,Khanna Handicrafts,33.54,10
5582,Kids & Cartoon,Silk Thread,2026,6,No,Wednesday,North,Online,37.3,UPI,3,Chawla Gift House,19.12,14
1981,Eco-Friendly,Sandalwood (Chandan),2026,6,No,Thursday,East,Supermarket,31.4,Cash,1,Goel Rakhi Hub 208,73.79,4
5398,Kids & Cartoon,Silk Thread,2026,4,No,Monday,East,Online,35.0,Cash,7,Rastogi Rakhi Hub 224,21.95,35
1489,Eco-Friendly,Silk Thread,2026,7,No,Wednesday,West,Supermarket,33.1,Cash,2,Saxena Rakhi Corner,34.56,16
5491,Kids & Cartoon,Silk Thread,2026,6,Yes,Sunday,West,Local Street Vendor,32.8,Cash,4,Tandon Rakhi Hub 47,10.89,10
5489,Kids & Cartoon,Silk Thread,2026,5,No,Thursday,West,Online,30.2,Credit Card,3,Saxena Gift House,15.69,15
5275,Kids & Cartoon,Silk Thread,2026,5,No,Monday,,Online,28.5,Credit Card,4,Bhatia Rakhi Bazaar,21.58,13
793,Kids & Cartoon,Silk Thread,2026,1,No,Thursday,West,Local Street Vendor,33.4,Credit Card,3,Rastogi Handicrafts,11.58,11
5649,Kids & Cartoon,Silk Thread,2026,2,No,Tuesday,North,Supermarket,31.7,Cash,8,Bansal Rakhi Hub 288,15.14,34
2826,Eco-Friendly,Sandalwood (Chandan),2026,6,No,Thursday,East,Local Street Vendor,31.6,UPI,2,Tandon Rakhi Store,38.24,10
1515,Eco-Friendly,Sandalwood (Chandan),2026,7,Yes,Sunday,,Local Street Vendor,32.0,Cash,7,Arora Rakhi Store,42.62,25
266,Premium & Jewelry,Sandalwood (Chandan),2026,3,Yes,Saturday,North,Online,29.3,UPI,18,Chawla Rakhi Hub 48,296.91,52
1,Eco-Friendly,Sandalwood (Chandan),2026,7,Yes,Sunday,Central,Local Street Vendor,32.3,Cash,3,Bansal Rakhi Hub 58,54.39,11
1452,Kids & Cartoon,Silk Thread,2026,1,No,Tuesday,East,Local Street Vendor,21.4,Credit Card,27,Nanda Rakhi Hub 32,13.38,26
3609,Premium & Jewelry,Sandalwood (Chandan),2026,5,No,Thursday,East,Online,36.1,UPI,6,Chawla Festive Mart,231.95,23
4983,Kids & Cartoon,Silk Thread,2026,1,No,Monday,Central,Supermarket,24.3,Cash,15,Sethi Rakhi Hub 11,16.51,49
2900,Kids & Cartoon,Silk Thread,2026,1,No,Thursday,North,Local Street Vendor,30.8,Credit Card,6,Arora Festive Mart,10.36,32
989,Kids & Cartoon,Sterling Silver,2026,6,Yes,Saturday,East,Supermarket,33.5,Credit Card,13,Bhatia Emporium,110.64,33
839,Kids & Cartoon,Sandalwood (Chandan),2026,5,No,Wednesday,North,Local Street Vendor,31.5,Cash,6,Nanda Rakhi Hub 261,18.46,19
15,Kids & Cartoon,Silk Thread,2026,3,No,Monday,East,Online,38.5,Cash,3,Tandon Rakhi Hub 53,18.85,13
3919,Kids & Cartoon,Silk Thread,2026,7,Yes,Saturday,West,Local Street Vendor,37.6,Cash,2,Tandon Rakhi Hub 296,14.73,6
4618,Kids & Cartoon,Silk Thread,2026,3,No,Monday,West,Local Street Vendor,30.7,Credit Card,5,Saxena Emporium,18.01,19
5878,Premium & Jewelry,Sterling Silver,2026,6,No,Monday,East,Local Street Vendor,29.9,Cash,7,Sharma Emporium,540.83,21
5402,Premium & Jewelry,Sterling Silver,2026,7,No,Wednesday,West,Local Street Vendor,35.5,Cash,1,Saxena Rakhi Hub 158,415.93,6
9,Premium & Jewelry,Silk Thread,2026,4,No,Wednesday,North,Local Street Vendor,32.4,Cash,7,Gupta Festive Mart,86.52,21
5409,Premium & Jewelry,Sterling Silver,2026,5,No,Tuesday,East,Supermarket,38.6,Credit Card,3,Chopra Gift House,554.44,18
2906,Kids & Cartoon,Silk Thread,2026,3,Yes,Saturday,East,Local Street Vendor,,Credit Card,4,Jain Rakhi Hub 150,16.94,16
2250,Kids & Cartoon,Silk Thread,2026,7,No,Thursday,West,Local Street Vendor,51.2,Cash,3,Goel Rakhi Hub 86,11.54,11
1040,Premium & Jewelry,Sandalwood (Chandan),2026,2,#Yes,Sunday,Central,Supermarket,35.8,Credit Card,10,Chawla Rakhi Store,214.59,30
3906,Kids & Cartoon,Silk Thread,2026,7,No,Friday,East,Online,35.4,Cash,6,Chopra Rakhi Hub 145,20.31,23
1807,Premium & Jewelry,Silk Thread,2026,4,No,Friday,West,Local Street Vendor,30.5,Cash,4,Khanna Rakhi Hub 85,94.23,13
3617,Kids & Cartoon,Sterling Silver,2026,1,Yes,Saturday,West,Online,31.0,Cash,11,Bansal Rakhi Hub 217,73.89,26
1705,Kids & Cartoon,Silk Thread,2026,7,No,Wednesday,North,Online,28.4,Cash,5,Bhatia Handicrafts,15.56,18
3681,Eco-Friendly,Sandalwood (Chandan),2026,7,No,Wednesday,North,Local Street Vendor,31.4,UPI,1,Nanda Rakhi Hub 21,51.3,3
340,Eco-Friendly,Sandalwood (Chandan),2026,5,No,Monday,Central,Supermarket,29.5,Credit Card,4,Rastogi Rakhi Point,64.01,16
122,Kids & Cartoon,Silk Thread,2026,1,No,Wednesday,Central,Supermarket,35.8,UPI,21,Rastogi Rakhi Hub 42,16.95,68
5459,Premium & Jewelry,Sandalwood (Chandan),2026,1,No,Thursday,West,Local Street Vendor,32.0,Cash,7,Sethi Emporium,126.93,27
1842,Kids & Cartoon,Silk Thread,2026,4,No,Monday,Central,Supermarket,30.8,Credit Card,3,Arora Rakhi Hub 235,18.04,8
1091,Premium & Jewelry,Sterling Silver,2026,3,Yes,Sunday,East,Supermarket,36.3,UPI,5,Chopra Rakhi Hub 44,686.48,21
2702,Kids & Cartoon,Silk Thread,2026,6,No,Wednesday,Central,Supermarket,33.3,Credit Card,4,Sethi Rakhi Hub 113,14.73,15
1373,Kids & Cartoon,Silk Thread,2026,5,No,Wednesday,Central,Online,32.1,Cash,16,Bansal Rakhi Hub 58,21.87,80
5052,Kids & Cartoon,Silk Thread,2026,5,No,Friday,East,Supermarket,34.7,Cash,5,Mehra Rakhi Point,19.83,17
1318,Premium & Jewelry,Sandalwood (Chandan),2026,7,No,Wednesday,North,Supermarket,38.6,UPI,1,Mehra Rakhi Point,199.57,10
623,Eco-Friendly,Sterling Silver,2026,7,Yes,Sunday,West,Supermarket,37.0,Cash,2,Mehra Rakhi & Gifts,167.48,5
1420,Eco-Friendly,Silk Thread,2026,2,Yes,Saturday,East,Supermarket,36.3,Cash,3,Goel Rakhi Hub 105,40.47,13
3074,Eco-Friendly,Sandalwood (Chandan),2026,6,No,Tuesday,East,Local Street Vendor,32.4,Cash,2,Verma Rakhi Hub 95,61.63,9
2170,Kids & Cartoon,Silk Thread,2026,4,yES,Saturday,East,Online,30.8,Credit Card,11,Malhotra Emporium,20.69,42
2500,Kids & Cartoon,Sterling Silver,2026,1,Yes,Saturday,North,Local Street Vendor,29.2,Cash,15,Verma Rakhi Bazaar,79.72,42
4329,Eco-Friendly,Sandalwood (Chandan),2026,7,Yes,Saturday,West,Online,31.6,Cash,6,Arora Rakhi & Gifts,76.73,14
3721,Kids & Cartoon,Silk Thread,2026,1,No,Tuesday,West,Supermarket,25.6,Cash,6,Chopra Rakhi Hub 12,13.74,26
4999,Kids & Cartoon,Silk Thread,2026,1,No,Friday,Central,Local Street Vendor,38.9,Cash,43,Gupta Rakhi Hub 291,11.91,155
3144,Premium & Jewelry,Sterling Silver,2026,1,Yes,Saturday,West,Local Street Vendor,30.3,Cash,6,Sethi Rakhi Hub 11,528.76,26
1411,Eco-Friendly,Sandalwood (Chandan),2026,2,Yes,Saturday,East,Online,30.8,Credit Card,8,Sethi Rakhi Hub 173,77.39,20
4483,Eco-Friendly,Sandalwood (Chandan),2026,2,nO,Monday,Central,Local Street Vendor,34.7,Credit Card,3,Aggarwal Rakhi Hub 247,258.54,18
2822,Kids & Cartoon,Silk Thread,2026,6,Yes,Saturday,West,Local Street Vendor,31.8,Credit Card,4,Nanda Rakhi Hub 21,15.39,11
890,Kids & Cartoon,Silk Thread,2026,4,#Yes,Sunday,East,Local Street Vendor,35.2,Credit Card,3,Khanna Rakhi Hub 126,11.88,9
1735,Eco-Friendly,Sandalwood (Chandan),2026,6,No,Tuesday,North,Local Street Vendor,36.7,UPI,4,Sharma Handicrafts,49.53,11
2152,Premium & Jewelry,Sterling Silver,2026,7,#Yes,Saturday,Central,Online,29.3,UPI,3,Saxena Traditions,768.04,8
5568,Premium & Jewelry,Silk Thread,2026,6,No,Tuesday,Central,Local Street Vendor,32.7,Cash,5,Bansal Handicrafts,79.29,26
4460,Eco-Friendly,Sandalwood (Chandan),2026,3,#Yes,Sunday,West,Supermarket,30.5,Credit Card,2,Bhatia Traditions,71.43,6
4703,Kids & Cartoon,Silk Thread,2026,1,No,Wednesday,Central,Supermarket,15.8,Credit Card,7,Tandon Rakhi Hub 296,14.03,28
4819,Kids & Cartoon,Silk Thread,2026,2,nO,Tuesday,West,Online,32.5,Cash,11,Bhatia Rakhi Hub 204,18.79,41
197,Kids & Cartoon,Silk Thread,2026,1,No,Thursday,North,Supermarket,36.6,Credit Card,41,Mehra Handicrafts,18.27,39
5316,Kids & Cartoon,Silk Thread,2026,3,No,Monday,Central,Local Street Vendor,34.4,UPI,7,Verma Festive Mart,12.38,39
4056,Eco-Friendly,Silk Thread,2026,6,No,Friday,North,Local Street Vendor,28.5,UPI,2,Sharma Rakhi Hub 141,21.63,8
416,Premium & Jewelry,Sterling Silver,2026,3,Yes,Saturday,East,Supermarket,28.2,Cash,23,Arora Rakhi Corner,847.94,72
3218,Premium & Jewelry,Sandalwood (Chandan),2026,3,Yes,Saturday,Central,Online,35.0,Credit Card,13,Jain Rakhi Hub 202,226.14,46
202,Eco-Friendly,Sandalwood (Chandan),2026,2,No,Thursday,North,Online,36.0,UPI,15,Sethi Rakhi Store,79.16,55
4664,Premium & Jewelry,Silk Thread,2026,5,No,Thursday,East,Local Street Vendor,36.5,UPI,3,Chawla Rakhi Hub 201,77.49,8
433,Kids & Cartoon,Silk Thread,2026,6,No,Tuesday,East,Online,33.8,Cash,2,Kapoor Rakhi Hub 63,22.17,8
3744,Kids & Cartoon,Silk Thread,2026,3,No,Thursday,Central,Local Street Vendor,33.7,Cash,8,Bansal Traditions,14.17,28
3940,Premium & Jewelry,Silk Thread,2026,6,No,Monday,West,Local Street Vendor,36.2,UPI,1,Chopra Rakhi Hub 69,75.1,9
3455,Eco-Friendly,Sandalwood (Chandan),2026,6,nO,Wednesday,East,Local Street Vendor,,UPI,2,Rastogi Rakhi Hub 50,42.17,8
1132,Kids & Cartoon,Silk Thread,2026,2,No,Wednesday,Central,Supermarket,34.0,Credit Card,5,Khanna Rakhi Hub 121,18.59,23
3735,Premium & Jewelry,Sterling Silver,2026,3,No,Friday,West,Supermarket,36.3,UPI,4,Rastogi Traditions,664.84,19
2158,Premium & Jewelry,Sterling Silver,2026,6,nO,Friday,West,Local Street Vendor,34.1,Cash,2,Aggarwal Rakhi Hub 144,460.31,6
5431,Kids & Cartoon,Silk Thread,2026,6,Yes,Sunday,West,Supermarket,33.7,UPI,4,Saxena Rakhi Hub 192,14.93,16
1109,Eco-Friendly,Sandalwood (Chandan),2026,4,No,Tuesday,North,Supermarket,,Cash,3,Saxena Emporium,70.0,9
5629,Premium & Jewelry,Sterling Silver,2026,2,nO,Tuesday,West,Supermarket,33.6,Cash,10,Tandon Rakhi Hub 47,643.25,36
934,Eco-Friendly,Sandalwood (Chandan),2026,3,No,Wednesday,East,Online,32.4,Credit Card,7,Khanna Rakhi Hub 132,73.77,32
2281,Kids & Cartoon,Silk Thread,2026,3,Yes,Sunday,Central,Local Street Vendor,27.0,Credit Card,5,Verma Rakhi Hub 73,15.76,24
5652,Kids & Cartoon,Silk Thread,2026,6,No,Monday,Central,Supermarket,26.1,UPI,2,Tandon Rakhi Corner,18.45,7
5035,Kids & Cartoon,Silk Thread,2026,3,No,Thursday,East,Local Street Vendor,34.5,Credit Card,4,Rastogi Rakhi Hub 71,13.77,13
3072,Eco-Friendly,Sandalwood (Chandan),2026,4,No,Friday,West,Supermarket,33.4,Credit Card,10,Gupta Rakhi Corner,57.81,43
1196,Premium & Jewelry,Sandalwood (Chandan),2026,3,No,Friday,East,Supermarket,34.5,Cash,5,Bansal Festive Mart,193.08,18
3482,Eco-Friendly,Sandalwood (Chandan),2026,4,No,Thursday,West,Online,36.3,Cash,6,Bansal Gift House,70.02,18
5752,Kids & Cartoon,Silk Thread,2026,5,nO,Monday,Central,Online,34.6,UPI,3,Rastogi Traditions,19.86,18
605,Eco-Friendly,Sandalwood (Chandan),2026,7,No,Friday,West,Supermarket,23.5,Cash,4,Arora Rakhi Store,76.42,12
3108,Kids & Cartoon,Silk Thread,2026,7,nO,Friday,North,Supermarket,30.2,Cash,3,Bansal Rakhi Point,19.55,20
881,Kids & Cartoon,Silk Thread,2026,6,yES,Sunday,North,Supermarket,27.9,Credit Card,2,Khanna Rakhi Store,19.25,7
1220,Premium & Jewelry,Sterling Silver,2026,6,No,Friday,East,Online,27.8,UPI,3,Aggarwal Emporium,802.49,9
2649,Kids & Cartoon,Silk Thread,2026,2,No,Wednesday,East,Supermarket,36.8,UPI,3,Sethi Rakhi Hub 242,12.1,18
2458,Premium & Jewelry,Sandalwood (Chandan),2026,2,nO,Friday,,Online,31.9,UPI,3,Rastogi Rakhi Bazaar,234.55,15
191,Eco-Friendly,Sandalwood (Chandan),2026,2,#Yes,Saturday,Central,Supermarket,35.0,Cash,2,Bansal Traditions,75.02,8
5781,Eco-Friendly,Sterling Silver,2026,7,No,Friday,West,Local Street Vendor,,UPI,1,Verma Rakhi Hub 236,188.16,4
5124,Kids & Cartoon,Silk Thread,2026,7,nO,Friday,East,Local Street Vendor,33.3,Cash,2,Mehra Rakhi Hub 183,12.25,7
4326,Kids & Cartoon,Sterling Silver,2026,6,Yes,Sunday,,Local Street Vendor,28.5,UPI,4,Arora Rakhi Bazaar,80.56,9
3473,Kids & Cartoon,Sterling Silver,2026,5,No,Thursday,West,Online,29.4,Credit Card,7,Bhatia Rakhi Hub 18,109.25,30
5358,Kids & Cartoon,Sandalwood (Chandan),2026,1,No,Monday,Central,Local Street Vendor,33.5,Cash,8,Gupta Gift House,25.21,45
1898,Premium & Jewelry,Sterling Silver,2026,2,No,Monday,East,Online,34.7,UPI,15,Jain Rakhi Point,561.46,44
3985,Kids & Cartoon,Silk Thread,2026,1,No,Tuesday,West,Local Street Vendor,28.9,Credit Card,9,Chawla Rakhi Hub 171,15.57,27
1707,Premium & Jewelry,Sterling Silver,2026,2,Yes,Sunday,East,Local Street Vendor,34.7,Credit Card,4,Tandon Rakhi Hub 142,481.19,15
1159,Kids & Cartoon,Silk Thread,2026,1,No,Tuesday,West,Local Street Vendor,35.6,Cash,5,Saxena Rakhi Hub 294,14.35,23
2377,Eco-Friendly,Sandalwood (Chandan),2026,5,No,Friday,East,Online,34.4,Credit Card,7,Tandon Festive Mart,86.04,21
4087,Kids & Cartoon,Silk Thread,2026,4,No,Wednesday,North,Online,32.8,UPI,4,Kapoor Rakhi & Gifts,13.02,12
1697,Premium & Jewelry,Sterling Silver,2026,4,Yes,Sunday,West,Online,30.0,Credit Card,3,Arora Gift House,887.67,12
4374,Premium & Jewelry,Sterling Silver,2026,3,No,Friday,North,Online,35.3,Credit Card,21,Bhatia Gift House,622.06,67
2630,Premium & Jewelry,Sandalwood (Chandan),2026,2,nO,Monday,East,Local Street Vendor,34.8,UPI,4,Mehra Rakhi Hub 272,184.75,16
3094,Eco-Friendly,Silk Thread,2026,7,No,Friday,,Local Street Vendor,34.9,Credit Card,1,Kapoor Rakhi Store,28.58,6
5289,Kids & Cartoon,Silk Thread,2026,2,No,Wednesday,East,Supermarket,28.5,UPI,3,Saxena Rakhi Hub 278,20.03,18
4383,Premium & Jewelry,Sterling Silver,2026,2,No,Friday,Central,Online,32.6,Cash,5,Verma Rakhi Hub 95,739.66,26
1871,Kids & Cartoon,Silk Thread,2026,1,nO,Wednesday,West,Supermarket,27.6,Credit Card,11,Mehra Rakhi Hub 88,22.5,56
5815,Kids & Cartoon,Silk Thread,2026,3,No,Tuesday,East,Online,28.4,Cash,5,Jain Handicrafts,24.03,21
1865,Kids & Cartoon,Silk Thread,2026,3,nO,Wednesday,Central,Supermarket,34.4,UPI,1,Aggarwal Rakhi Hub 263,17.02,7
4538,Eco-Friendly,Sandalwood (Chandan),2026,5,Yes,Sunday,East,Local Street Vendor,34.3,Cash,3,Mehra Rakhi Hub 209,45.78,8
1763,Premium & Jewelry,Sterling Silver,2026,4,yES,Sunday,East,Supermarket,32.6,Cash,8,Aggarwal Rakhi Hub 234,694.45,20
2998,Premium & Jewelry,Sterling Silver,2026,1,No,Tuesday,North,Supermarket,25.3,UPI,11,Arora Rakhi Hub 220,644.4,33
905,Eco-Friendly,Sandalwood (Chandan),2026,4,No,Tuesday,East,Local Street Vendor,29.8,Cash,12,Jain Rakhi Store,53.42,46
1447,Eco-Friendly,Sandalwood (Chandan),2026,6,No,Thursday,Central,Local Street Vendor,31.3,Cash,1,Saxena Rakhi Hub 193,47.43,6
3991,Eco-Friendly,Silk Thread,2026,6,No,Monday,East,Local Street Vendor,34.4,UPI,3,Gupta Rakhi Bazaar,23.96,14
4831,Kids & Cartoon,Silk Thread,2026,7,No,Tuesday,Central,Local Street Vendor,34.5,UPI,2,Kapoor Rakhi Hub 257,19.56,9
1887,Premium & Jewelry,Sterling Silver,2026,1,No,Tuesday,Central,Online,30.3,Cash,9,Aggarwal Rakhi Hub 212,651.88,27
5070,Kids & Cartoon,Silk Thread,2026,7,yES,Sunday,North,Supermarket,31.7,Credit Card,4,Saxena Rakhi Hub 41,13.77,11
5929,Eco-Friendly,Sandalwood (Chandan),2026,3,No,Friday,West,Local Street Vendor,31.5,UPI,3,Chawla Rakhi Hub 155,37.15,15
5211,Kids & Cartoon,Silk Thread,2026,6,nO,Tuesday,North,Supermarket,33.0,Credit Card,4,Chopra Rakhi Hub 166,16.27,14
1566,Kids & Cartoon,Silk Thread,2026,5,No,Monday,East,Online,33.4,Credit Card,6,Mehra Rakhi Hub 275,16.16,20
3796,Kids & Cartoon,Silk Thread,2026,3,No,Tuesday,North,Online,31.1,UPI,3,Saxena Festive Mart,16.3,13
5291,Kids & Cartoon,Silk Thread,2026,2,No,Friday,East,Local Street Vendor,27.0,Cash,15,Sethi Rakhi Hub 175,16.58,44
4210,Premium & Jewelry,Sterling Silver,2026,7,No,Friday,West,Local Street Vendor,35.4,Cash,2,Aggarwal Rakhi Hub 212,574.83,6
2389,Eco-Friendly,Sandalwood (Chandan),2026,5,No,Tuesday,West,Local Street Vendor,36.1,Cash,2,Gupta Rakhi Hub 68,41.22,10
1485,Kids & Cartoon,Silk Thread,2026,2,No,Tuesday,West,Local Street Vendor,,Credit Card,3,Bhatia Rakhi Hub 300,13.36,15
3222,Eco-Friendly,Sandalwood (Chandan),2026,7,No,Monday,West,Online,,Cash,2,Mehra Rakhi Bazaar,73.46,7
3297,Eco-Friendly,Silk Thread,2026,7,Yes,Sunday,East,Local Street Vendor,32.6,Cash,3,Khanna Handicrafts,27.18,7
2624,Eco-Friendly,Sandalwood (Chandan),2026,5,No,Thursday,North,Supermarket,33.0,Credit Card,3,Aggarwal Rakhi Hub 263,69.34,17
4562,Premium & Jewelry,Sterling Silver,2026,4,nO,Thursday,West,Supermarket,32.9,UPI,4,Bhatia Rakhi Hub 266,823.92,21
2400,Kids & Cartoon,Silk Thread,2026,3,Yes,Saturday,Central,Supermarket,36.3,Cash,3,Chawla Traditions,17.97,14
5258,Kids & Cartoon,Silk Thread,2026,5,No,Monday,East,Local Street Vendor,32.7,UPI,2,Rastogi Rakhi Hub 224,17.86,8
2304,Kids & Cartoon,Silk Thread,2026,6,No,Wednesday,Central,Supermarket,31.3,Cash,9,Sharma Traditions,127.45,27
4914,Eco-Friendly,Sandalwood (Chandan),2026,2,No,Tuesday,East,Supermarket,28.8,UPI,6,Khanna Rakhi Bazaar,76.38,21
5194,Kids & Cartoon,Silk Thread,2026,2,No,Wednesday,,Local Street Vendor,37.0,Cash,5,Mehra Rakhi Hub 25,13.02,16
4303,Eco-Friendly,Sandalwood (Chandan),2026,4,No,Thursday,West,Online,34.6,Credit Card,4,Aggarwal Festive Mart,64.25,12
3158,Premium & Jewelry,Sterling Silver,2026,7,No,Thursday,North,Local Street Vendor,27.9,Cash,1,Chopra Rakhi Corner,647.37,5
4616,Premium & Jewelry,Sterling Silver,2026,7,#Yes,Saturday,West,Supermarket,31.6,UPI,1,Mehra Rakhi Hub 273,799.76,6
255,Premium & Jewelry,Sandalwood (Chandan),2026,2,Yes,Saturday,East,Supermarket,38.7,Credit Card,4,Chawla Rakhi Hub 283,183.9,18
5282,Kids & Cartoon,Silk Thread,2026,5,No,Wednesday,North,Online,38.6,Cash,11,Bansal Rakhi Hub 99,13.15,44
1114,Eco-Friendly,Sandalwood (Chandan),2026,1,No,Monday,Central,Local Street Vendor,34.9,UPI,8,Chopra Rakhi Hub 190,44.65,36
2261,Kids & Cartoon,Silk Thread,2026,4,No,Wednesday,East,Local Street Vendor,34.9,Credit Card,6,Gupta Emporium,11.73,22
222,Kids & Cartoon,Silk Thread,2026,4,No,Tuesday,Central,Online,31.3,Credit Card,4,Aggarwal Rakhi Hub 162,17.57,15
268,Premium & Jewelry,Sandalwood (Chandan),2026,6,Yes,Sunday,North,Online,35.1,Cash,5,Saxena Rakhi Hub 262,205.9,12
108,Premium & Jewelry,Sterling Silver,2026,4,Yes,Saturday,West,Supermarket,30.8,Credit Card,6,Aggarwal Rakhi Bazaar,725.56,15
4728,Premium & Jewelry,Sterling Silver,2026,5,Yes,Sunday,Central,Online,37.7,Cash,8,Aggarwal Rakhi & Gifts,805.72,31
1227,Kids & Cartoon,Sterling Silver,2026,6,nO,Friday,East,Local Street Vendor,38.0,UPI,3,Sharma Rakhi Hub 172,84.37,10
2836,Kids & Cartoon,Silk Thread,2026,3,No,Thursday,,Supermarket,30.4,Cash,4,Sharma Emporium,14.94,27
5712,Kids & Cartoon,Silk Thread,2026,5,No,Thursday,Central,Online,32.9,Cash,6,Mehra Rakhi Hub 170,117.34,21
3452,Kids & Cartoon,Silk Thread,2026,7,No,Thursday,East,Local Street Vendor,,Cash,1,Sethi Rakhi Hub 276,13.48,6
5571,Premium & Jewelry,Sandalwood (Chandan),2026,1,No,Friday,North,Online,31.1,Cash,9,Aggarwal Rakhi Hub 247,281.77,34
1513,Kids & Cartoon,Silk Thread,2026,1,Yes,Sunday,East,Local Street Vendor,34.1,UPI,20,Bansal Rakhi Hub 67,57.36,61
5036,Premium & Jewelry,Sandalwood (Chandan),2026,1,No,Monday,East,Online,33.6,Cash,5,Arora Rakhi Corner,225.99,23
3204,Kids & Cartoon,Silk Thread,2026,1,Yes,Sunday,Central,Local Street Vendor,49.2,UPI,12,Chawla Rakhi Hub 201,12.01,33
304,Kids & Cartoon,Silk Thread,2026,7,#Yes,Sunday,East,Local Street Vendor,32.8,Credit Card,3,Saxena Rakhi Hub 222,14.96,8
4429,Premium & Jewelry,Sterling Silver,2026,5,nO,Wednesday,Central,Online,32.1,Cash,8,Gupta Traditions,555.34,36
4102,Kids & Cartoon,Silk Thread,2026,3,No,Wednesday,East,Online,23.0,Credit Card,3,Malhotra Rakhi Store,21.67,17
3694,Kids & Cartoon,Silk Thread,2026,6,No,Friday,North,Supermarket,29.3,Cash,4,Saxena Rakhi Hub 278,19.82,13
4943,Kids & Cartoon,Silk Thread,2026,7,Yes,Saturday,East,Online,36.4,UPI,2,Arora Handicrafts,23.97,8
2680,Kids & Cartoon,Silk Thread,2026,1,No,Wednesday,East,Supermarket,33.4,Cash,10,Saxena Rakhi Hub 193,16.21,46
1211,Eco-Friendly,Sandalwood (Chandan),2026,7,No,Friday,,Local Street Vendor,31.2,Cash,1,Saxena Rakhi Hub 255,36.7,5
5308,Premium & Jewelry,Sandalwood (Chandan),2026,5,yES,Sunday,East,Local Street Vendor,35.0,Cash,13,Sethi Handicrafts,145.81,40
2958,Premium & Jewelry,Sterling Silver,2026,6,No,Wednesday,East,Supermarket,34.3,Cash,2,Sharma Rakhi & Gifts,446.79,6
526,Kids & Cartoon,Sandalwood (Chandan),2026,4,No,Wednesday,North,Local Street Vendor,31.8,Cash,4,Mehra Rakhi Hub 148,22.24,14
1437,Premium & Jewelry,Sterling Silver,2026,3,nO,Friday,North,Local Street Vendor,32.7,Cash,7,Bansal Rakhi Hub 124,558.77,25
5980,Kids & Cartoon,Silk Thread,2026,6,No,Monday,East,Online,32.8,Cash,3,Aggarwal Rakhi Hub 205,20.08,13
2085,Kids & Cartoon,Silk Thread,2026,3,No,Wednesday,Central,Local Street Vendor,31.5,Cash,4,Jain Rakhi & Gifts,9.35,15
5493,Premium & Jewelry,Sterling Silver,2026,6,No,Tuesday,East,Supermarket,33.0,UPI,3,Sharma Gift House,521.64,11
377,Eco-Friendly,Silk Thread,2026,1,No,Friday,East,Supermarket,33.8,Cash,10,Chopra Festive Mart,40.6,32
2689,Premium & Jewelry,Sterling Silver,2026,6,No,Monday,East,Online,33.6,UPI,2,Arora Rakhi Hub 218,882.38,8
2116,Eco-Friendly,Sandalwood (Chandan),2026,4,nO,Friday,East,Supermarket,33.0,Credit Card,5,Tandon Rakhi Hub 26,61.64,17
2123,Premium & Jewelry,Silk Thread,2026,7,nO,Thursday,East,Local Street Vendor,,Cash,3,Kapoor Rakhi Hub 287,96.75,8
756,Premium & Jewelry,Sterling Silver,2026,7,#Yes,Sunday,Central,Local Street Vendor,34.7,Cash,1,Malhotra Gift House,324.43,6
292,Premium & Jewelry,Sandalwood (Chandan),2026,1,Yes,Saturday,,Local Street Vendor,33.6,Cash,8,Mehra Rakhi Hub 170,165.27,22
2996,Kids & Cartoon,Sandalwood (Chandan),2026,3,Yes,Saturday,Central,Supermarket,31.4,UPI,9,Khanna Rakhi Hub 146,33.63,35
4059,Kids & Cartoon,Silk Thread,2026,1,Yes,Saturday,North,Local Street Vendor,34.0,UPI,24,Khanna Handicrafts,10.66,62
1544,Premium & Jewelry,Sandalwood (Chandan),2026,2,nO,Wednesday,East,Local Street Vendor,34.7,Credit Card,6,Sethi Rakhi Hub 280,130.46,26
4161,Kids & Cartoon,Silk Thread,2026,5,No,Monday,North,Online,36.7,Cash,4,Nanda Rakhi Hub 229,18.95,16
189,Eco-Friendly,Sandalwood (Chandan),2026,3,Yes,Saturday,West,Supermarket,29.7,UPI,2,Saxena Rakhi Hub 294,68.47,6
4926,Kids & Cartoon,Silk Thread,2026,5,No,Friday,East,Local Street Vendor,22.5,Credit Card,3,Chopra Gift House,12.48,11
1202,Kids & Cartoon,Silk Thread,2026,6,No,Tuesday,West,Supermarket,29.0,Cash,3,Aggarwal Rakhi Hub 234,18.35,9
1342,Eco-Friendly,Silk Thread,2026,2,No,Thursday,East,Supermarket,32.4,Credit Card,4,Goel Rakhi Hub 116,33.2,16
115,Premium & Jewelry,Sterling Silver,2026,6,Yes,Sunday,North,Online,33.5,UPI,4,Saxena Rakhi Hub 192,878.57,15
1537,Eco-Friendly,Sandalwood (Chandan),2026,3,No,Wednesday,North,Online,18.6,Cash,8,Kapoor Rakhi & Gifts,56.68,39
964,Premium & Jewelry,Sterling Silver,2026,5,No,Wednesday,West,Local Street Vendor,37.3,UPI,9,Goel Rakhi & Gifts,460.65,33
4598,Premium & Jewelry,Sterling Silver,2026,1,#Yes,Sunday,North,Online,35.2,Credit Card,8,Gupta Rakhi Hub 70,878.03,39
502,Eco-Friendly,Sandalwood (Chandan),2026,1,No,Friday,West,Online,26.2,UPI,4,Kapoor Emporium,56.11,14
4680,Eco-Friendly,Sandalwood (Chandan),2026,3,Yes,Saturday,West,Local Street Vendor,32.7,UPI,2,Chawla Rakhi Hub 295,56.15,8
3107,Kids & Cartoon,Silk Thread,2026,3,Yes,Saturday,Central,Online,31.9,Cash,8,Chawla Rakhi Hub 265,16.94,28
2648,Eco-Friendly,Silk Thread,2026,7,#Yes,Sunday,West,Local Street Vendor,34.4,Credit Card,3,Nanda Traditions,21.65,8
1540,Kids & Cartoon,Silk Thread,2026,1,#Yes,Saturday,Central,Supermarket,32.3,Cash,22,Sharma Rakhi Hub 172,19.36,98
3981,Premium & Jewelry,Sterling Silver,2026,1,No,Thursday,North,Local Street Vendor,,Credit Card,4,Sethi Handicrafts,658.55,25
4476,Kids & Cartoon,Silk Thread,2026,5,No,Monday,North,Local Street Vendor,38.5,Cash,5,Verma Rakhi Hub 92,10.89,20
4710,Kids & Cartoon,Silk Thread,2026,7,No,Friday,Central,Local Street Vendor,14.4,Credit Card,1,Saxena Rakhi Hub 83,11.67,9
1330,Premium & Jewelry,Sterling Silver,2026,2,Yes,Saturday,West,Online,30.0,UPI,7,Bansal Rakhi Hub 288,822.16,23
2954,Eco-Friendly,Sandalwood (Chandan),2026,4,nO,Friday,West,Local Street Vendor,36.5,Cash,5,Saxena Rakhi Hub 41,45.88,15
673,Eco-Friendly,Sandalwood (Chandan),2026,2,No,Monday,East,Local Street Vendor,34.8,Cash,9,Tandon Rakhi Hub 26,66.29,33
4144,Kids & Cartoon,Silk Thread,2026,5,No,Thursday,East,Local Street Vendor,31.1,Cash,6,Tandon Rakhi Hub 147,13.99,19
3523,Premium & Jewelry,Sterling Silver,2026,2,No,Thursday,Central,Online,23.4,Cash,19,Tandon Rakhi Hub 47,742.35,67
3422,Kids & Cartoon,Silk Thread,2026,2,#Yes,Sunday,North,Supermarket,30.3,Cash,7,Gupta Rakhi Hub 191,12.58,27
2477,Premium & Jewelry,Silk Thread,2026,2,No,Tuesday,East,Local Street Vendor,31.5,Cash,3,Chopra Rakhi Bazaar,61.04,11
4205,Eco-Friendly,Sandalwood (Chandan),2026,4,No,Wednesday,North,Local Street Vendor,34.7,UPI,4,Rastogi Rakhi Bazaar,44.35,16
2564,Kids & Cartoon,Silk Thread,2026,1,No,Friday,West,Supermarket,28.4,Cash,3,Khanna Rakhi Hub 45,16.33,18
4132,Kids & Cartoon,Silk Thread,2026,5,No,Friday,East,Local Street Vendor,35.6,Cash,4,Arora Rakhi Hub 140,10.33,13
4322,Kids & Cartoon,Silk Thread,2026,4,No,Thursday,North,Supermarket,32.1,Credit Card,3,Bhatia Rakhi Hub 18,18.44,18
3109,Premium & Jewelry,Sandalwood (Chandan),2026,6,No,Wednesday,Central,Online,31.3,UPI,3,Verma Rakhi Hub 95,247.29,11
1193,Eco-Friendly,Sandalwood (Chandan),2026,6,No,Wednesday,West,Online,33.4,Cash,3,Saxena Rakhi Hub 262,84.07,17
389,Premium & Jewelry,Sandalwood (Chandan),2026,3,nO,Wednesday,East,Local Street Vendor,33.8,Credit Card,13,Verma Rakhi & Gifts,210.36,40
2170,Kids & Cartoon,Silk Thread,2026,4,yES,Saturday,East,Online,30.8,Credit Card,11,Malhotra Emporium,20.69,42
3855,Kids & Cartoon,Silk Thread,2026,4,No,Monday,Central,Local Street Vendor,36.3,Credit Card,21,Khanna Rakhi Hub 184,12.53,66
4663,Kids & Cartoon,Sandalwood (Chandan),2026,1,No,Thursday,West,Online,30.5,Cash,19,Gupta Rakhi Hub 27,50.11,23
1514,Eco-Friendly,Sandalwood (Chandan),2026,2,No,Monday,East,Supermarket,34.2,UPI,10,Sharma Festive Mart,66.68,34
217,Premium & Jewelry,Sterling Silver,2026,2,No,Friday,Central,Supermarket,31.0,Credit Card,8,Chopra Rakhi & Gifts,665.01,22
4605,Kids & Cartoon,Silk Thread,2026,3,Yes,Sunday,West,Local Street Vendor,37.5,Credit Card,7,Goel Rakhi Corner,16.22,28
5426,Kids & Cartoon,Silk Thread,2026,7,No,Wednesday,North,Local Street Vendor,35.2,Cash,1,Bhatia Rakhi & Gifts,13.4,8
422,Premium & Jewelry,Sterling Silver,2026,6,Yes,Saturday,East,Supermarket,28.2,Cash,4,Khanna Rakhi Hub 146,785.08,10
506,Eco-Friendly,Sterling Silver,2026,6,nO,Monday,West,Supermarket,32.7,Cash,9,Khanna Rakhi & Gifts,234.28,31
5317,Premium & Jewelry,Sterling Silver,2026,2,No,Monday,Central,Local Street Vendor,26.0,Cash,5,Chopra Emporium,664.58,27
1203,Eco-Friendly,Sterling Silver,2026,7,Yes,Sunday,East,Online,24.9,Cash,9,Arora Rakhi Hub 46,240.66,25
4459,Premium & Jewelry,Sterling Silver,2026,2,No,Thursday,East,Local Street Vendor,27.9,UPI,7,Goel Rakhi Hub 86,524.31,41
3071,Premium & Jewelry,Sterling Silver,2026,1,No,Monday,East,Supermarket,30.3,UPI,16,Malhotra Rakhi Hub 14,691.88,56
1583,Kids & Cartoon,Silk Thread,2026,6,#Yes,Saturday,Central,Online,27.0,Cash,1,Bansal Emporium,20.41,7
507,Kids & Cartoon,Sandalwood (Chandan),2026,7,No,Monday,North,Local Street Vendor,33.2,UPI,1,Arora Rakhi Corner,29.19,5
2178,Eco-Friendly,Sandalwood (Chandan),2026,7,No,Monday,East,Local Street Vendor,34.4,Cash,1,Kapoor Festive Mart,46.29,8
2397,Premium & Jewelry,Sterling Silver,2026,4,Yes,Saturday,,Local Street Vendor,,Cash,2,Nanda Rakhi Hub 129,431.74,12
646,Eco-Friendly,Silk Thread,2026,1,Yes,Saturday,Central,Online,36.6,Cash,12,Aggarwal Traditions,30.17,43
4845,Kids & Cartoon,Silk Thread,2026,5,No,Monday,East,Online,28.2,UPI,6,Chawla Gift House,19.47,38
1471,Eco-Friendly,Silk Thread,2026,7,No,Thursday,West,Online,33.3,Credit Card,1,Sethi Rakhi Hub 175,39.91,8
5137,Premium & Jewelry,Sandalwood (Chandan),2026,1,Yes,Sunday,North,Online,26.5,Cash,11,Goel Rakhi Hub 15,228.07,34
1966,Premium & Jewelry,Sandalwood (Chandan),2026,6,nO,Tuesday,West,Supermarket,21.4,UPI,4,Kapoor Rakhi Hub 63,236.62,16
4141,Kids & Cartoon,Sterling Silver,2026,4,No,Friday,North,Local Street Vendor,32.0,UPI,5,Aggarwal Rakhi Hub 234,88.53,14
3612,Kids & Cartoon,Silk Thread,2026,1,No,Thursday,Central,Supermarket,34.8,UPI,12,Arora Emporium,23.22,45
4099,Kids & Cartoon,Silk Thread,2026,2,Yes,Saturday,Central,Online,28.8,Cash,10,Chawla Rakhi Hub 94,28.96,32
3351,Premium & Jewelry,Silk Thread,2026,7,No,Tuesday,West,Supermarket,34.3,Cash,2,Khanna Rakhi & Gifts,88.97,6
5216,Kids & Cartoon,Silk Thread,2026,4,No,Monday,Central,Local Street Vendor,34.3,Credit Card,3,Goel Rakhi Hub 277,12.64,15
5131,Premium & Jewelry,Sterling Silver,2026,1,No,Monday,East,Supermarket,33.8,Credit Card,20,Goel Rakhi Hub 181,497.79,78
2578,Eco-Friendly,Silk Thread,2026,4,Yes,Sunday,West,Local Street Vendor,29.0,Credit Card,3,Arora Rakhi Hub 108,27.74,9
348,Premium & Jewelry,Silk Thread,2026,4,No,Monday,West,Online,34.4,Credit Card,3,Mehra Rakhi Hub 275,168.21,9
1571,Kids & Cartoon,Silk Thread,2026,5,No,Thursday,North,Supermarket,33.0,Credit Card,2,Khanna Rakhi Hub 85,21.94,8
3377,Premium & Jewelry,Sandalwood (Chandan),2026,3,No,Thursday,North,Online,33.9,Cash,12,Khanna Rakhi & Gifts,252.37,36
334,Eco-Friendly,Sandalwood (Chandan),2026,4,nO,Friday,Central,Local Street Vendor,28.2,Cash,3,Khanna Rakhi & Gifts,38.14,16
4828,Kids & Cartoon,Silk Thread,2026,6,yES,Sunday,Central,Online,34.0,Cash,3,Chopra Rakhi Hub 145,15.83,10
5351,Eco-Friendly,Silk Thread,2026,3,nO,Thursday,East,Online,27.1,Credit Card,7,Sharma Rakhi Hub 112,36.77,21
5067,Kids & Cartoon,Silk Thread,2026,2,No,Friday,East,Supermarket,34.9,Credit Card,2,Chopra Rakhi Hub 156,22.27,13
3394,Premium & Jewelry,Sterling Silver,2026,2,nO,Wednesday,West,Local Street Vendor,26.8,Cash,9,Bhatia Rakhi Hub 182,654.81,33
4969,Premium & Jewelry,Sterling Silver,2026,2,No,Monday,East,Local Street Vendor,28.7,Credit Card,4,Gupta Rakhi Hub 165,402.28,13
5967,Eco-Friendly,Sandalwood (Chandan),2026,6,No,Wednesday,,Online,31.1,UPI,3,Mehra Rakhi Corner,62.82,22
5505,Eco-Friendly,Sandalwood (Chandan),2026,5,No,Thursday,Central,Local Street Vendor,29.1,Credit Card,1,Arora Emporium,44.59,8
5388,Premium & Jewelry,Silk Thread,2026,2,#Yes,Sunday,Central,Local Street Vendor,28.5,Cash,9,Saxena Rakhi Hub 49,96.83,30
3622,Premium & Jewelry,Silk Thread,2026,1,No,Tuesday,Central,Supermarket,32.4,Cash,8,Khanna Rakhi Hub 271,118.07,37
5521,Kids & Cartoon,Silk Thread,2026,7,nO,Monday,Central,Supermarket,28.4,Credit Card,1,Bansal Rakhi Hub 99,14.41,7
747,Kids & Cartoon,Silk Thread,2026,4,No,Friday,North,Local Street Vendor,33.3,Cash,4,Sethi Rakhi Hub 19,12.98,19
1564,Eco-Friendly,Sandalwood (Chandan),2026,6,No,Friday,West,Supermarket,34.3,Credit Card,3,Sethi Rakhi Hub 280,58.18,9
317,Kids & Cartoon,Silk Thread,2026,4,No,Thursday,North,Online,30.3,UPI,6,Jain Rakhi Store,14.76,24
3039,Premium & Jewelry,Sterling Silver,2026,7,No,Monday,East,Supermarket,35.1,Cash,2,Arora Traditions,534.95,11
3308,Premium & Jewelry,Sandalwood (Chandan),2026,3,#Yes,Saturday,Central,Local Street Vendor,25.1,Cash,13,Chopra Rakhi Hub 190,135.57,32
4619,Kids & Cartoon,Sandalwood (Chandan),2026,7,Yes,Sunday,East,Online,26.3,Cash,8,Khanna Rakhi Bazaar,39.6,20
5692,Premium & Jewelry,Silk Thread,2026,2,Yes,Sunday,North,Local Street Vendor,29.9,UPI,8,Rastogi Festive Mart,114.41,21
2276,Premium & Jewelry,Sterling Silver,2026,2,No,Friday,West,Supermarket,33.3,Cash,3,Gupta Rakhi Hub 27,531.37,9
4456,Kids & Cartoon,Silk Thread,2026,3,nO,Wednesday,North,Local Street Vendor,30.4,Cash,17,Bansal Rakhi Hub 99,11.51,61
2334,Premium & Jewelry,Sterling Silver,2026,2,No,Wednesday,North,Supermarket,36.2,Cash,5,Sethi Rakhi Hub 175,650.0,22
2993,Kids & Cartoon,Silk Thread,2026,3,No,Monday,North,Supermarket,34.0,Cash,3,Mehra Rakhi Hub 170,19.45,22
5897,Premium & Jewelry,Sterling Silver,2026,3,No,Monday,Central,Local Street Vendor,35.5,Cash,2,Mehra Emporium,542.86,10
3010,Eco-Friendly,Sterling Silver,2026,1,yES,Sunday,West,Local Street Vendor,30.1,Credit Card,58,Chopra Rakhi Hub 166,183.38,209
342,Eco-Friendly,Sandalwood (Chandan),2026,4,No,Monday,Central,Supermarket,30.2,Cash,20,Bansal Rakhi Hub 217,78.84,20
2928,Kids & Cartoon,Sandalwood (Chandan),2026,2,No,Friday,North,Supermarket,26.4,Cash,34,Saxena Rakhi Hub 9,92.59,111
260,Kids & Cartoon,Silk Thread,2026,7,Yes,Sunday,Central,Supermarket,30.9,Cash,15,Saxena Rakhi Hub 213,17.79,10
2199,Premium & Jewelry,Sterling Silver,2026,2,No,Tuesday,North,Local Street Vendor,34.8,UPI,8,Goel Handicrafts,659.68,40
5705,Kids & Cartoon,Silk Thread,2026,7,No,Friday,Central,Local Street Vendor,21.4,Credit Card,2,Bhatia Rakhi Hub 80,18.1,6
5313,Kids & Cartoon,Silk Thread,2026,7,No,Tuesday,West,Supermarket,30.0,Credit Card,5,Mehra Rakhi Bazaar,16.55,25
2001,Eco-Friendly,Sandalwood (Chandan),2026,2,No,Wednesday,Central,Local Street Vendor,35.1,Cash,5,Arora Rakhi Hub 117,34.6,17
381,Kids & Cartoon,Silk Thread,2026,4,yES,Saturday,North,Supermarket,28.3,Credit Card,8,Rastogi Rakhi Hub 298,22.04,21
5169,Premium & Jewelry,Silk Thread,2026,4,No,Tuesday,North,Supermarket,29.8,UPI,2,Chopra Rakhi Hub 233,103.07,9
2570,Eco-Friendly,Sandalwood (Chandan),2026,7,No,Thursday,North,Local Street Vendor,37.9,UPI,1,Gupta Rakhi Point,41.02,4
2228,Premium & Jewelry,Sterling Silver,2026,1,No,Monday,Central,Supermarket,31.2,UPI,9,Verma Rakhi Hub 30,778.63,31
600,Kids & Cartoon,Silk Thread,2026,2,nO,Thursday,West,Local Street Vendor,30.8,UPI,6,Goel Rakhi Hub 107,14.29,41
1845,Premium & Jewelry,Sterling Silver,2026,4,No,Wednesday,East,Local Street Vendor,32.2,Cash,5,Goel Rakhi Hub 100,595.07,23
46,Eco-Friendly,Sandalwood (Chandan),2026,3,No,Wednesday,West,Local Street Vendor,29.8,Credit Card,13,Tandon Rakhi Hub 296,43.19,38
1445,Premium & Jewelry,Sterling Silver,2026,5,Yes,Saturday,Central,Local Street Vendor,26.7,UPI,3,Sethi Rakhi Hub 131,406.69,14
1653,Premium & Jewelry,Sterling Silver,2026,4,No,Thursday,West,Supermarket,34.0,Cash,2,Bansal Rakhi Hub 13,629.37,11
1587,Kids & Cartoon,Silk Thread,2026,7,No,Wednesday,West,Local Street Vendor,31.3,UPI,3,Bansal Rakhi Hub 274,11.48,12
5118,Eco-Friendly,Sandalwood (Chandan),2026,2,Yes,Sunday,East,Local Street Vendor,27.3,Credit Card,7,Gupta Traditions,46.81,20
1894,Premium & Jewelry,Sterling Silver,2026,2,Yes,Sunday,Central,Supermarket,28.7,Credit Card,7,Gupta Rakhi Hub 291,522.99,30
5325,Premium & Jewelry,Sterling Silver,2026,5,No,Friday,East,Online,28.2,Credit Card,6,Aggarwal Rakhi Hub 144,757.54,17
5575,Kids & Cartoon,Silk Thread,2026,1,No,Monday,Central,Supermarket,28.8,UPI,7,Khanna Festive Mart,18.76,23
5134,Kids & Cartoon,Sandalwood (Chandan),2026,5,yES,Sunday,North,Local Street Vendor,33.8,Cash,3,Mehra Rakhi Hub 273,20.83,11
5323,Eco-Friendly,Sandalwood (Chandan),2026,3,No,Monday,East,Online,31.6,UPI,4,Chawla Handicrafts,92.51,16
4382,Kids & Cartoon,Silk Thread,2026,1,nO,Tuesday,West,Supermarket,28.4,Cash,3,Jain Handicrafts,17.92,21
5048,Eco-Friendly,Sandalwood (Chandan),2026,6,yES,Saturday,North,Supermarket,29.8,Cash,2,Malhotra Gift House,68.78,10
2692,Kids & Cartoon,Silk Thread,2026,6,yES,Sunday,North,Local Street Vendor,34.5,Credit Card,6,Goel Rakhi Hub 133,10.97,16
2311,Eco-Friendly,Sandalwood (Chandan),2026,3,nO,Monday,West,Online,29.5,Cash,66,Saxena Rakhi Bazaar,59.14,49
3791,Premium & Jewelry,Sterling Silver,2026,3,nO,Friday,West,Supermarket,28.6,Cash,4,Bhatia Rakhi Hub 254,780.32,13
724,Eco-Friendly,Silk Thread,2026,4,No,Friday,North,Local Street Vendor,32.0,Cash,13,Khanna Rakhi Hub 194,24.41,40
203,Kids & Cartoon,Silk Thread,2026,7,No,Friday,West,Online,32.6,UPI,11,Mehra Rakhi Hub 246,28.0,34
3380,Eco-Friendly,Silk Thread,2026,3,nO,Friday,West,Online,30.7,Credit Card,10,Nanda Emporium,39.24,37
4016,Kids & Cartoon,Silk Thread,2026,7,No,Friday,West,Supermarket,28.2,Credit Card,1,Arora Rakhi Hub 108,14.85,4
1601,Eco-Friendly,Sandalwood (Chandan),2026,2,yES,Sunday,North,Supermarket,,Cash,21,Chawla Rakhi Hub 265,67.01,77
2540,Kids & Cartoon,Silk Thread,2026,6,No,Tuesday,Central,Supermarket,39.7,Cash,5,Sharma Rakhi Hub 185,18.43,18
5689,Eco-Friendly,Sandalwood (Chandan),2026,5,No,Tuesday,East,Online,34.4,Credit Card,8,Tandon Rakhi Hub 296,69.55,24
3361,Kids & Cartoon,Silk Thread,2026,1,No,Wednesday,West,Supermarket,35.8,UPI,8,Malhotra Festive Mart,19.93,37
3724,Kids & Cartoon,Silk Thread,2026,6,No,Friday,North,Supermarket,29.7,Credit Card,2,Malhotra Rakhi & Gifts,17.16,9
2852,Kids & Cartoon,Silk Thread,2026,3,No,Monday,East,Local Street Vendor,28.4,UPI,21,Goel Rakhi Hub 221,12.4,64
4447,Kids & Cartoon,Silk Thread,2026,2,yES,Sunday,East,Online,29.8,Cash,9,Bansal Festive Mart,21.91,44
5820,Kids & Cartoon,Silk Thread,2026,5,No,Wednesday,Central,Local Street Vendor,29.2,Cash,5,Bansal Rakhi Hub 214,8.35,17
1299,Eco-Friendly,Sandalwood (Chandan),2026,7,Yes,Sunday,East,Local Street Vendor,33.9,Credit Card,3,Nanda Rakhi Hub 32,38.9,11
427,Premium & Jewelry,Sterling Silver,2026,7,No,Friday,North,Online,32.2,Credit Card,3,Khanna Rakhi & Gifts,645.09,18
3442,Premium & Jewelry,Sandalwood (Chandan),2026,4,Yes,Saturday,East,Local Street Vendor,32.5,Cash,4,Rastogi Rakhi Hub 143,134.59,14
806,Premium & Jewelry,Silk Thread,2026,5,No,Monday,West,Local Street Vendor,31.8,Cash,8,Bansal Rakhi Hub 8,71.1,37
2274,Eco-Friendly,Sandalwood (Chandan),2026,1,nO,Thursday,Central,Supermarket,32.0,Credit Card,8,Tandon Emporium,47.43,24
411,Kids & Cartoon,Sterling Silver,2026,2,No,Wednesday,East,Online,31.7,Credit Card,9,Rastogi Rakhi Hub 224,144.31,43
929,Kids & Cartoon,Silk Thread,2026,5,No,Monday,East,Supermarket,36.9,Cash,2,Sethi Rakhi & Gifts,16.41,7
666,Eco-Friendly,Sandalwood (Chandan),2026,5,nO,Wednesday,East,Local Street Vendor,27.9,UPI,2,Rastogi Rakhi Hub 143,55.67,11
2463,Premium & Jewelry,Sterling Silver,2026,6,No,Monday,West,Supermarket,34.4,Credit Card,1,Khanna Handicrafts,601.63,6
439,Eco-Friendly,Sandalwood (Chandan),2026,6,No,Monday,East,Local Street Vendor,30.8,UPI,4,Goel Rakhi Bazaar,53.13,15
5526,Eco-Friendly,Sandalwood (Chandan),2026,4,No,Tuesday,East,Local Street Vendor,34.4,UPI,2,Chawla Rakhi Hub 245,33.91,11
2337,Eco-Friendly,Sandalwood (Chandan),2026,1,No,Thursday,North,Supermarket,33.4,Credit Card,8,Kapoor Rakhi Hub 270,65.44,26
435,Premium & Jewelry,Sterling Silver,2026,4,Yes,Sunday,West,Online,37.5,Cash,8,Saxena Rakhi Hub 41,780.18,20
5266,Premium & Jewelry,Sterling Silver,2026,6,No,Wednesday,Central,Supermarket,33.9,Credit Card,11,Khanna Rakhi Store,553.2,58
752,Kids & Cartoon,Silk Thread,2026,2,No,Wednesday,East,Local Street Vendor,26.4,Cash,6,Sethi Gift House,13.37,21
1953,Eco-Friendly,Sandalwood (Chandan),2026,7,No,Thursday,West,Online,29.8,Credit Card,2,Jain Rakhi Hub 150,49.68,7
2134,Eco-Friendly,Sandalwood (Chandan),2026,6,Yes,Saturday,West,Online,25.4,Cash,5,Aggarwal Traditions,83.73,20
5014,Eco-Friendly,Silk Thread,2026,6,No,Friday,North,Local Street Vendor,27.3,Credit Card,4,Malhotra Rakhi Point,29.8,12
3160,Kids & Cartoon,Silk Thread,2026,2,nO,Monday,North,Local Street Vendor,32.0,Cash,6,Chawla Rakhi Corner,12.96,23
4776,Premium & Jewelry,Sterling Silver,2026,3,Yes,Saturday,East,Online,32.8,Cash,4,Goel Rakhi Hub 244,898.26,16
985,Premium & Jewelry,Sterling Silver,2026,5,Yes,Saturday,North,Supermarket,27.9,Cash,11,Chopra Rakhi Hub 216,700.9,26
5309,Premium & Jewelry,Sterling Silver,2026,7,nO,Friday,West,Local Street Vendor,33.5,Cash,2,Arora Rakhi Hub 115,447.45,8
3136,Eco-Friendly,Sandalwood (Chandan),2026,2,Yes,Saturday,West,Supermarket,30.6,Credit Card,12,Nanda Rakhi Store,64.95,28
1050,Premium & Jewelry,Sterling Silver,2026,5,nO,Thursday,North,Supermarket,35.1,UPI,8,Sharma Rakhi Hub 172,530.88,33
627,Eco-Friendly,Sandalwood (Chandan),2026,1,No,Thursday,West,Local Street Vendor,31.3,UPI,6,Mehra Rakhi Hub 81,51.41,19
1776,Kids & Cartoon,Silk Thread,2026,2,No,Monday,East,Local Street Vendor,33.5,Cash,4,Chawla Rakhi Hub 265,11.75,15
3040,Kids & Cartoon,Silk Thread,2026,5,No,Monday,,Supermarket,29.0,UPI,2,Khanna Rakhi Hub 164,19.47,10
2179,Premium & Jewelry,Sterling Silver,2026,3,nO,Tuesday,East,Supermarket,37.8,Cash,2,Aggarwal Rakhi Hub 74,763.72,10
1224,Kids & Cartoon,Silk Thread,2026,2,No,Wednesday,West,Supermarket,28.9,Cash,7,Chawla Rakhi Store,14.34,29
211,Kids & Cartoon,Silk Thread,2026,7,No,Monday,East,Local Street Vendor,,Credit Card,1,Sethi Rakhi Hub 40,11.99,6
871,Eco-Friendly,Sandalwood (Chandan),2026,1,yES,Sunday,East,Online,28.3,Cash,6,Kapoor Emporium,79.04,28
3962,Premium & Jewelry,Sterling Silver,2026,5,Yes,Saturday,North,Local Street Vendor,36.5,Cash,5,Sethi Rakhi Hub 33,566.75,17
4859,Premium & Jewelry,Sterling Silver,2026,2,No,Thursday,West,Local Street Vendor,31.5,UPI,7,Jain Rakhi Hub 150,608.23,28
111,Kids & Cartoon,Silk Thread,2026,6,Yes,Saturday,West,Local Street Vendor,31.4,UPI,6,Bansal Rakhi Hub 58,12.55,16
52,Premium & Jewelry,Sterling Silver,2026,5,No,Monday,West,Local Street Vendor,29.1,Credit Card,5,Arora Rakhi Hub 117,418.55,18
1500,Kids & Cartoon,Sterling Silver,2026,3,Yes,Sunday,North,Online,32.8,Cash,9,Nanda Rakhi Hub 129,131.61,30
1110,Premium & Jewelry,Sterling Silver,2026,7,No,Wednesday,North,Online,35.2,Cash,6,Tandon Handicrafts,684.31,17
1465,Kids & Cartoon,Sandalwood (Chandan),2026,3,Yes,Sunday,,Local Street Vendor,15.3,UPI,3,Saxena Rakhi Hub 262,26.4,9
5347,Eco-Friendly,Sandalwood (Chandan),2026,3,No,Friday,North,Supermarket,37.0,Credit Card,8,Nanda Rakhi Hub 96,64.63,29
2037,Eco-Friendly,Sandalwood (Chandan),2026,5,nO,Tuesday,East,Local Street Vendor,28.9,Cash,4,Tandon Traditions,31.19,17
653,Kids & Cartoon,Silk Thread,2026,2,No,Thursday,Central,Local Street Vendor,30.9,Cash,8,Khanna Rakhi Hub 132,19.55,25
2338,Kids & Cartoon,Silk Thread,2026,4,No,Tuesday,East,Supermarket,37.9,Cash,3,Gupta Rakhi Hub 297,21.44,13
2727,Eco-Friendly,Sandalwood (Chandan),2026,3,Yes,Saturday,North,Supermarket,31.7,Cash,19,Goel Rakhi Hub 107,53.6,53
5598,Kids & Cartoon,Silk Thread,2026,6,No,Tuesday,East,Supermarket,39.8,Cash,1,Sharma Rakhi Hub 226,15.94,7
4775,Premium & Jewelry,Sterling Silver,2026,3,Yes,Sunday,Central,Local Street Vendor,34.5,Cash,7,Rastogi Festive Mart,588.63,20
3856,Premium & Jewelry,Sterling Silver,2026,3,No,Tuesday,North,Online,33.2,UPI,4,Nanda Gift House,928.66,15
575,Eco-Friendly,Sandalwood (Chandan),2026,2,No,Wednesday,West,Local Street Vendor,30.0,Cash,6,Mehra Rakhi Hub 148,60.61,19
1796,Premium & Jewelry,Silk Thread,2026,5,No,Thursday,East,Local Street Vendor,27.0,Credit Card,3,Jain Rakhi Point,99.54,14
1703,Kids & Cartoon,Silk Thread,2026,2,Yes,Saturday,West,Local Street Vendor,,UPI,8,Mehra Emporium,16.73,36
877,Kids & Cartoon,Sterling Silver,2026,6,No,Thursday,North,Supermarket,32.1,Cash,13,Goel Rakhi Hub 244,88.25,37
2670,Kids & Cartoon,Silk Thread,2026,4,nO,Tuesday,West,Local Street Vendor,27.0,Cash,3,Bansal Rakhi Bazaar,15.73,12
4592,Kids & Cartoon,Silk Thread,2026,7,No,Friday,Central,Local Street Vendor,32.7,Cash,6,Bhatia Rakhi Corner,13.65,18
3788,Premium & Jewelry,Sterling Silver,2026,4,Yes,Saturday,West,Supermarket,31.4,Cash,2,Chawla Rakhi Corner,602.87,9
5158,Kids & Cartoon,Silk Thread,2026,1,No,Thursday,Central,Local Street Vendor,32.4,UPI,3,Sharma Rakhi Hub 84,17.31,17
2946,Kids & Cartoon,Silk Thread,2026,1,No,Thursday,West,Supermarket,26.7,Credit Card,5,Goel Rakhi Hub 15,21.3,27
1499,Kids & Cartoon,Silk Thread,2026,2,No,Tuesday,North,Online,,Cash,10,Chawla Rakhi Hub 104,19.83,39
2942,Premium & Jewelry,Sterling Silver,2026,5,yES,Sunday,North,Supermarket,35.4,Cash,3,Mehra Rakhi Hub 75,610.04,8
365,Kids & Cartoon,Silk Thread,2026,5,No,Thursday,Central,Supermarket,31.8,Cash,44,Saxena Rakhi Hub 252,21.53,38
4250,Eco-Friendly,Sandalwood (Chandan),2026,5,#Yes,Saturday,West,Local Street Vendor,28.0,UPI,5,Chawla Rakhi Bazaar,46.68,19
5250,Eco-Friendly,Sandalwood (Chandan),2026,7,No,Monday,West,Supermarket,32.4,Cash,2,Chopra Rakhi Hub 233,46.38,6
263,Kids & Cartoon,Silk Thread,2026,1,No,Tuesday,Central,Local Street Vendor,32.0,Cash,3,Mehra Rakhi & Gifts,14.59,14
4825,Kids & Cartoon,Silk Thread,2026,1,Yes,Saturday,East,Local Street Vendor,28.9,Cash,10,Khanna Rakhi Store,10.87,22
5877,Kids & Cartoon,Silk Thread,2026,6,nO,Wednesday,West,Supermarket,28.3,UPI,3,Saxena Festive Mart,15.42,20
5966,Premium & Jewelry,Sterling Silver,2026,7,No,Wednesday,Central,Local Street Vendor,31.4,UPI,1,Rastogi Rakhi Hub 5,332.48,6
3976,Premium & Jewelry,Sterling Silver,2026,7,#Yes,Saturday,Central,Supermarket,32.1,UPI,2,Malhotra Rakhi & Gifts,584.37,8
5203,Premium & Jewelry,Sterling Silver,2026,7,No,Tuesday,North,Online,24.9,Cash,1,Bhatia Rakhi Hub 2,886.25,5
2511,Kids & Cartoon,Silk Thread,2026,1,No,Wednesday,North,Online,29.1,Cash,9,Kapoor Rakhi Hub 31,19.32,55
2084,Premium & Jewelry,Sterling Silver,2026,4,nO,Tuesday,East,Local Street Vendor,27.8,UPI,24,Jain Rakhi Hub 177,551.97,17
706,Kids & Cartoon,Silk Thread,2026,4,Yes,Saturday,West,Local Street Vendor,31.7,Cash,9,Malhotra Festive Mart,14.7,34
1873,Eco-Friendly,Silk Thread,2026,3,nO,Friday,North,Supermarket,36.0,Cash,4,Arora Traditions,34.77,14
2517,Premium & Jewelry,Sandalwood (Chandan),2026,2,No,Friday,West,Local Street Vendor,32.3,Credit Card,4,Nanda Rakhi Hub 195,181.0,20
5580,Eco-Friendly,Sandalwood (Chandan),2026,4,No,Tuesday,West,Local Street Vendor,32.6,UPI,3,Jain Rakhi Hub 119,42.13,8
4668,Kids & Cartoon,Silk Thread,2026,1,yES,Sunday,West,Online,24.4,UPI,13,Tandon Rakhi Hub 103,25.17,50
58,Kids & Cartoon,Silk Thread,2026,3,No,Tuesday,East,Local Street Vendor,36.4,Credit Card,10,Mehra Rakhi Store,68.98,41
1919,Kids & Cartoon,Sandalwood (Chandan),2026,6,Yes,Saturday,East,Local Street Vendor,28.1,Credit Card,3,Jain Rakhi Hub 150,20.51,11
936,Premium & Jewelry,Silk Thread,2026,1,yES,Sunday,East,Local Street Vendor,32.3,Credit Card,6,Nanda Rakhi & Gifts,83.26,28
3729,Eco-Friendly,Sandalwood (Chandan),2026,2,No,Tuesday,West,Local Street Vendor,28.5,UPI,4,Nanda Rakhi Hub 89,41.01,19
3837,Kids & Cartoon,Silk Thread,2026,4,Yes,Sunday,East,Local Street Vendor,29.9,Cash,3,Rastogi Rakhi Hub 42,12.72,13
2369,Kids & Cartoon,Silk Thread,2026,1,No,Tuesday,Central,Supermarket,28.9,Cash,8,Kapoor Rakhi Hub 287,15.24,42
4841,Eco-Friendly,Sandalwood (Chandan),2026,2,Yes,Sunday,Central,Local Street Vendor,30.7,Cash,9,Goel Rakhi Hub 239,46.07,27
528,Eco-Friendly,Sterling Silver,2026,2,nO,Monday,Central,Local Street Vendor,32.3,UPI,17,Chopra Handicrafts,164.71,60
5619,Kids & Cartoon,Silk Thread,2026,3,No,Thursday,North,Online,33.7,Cash,15,Sethi Rakhi Hub 276,21.39,51
1680,Kids & Cartoon,Sandalwood (Chandan),2026,7,No,Monday,West,Supermarket,34.3,UPI,1,Malhotra Rakhi Point,28.42,4
3210,Premium & Jewelry,Silk Thread,2026,2,Yes,Saturday,North,Supermarket,33.0,Cash,23,Rastogi Gift House,99.76,56
3944,Kids & Cartoon,Silk Thread,2026,3,No,Wednesday,Central,Local Street Vendor,32.7,Cash,7,Rastogi Gift House,8.69,26
5562,Kids & Cartoon,Silk Thread,2026,4,No,Thursday,East,Online,34.8,Credit Card,5,Sethi Rakhi Hub 19,19.17,34
566,Kids & Cartoon,Silk Thread,2026,7,No,Monday,East,Local Street Vendor,29.2,Cash,2,Chopra Rakhi Hub 190,16.08,5
4431,Kids & Cartoon,Sterling Silver,2026,3,Yes,Saturday,,Online,33.1,Credit Card,12,Jain Rakhi Store,157.37,30
2863,Kids & Cartoon,Silk Thread,2026,6,#Yes,Sunday,West,Supermarket,28.2,Cash,8,Chawla Rakhi Bazaar,17.08,19
3960,Kids & Cartoon,Silk Thread,2026,7,Yes,Sunday,North,Local Street Vendor,28.9,Cash,4,Gupta Rakhi Hub 139,17.87,14
2184,Premium & Jewelry,Sterling Silver,2026,5,#Yes,Sunday,Central,Local Street Vendor,28.3,Cash,4,Bhatia Rakhi & Gifts,558.32,13
972,Premium & Jewelry,Sterling Silver,2026,5,No,Friday,Central,Local Street Vendor,33.6,Credit Card,3,Mehra Rakhi Bazaar,674.72,17
2035,Premium & Jewelry,Sterling Silver,2026,4,No,Friday,West,Local Street Vendor,30.6,UPI,7,Chopra Gift House,457.61,33
641,Eco-Friendly,Sterling Silver,2026,4,yES,Sunday,North,Local Street Vendor,31.0,Cash,5,Khanna Rakhi Hub 146,160.42,18
2446,Kids & Cartoon,Sterling Silver,2026,5,No,Thursday,North,Local Street Vendor,24.7,Cash,1,Aggarwal Rakhi Hub 90,86.47,5
2413,Kids & Cartoon,Silk Thread,2026,7,yES,Saturday,West,Local Street Vendor,30.4,Cash,2,Bansal Rakhi Hub 58,13.35,7
4004,Premium & Jewelry,Sterling Silver,2026,5,Yes,Saturday,West,Online,31.2,UPI,2,Saxena Rakhi Hub 227,854.91,8
731,Kids & Cartoon,Silk Thread,2026,2,nO,Tuesday,Central,Supermarket,31.6,Credit Card,7,Saxena Rakhi Hub 193,18.51,37
5790,Kids & Cartoon,Silk Thread,2026,3,nO,Wednesday,West,Local Street Vendor,28.4,Cash,3,Sharma Rakhi & Gifts,11.22,10
4948,Eco-Friendly,Sandalwood (Chandan),2026,1,Yes,Saturday,North,Online,35.1,Credit Card,12,Goel Emporium,70.72,30
1965,Eco-Friendly,Silk Thread,2026,2,No,Friday,West,Local Street Vendor,35.0,Cash,39,Sethi Rakhi Hub 10,24.12,163
5297,Eco-Friendly,Sandalwood (Chandan),2026,3,#Yes,Sunday,East,Local Street Vendor,29.5,Cash,4,Bansal Rakhi Hub 13,39.61,11
3480,Kids & Cartoon,Silk Thread,2026,5,Yes,Saturday,East,Local Street Vendor,34.4,Cash,9,Malhotra Rakhi Hub 64,14.54,22
2167,Eco-Friendly,Sandalwood (Chandan),2026,6,Yes,Saturday,North,Online,28.7,Cash,3,Chawla Rakhi Hub 171,69.35,8
4581,Kids & Cartoon,Silk Thread,2026,3,Yes,Sunday,East,Local Street Vendor,30.3,Cash,9,Mehra Rakhi Hub 183,11.69,27
2738,Kids & Cartoon,Silk Thread,2026,5,No,Wednesday,Central,Local Street Vendor,38.7,Cash,11,Malhotra Rakhi Hub 4,59.14,49
326,Kids & Cartoon,Silk Thread,2026,2,yES,Saturday,East,Local Street Vendor,31.1,Cash,22,Khanna Rakhi Store,11.42,54
1821,Eco-Friendly,Sandalwood (Chandan),2026,3,Yes,Sunday,North,Supermarket,34.4,UPI,11,Arora Traditions,62.88,38
5022,Eco-Friendly,Sandalwood (Chandan),2026,7,No,Friday,West,Supermarket,25.8,Cash,2,Khanna Rakhi Hub 184,56.28,6
5160,Kids & Cartoon,Silk Thread,2026,2,No,Thursday,West,Online,25.8,Cash,5,Aggarwal Rakhi Hub 90,18.11,25
291,Eco-Friendly,Sandalwood (Chandan),2026,5,No,Thursday,Central,Local Street Vendor,37.4,UPI,1,Goel Rakhi Hub 228,45.52,7
1748,Kids & Cartoon,Silk Thread,2026,6,No,Wednesday,North,Online,31.3,UPI,3,Aggarwal Rakhi & Gifts,16.47,11
3177,Eco-Friendly,Sandalwood (Chandan),2026,7,Yes,Saturday,West,Supermarket,30.7,Credit Card,2,Saxena Rakhi Hub 262,70.4,9
4235,Premium & Jewelry,Silk Thread,2026,4,No,Friday,Central,Local Street Vendor,33.0,Cash,6,Kapoor Rakhi Hub 200,84.1,27
2751,Premium & Jewelry,Silk Thread,2026,5,nO,Tuesday,West,Local Street Vendor,34.0,UPI,3,Mehra Traditions,79.34,14
2373,Kids & Cartoon,Silk Thread,2026,5,No,Tuesday,West,Local Street Vendor,,Cash,3,Kapoor Rakhi Hub 199,18.03,12
4478,Premium & Jewelry,Sterling Silver,2026,5,No,Wednesday,West,Online,32.8,Cash,4,Bhatia Rakhi Bazaar,832.95,22
1246,Premium & Jewelry,Sandalwood (Chandan),2026,6,Yes,Sunday,North,Online,28.1,UPI,15,Verma Festive Mart,251.91,42
3103,Eco-Friendly,Sandalwood (Chandan),2026,3,Yes,Sunday,North,Local Street Vendor,36.0,Cash,11,Verma Traditions,49.47,25
5293,Eco-Friendly,Silk Thread,2026,1,No,Thursday,Central,Local Street Vendor,27.8,Cash,3,Mehra Rakhi Hub 183,22.44,14
3465,Eco-Friendly,Sandalwood (Chandan),2026,3,No,Thursday,Central,Supermarket,34.2,Cash,6,Chopra Rakhi & Gifts,82.1,22
4373,Kids & Cartoon,Silk Thread,2026,2,No,Friday,East,Local Street Vendor,31.2,UPI,5,Chawla Rakhi Hub 265,57.11,26
4874,Kids & Cartoon,Silk Thread,2026,2,#Yes,Sunday,Central,Online,29.9,Credit Card,10,Arora Rakhi Hub 108,18.87,30
1257,Eco-Friendly,Sandalwood (Chandan),2026,6,nO,Friday,North,Online,34.6,Cash,4,Nanda Festive Mart,80.06,25
1811,Premium & Jewelry,Sterling Silver,2026,1,No,Wednesday,East,Local Street Vendor,30.7,Credit Card,8,Nanda Rakhi Hub 195,403.09,40
5092,Eco-Friendly,Silk Thread,2026,4,No,Thursday,North,Supermarket,29.6,Credit Card,4,Sethi Rakhi Hub 131,31.43,24
865,Premium & Jewelry,Sterling Silver,2026,1,No,Thursday,East,Local Street Vendor,31.3,UPI,13,Gupta Rakhi Hub 282,524.83,41
272,Premium & Jewelry,Sterling Silver,2026,4,No,Tuesday,East,Local Street Vendor,33.2,UPI,3,Mehra Rakhi Hub 183,367.31,12
5581,Kids & Cartoon,Silk Thread,2026,1,#Yes,Sunday,Central,Supermarket,35.8,Cash,6,Kapoor Rakhi Hub 31,16.07,17
3709,Kids & Cartoon,Silk Thread,2026,4,nO,Tuesday,North,Online,38.3,Cash,4,Goel Traditions,23.43,22
1108,Kids & Cartoon,Silk Thread,2026,4,No,Thursday,Central,Supermarket,32.1,Cash,4,Gupta Rakhi Hub 139,20.01,24
372,Premium & Jewelry,Sterling Silver,2026,3,Yes,Saturday,East,Supermarket,33.7,Cash,10,Bhatia Rakhi Point,609.35,47
3478,Eco-Friendly,Sandalwood (Chandan),2026,7,No,Thursday,,Local Street Vendor,19.3,Cash,9,Nanda Rakhi Hub 206,40.65,34
2390,Premium & Jewelry,Sterling Silver,2026,3,No,Thursday,West,Local Street Vendor,31.8,Cash,11,Goel Rakhi Hub 133,584.53,35
1528,Kids & Cartoon,Silk Thread,2026,6,Yes,Sunday,North,Supermarket,31.4,Cash,4,Khanna Rakhi Hub 45,15.27,13
4500,Eco-Friendly,Sandalwood (Chandan),2026,4,No,Monday,North,Online,29.1,UPI,8,Saxena Rakhi Hub 252,82.3,55
5664,Premium & Jewelry,Sterling Silver,2026,4,Yes,Saturday,East,Online,,Cash,3,Rastogi Rakhi Store,794.72,14
4488,Premium & Jewelry,Sterling Silver,2026,2,No,Monday,East,Local Street Vendor,30.2,Credit Card,56,Tandon Gift House,431.29,35
5296,Kids & Cartoon,Silk Thread,2026,6,yES,Saturday,East,Supermarket,33.4,Cash,2,Nanda Rakhi Corner,19.03,6
1361,Kids & Cartoon,Silk Thread,2026,5,Yes,Saturday,West,Online,29.8,Credit Card,9,Nanda Rakhi Hub 129,19.42,44
912,Eco-Friendly,Sandalwood (Chandan),2026,7,No,Thursday,West,Supermarket,30.4,UPI,2,Malhotra Rakhi Hub 281,55.98,6
5142,Kids & Cartoon,Silk Thread,2026,7,Yes,Sunday,Central,Supermarket,32.3,UPI,2,Rastogi Rakhi Hub 224,17.53,12
4296,Kids & Cartoon,Silk Thread,2026,7,Yes,Sunday,Central,Supermarket,32.1,Cash,2,Kapoor Rakhi Hub 66,21.02,7
662,Eco-Friendly,Sandalwood (Chandan),2026,2,No,Thursday,Central,Supermarket,36.1,Cash,4,Chawla Rakhi & Gifts,62.31,15
4603,Eco-Friendly,Sandalwood (Chandan),2026,6,No,Friday,East,Local Street Vendor,27.1,Cash,1,Saxena Rakhi Hub 255,52.96,8
965,Eco-Friendly,Silk Thread,2026,6,Yes,Sunday,East,Supermarket,34.3,Cash,5,Malhotra Handicrafts,36.31,14
1424,Kids & Cartoon,Silk Thread,2026,2,No,Monday,,Online,23.4,Cash,5,Bansal Gift House,18.95,25
123,Premium & Jewelry,Sterling Silver,2026,1,Yes,Saturday,East,Online,33.4,Cash,10,Malhotra Rakhi Hub 281,787.14,37
480,Kids & Cartoon,Silk Thread,2026,6,Yes,Saturday,West,Local Street Vendor,31.7,Credit Card,8,Gupta Rakhi Hub 68,8.76,20
663,Premium & Jewelry,Sterling Silver,2026,3,nO,Tuesday,West,Local Street Vendor,25.9,Cash,4,Goel Rakhi Hub 105,437.2,17
824,Kids & Cartoon,Silk Thread,2026,6,nO,Friday,East,Online,31.3,UPI,3,Arora Rakhi Hub 210,30.61,15
2190,Eco-Friendly,Sandalwood (Chandan),2026,3,#Yes,Sunday,East,Local Street Vendor,22.4,Credit Card,9,Aggarwal Rakhi Store,47.54,26
5215,Kids & Cartoon,Silk Thread,2026,2,No,Tuesday,East,Supermarket,,Credit Card,5,Jain Rakhi Corner,18.3,24
2132,Eco-Friendly,Sandalwood (Chandan),2026,1,yES,Saturday,Central,Local Street Vendor,34.0,Credit Card,7,Nanda Gift House,46.7,34
440,Kids & Cartoon,Silk Thread,2026,5,No,Thursday,East,Local Street Vendor,32.6,Credit Card,2,Mehra Rakhi Bazaar,12.12,12
1380,Kids & Cartoon,Silk Thread,2026,5,Yes,Sunday,East,Local Street Vendor,33.2,Credit Card,3,Chawla Rakhi Point,16.22,10
1444,Premium & Jewelry,Sterling Silver,2026,1,nO,Friday,East,Local Street Vendor,29.0,Credit Card,14,Sethi Rakhi Hub 19,499.5,41
4380,Premium & Jewelry,Sterling Silver,2026,6,No,Friday,East,Local Street Vendor,31.9,Cash,2,Mehra Rakhi Hub 25,465.13,8
4336,Premium & Jewelry,Sandalwood (Chandan),2026,6,yES,Sunday,,Supermarket,30.8,Cash,8,Saxena Gift House,131.64,29
1478,Eco-Friendly,Silk Thread,2026,3,No,Friday,North,Supermarket,27.3,Cash,6,Arora Rakhi Bazaar,46.03,20
2780,Premium & Jewelry,Sterling Silver,2026,7,Yes,Sunday,West,Online,30.5,UPI,2,Saxena Rakhi Hub 294,669.27,6
1174,Eco-Friendly,Sandalwood (Chandan),2026,1,Yes,Sunday,West,Online,27.8,Credit Card,9,Jain Rakhi Hub 197,69.7,47
4535,Kids & Cartoon,Silk Thread,2026,2,No,Wednesday,East,Local Street Vendor,42.0,UPI,8,Nanda Rakhi Bazaar,48.73,29
5410,Eco-Friendly,Silk Thread,2026,2,No,Friday,West,Supermarket,33.2,Credit Card,9,Malhotra Rakhi Store,27.08,32
2447,Premium & Jewelry,Sterling Silver,2026,2,Yes,Sunday,West,Supermarket,31.9,Credit Card,7,Malhotra Festive Mart,658.22,23
3949,Eco-Friendly,Sandalwood (Chandan),2026,7,nO,Monday,East,Supermarket,32.4,Credit Card,1,Sethi Rakhi Hub 242,67.4,5
3086,Kids & Cartoon,Silk Thread,2026,2,Yes,Sunday,Central,Online,32.4,Credit Card,8,Verma Traditions,17.86,20
280,Eco-Friendly,Silk Thread,2026,6,No,Monday,Central,Local Street Vendor,35.7,Credit Card,2,Jain Rakhi Hub 150,26.34,9
2581,Premium & Jewelry,Sterling Silver,2026,5,Yes,Sunday,Central,Online,35.2,Cash,11,Goel Rakhi Hub 228,740.57,52
4626,Kids & Cartoon,Silk Thread,2026,6,Yes,Saturday,North,Online,39.9,UPI,4,Arora Rakhi Hub 46,21.37,19
1102,Kids & Cartoon,Silk Thread,2026,4,No,Wednesday,West,Local Street Vendor,31.1,UPI,11,Arora Handicrafts,12.54,39
4932,Kids & Cartoon,Silk Thread,2026,5,No,Monday,West,Local Street Vendor,33.4,UPI,5,Gupta Traditions,12.02,13
1695,Kids & Cartoon,Silk Thread,2026,4,nO,Thursday,East,Local Street Vendor,29.9,Cash,5,Gupta Rakhi Hub 187,15.32,21
2143,Eco-Friendly,Silk Thread,2026,7,No,Tuesday,West,Supermarket,39.0,Cash,1,Chawla Rakhi Hub 295,33.06,5
3318,Premium & Jewelry,Sterling Silver,2026,5,No,Thursday,West,Supermarket,36.1,Cash,3,Jain Gift House,718.98,17
2424,Premium & Jewelry,Sandalwood (Chandan),2026,3,Yes,Saturday,Central,Supermarket,33.7,Cash,8,Mehra Rakhi Point,209.95,19
3192,Premium & Jewelry,Sterling Silver,2026,4,Yes,Saturday,Central,Supermarket,26.6,Credit Card,18,Tandon Traditions,653.19,87
5071,Premium & Jewelry,Sandalwood (Chandan),2026,1,#Yes,Sunday,Central,Local Street Vendor,31.8,Credit Card,7,Malhotra Rakhi & Gifts,137.37,24
578,Kids & Cartoon,Silk Thread,2026,7,yES,Sunday,East,Local Street Vendor,32.3,Cash,7,Arora Rakhi Hub 219,12.67,19
60,Premium & Jewelry,Sandalwood (Chandan),2026,4,Yes,Sunday,East,Supermarket,34.1,UPI,6,Bansal Rakhi Hub 198,193.84,13
788,Kids & Cartoon,Silk Thread,2026,1,Yes,Saturday,West,Local Street Vendor,17.6,Cash,3,Goel Handicrafts,11.88,10
2544,Premium & Jewelry,Sandalwood (Chandan),2026,5,yES,Sunday,Central,Local Street Vendor,32.7,Cash,13,Chawla Rakhi Hub 265,126.22,30
5832,Premium & Jewelry,Sterling Silver,2026,2,Yes,Saturday,West,Supermarket,35.8,UPI,10,Gupta Festive Mart,694.45,24
5109,Kids & Cartoon,Silk Thread,2026,4,No,Tuesday,East,Online,29.7,Cash,18,Tandon Rakhi Hub 62,19.45,26
4305,Premium & Jewelry,Sandalwood (Chandan),2026,3,nO,Friday,North,Supermarket,28.4,Cash,12,Arora Rakhi & Gifts,218.37,52
5869,Premium & Jewelry,Sterling Silver,2026,5,Yes,Saturday,East,Local Street Vendor,40.4,UPI,2,Saxena Rakhi Hub 294,480.76,14
5361,Kids & Cartoon,Silk Thread,2026,5,Yes,Saturday,North,Supermarket,33.0,UPI,7,Bansal Emporium,16.71,28
629,Kids & Cartoon,Silk Thread,2026,4,No,Monday,North,Online,32.0,Cash,6,Bansal Rakhi & Gifts,20.11,25
4347,Eco-Friendly,Sandalwood (Chandan),2026,4,No,Monday,East,Local Street Vendor,28.6,Cash,3,Rastogi Festive Mart,32.77,19
3908,Eco-Friendly,Sandalwood (Chandan),2026,6,Yes,Saturday,Central,Supermarket,40.0,UPI,3,Chawla Rakhi Hub 48,63.44,9
5658,Eco-Friendly,Sandalwood (Chandan),2026,4,#Yes,Saturday,,Online,30.3,Cash,7,Tandon Rakhi Store,64.42,25
5626,Kids & Cartoon,Silk Thread,2026,7,Yes,Sunday,West,Local Street Vendor,30.8,Credit Card,2,Arora Rakhi Store,42.66,4
5164,Kids & Cartoon,Sandalwood (Chandan),2026,3,No,Monday,West,Supermarket,35.4,Cash,3,Aggarwal Rakhi Hub 212,32.41,13
2725,Premium & Jewelry,Sterling Silver,2026,1,#Yes,Saturday,West,Supermarket,41.0,Cash,5,Mehra Rakhi Hub 148,609.71,18
185,Eco-Friendly,Silk Thread,2026,5,No,Tuesday,East,Local Street Vendor,29.8,Cash,5,Sharma Rakhi Hub 84,26.91,14
2471,Kids & Cartoon,Silk Thread,2026,7,nO,Friday,East,Supermarket,26.5,UPI,1,Arora Rakhi Point,20.46,4
2516,Eco-Friendly,Sandalwood (Chandan),2026,5,Yes,Saturday,North,Local Street Vendor,29.2,Cash,3,Arora Rakhi Bazaar,37.51,16
421,Kids & Cartoon,Silk Thread,2026,6,No,Monday,West,Local Street Vendor,36.0,Credit Card,2,Bhatia Rakhi & Gifts,11.03,6
554,Eco-Friendly,Silk Thread,2026,7,No,Wednesday,Central,Local Street Vendor,33.9,Credit Card,3,Mehra Rakhi Hub 207,25.54,12
1398,Eco-Friendly,Sandalwood (Chandan),2026,6,nO,Friday,West,Online,33.6,Cash,4,Tandon Rakhi Hub 26,70.5,14
5780,Premium & Jewelry,Sandalwood (Chandan),2026,4,nO,Friday,,Online,27.7,Cash,9,Sethi Rakhi Hub 76,198.39,37
2408,Premium & Jewelry,Silk Thread,2026,2,Yes,Sunday,East,Local Street Vendor,32.6,UPI,13,Mehra Rakhi Hub 275,64.64,40
1253,Premium & Jewelry,Sandalwood (Chandan),2026,4,No,Wednesday,Central,Local Street Vendor,26.4,Credit Card,2,Tandon Rakhi Corner,159.04,11
1761,Kids & Cartoon,Silk Thread,2026,4,No,Wednesday,Central,Online,30.7,UPI,8,Sethi Rakhi Hub 10,16.77,31
935,Eco-Friendly,Sandalwood (Chandan),2026,2,Yes,Saturday,West,Online,31.7,Cash,7,Arora Rakhi Hub 218,74.37,27
298,Eco-Friendly,Sandalwood (Chandan),2026,2,Yes,Saturday,Central,Supermarket,22.9,Credit Card,10,Chopra Traditions,76.95,31
444,Premium & Jewelry,Sandalwood (Chandan),2026,4,yES,Sunday,North,Online,30.3,UPI,8,Tandon Rakhi Hub 168,281.91,27
3539,Premium & Jewelry,Silk Thread,2026,5,No,Wednesday,North,Local Street Vendor,32.3,Credit Card,6,Bansal Rakhi Bazaar,63.24,25
1120,Eco-Friendly,Sandalwood (Chandan),2026,2,No,Friday,West,Local Street Vendor,34.9,UPI,8,Khanna Rakhi Hub 215,42.76,24
2674,Kids & Cartoon,Silk Thread,2026,1,#Yes,Sunday,North,Local Street Vendor,29.5,Cash,14,Bhatia Rakhi Point,12.13,49
2606,Premium & Jewelry,Sterling Silver,2026,7,No,Friday,West,Supermarket,34.1,Cash,3,Bansal Rakhi Store,725.6,11
1922,Kids & Cartoon,Silk Thread,2026,2,No,Tuesday,West,Online,35.0,UPI,13,Mehra Rakhi Hub 81,19.12,36
656,Kids & Cartoon,Silk Thread,2026,2,No,Monday,West,Online,34.5,UPI,5,Rastogi Rakhi Hub 178,19.28,19
4709,Premium & Jewelry,Sterling Silver,2026,1,Yes,Sunday,West,Online,30.8,Cash,9,Chawla Rakhi Hub 93,765.4,31
5532,Eco-Friendly,Sterling Silver,2026,6,Yes,Saturday,North,Local Street Vendor,36.0,UPI,2,Chopra Rakhi & Gifts,146.87,9
3044,Kids & Cartoon,Silk Thread,2026,6,Yes,Sunday,Central,Supermarket,33.8,UPI,5,Chawla Gift House,14.49,17
4240,Kids & Cartoon,Silk Thread,2026,2,No,Thursday,West,Local Street Vendor,26.1,Credit Card,9,Khanna Rakhi Hub 184,14.78,44
3458,Eco-Friendly,Silk Thread,2026,1,Yes,Saturday,West,Local Street Vendor,27.0,Cash,11,Malhotra Rakhi Corner,24.33,52
4051,Eco-Friendly,Sterling Silver,2026,7,No,Wednesday,East,Online,31.7,Cash,13,Saxena Rakhi Bazaar,270.4,9
2934,Eco-Friendly,Sandalwood (Chandan),2026,2,No,Wednesday,North,Online,33.9,Credit Card,5,Mehra Rakhi Hub 75,57.88,18
2778,Kids & Cartoon,Silk Thread,2026,4,Yes,Sunday,North,Local Street Vendor,30.1,Credit Card,8,Sethi Rakhi Hub 19,12.13,26
559,Kids & Cartoon,Silk Thread,2026,7,Yes,Saturday,West,Local Street Vendor,29.8,UPI,3,Chopra Emporium,11.86,9
2746,Eco-Friendly,Sandalwood (Chandan),2026,1,No,Tuesday,North,Local Street Vendor,29.8,UPI,7,Sethi Rakhi Hub 175,54.76,20
1372,Eco-Friendly,Sandalwood (Chandan),2026,4,No,Friday,East,Supermarket,25.6,Credit Card,8,Verma Rakhi Hub 73,77.47,25
908,Premium & Jewelry,Sandalwood (Chandan),2026,5,Yes,Saturday,West,Supermarket,29.4,Credit Card,2,Kapoor Rakhi Hub 118,147.5,5
4011,Premium & Jewelry,Silk Thread,2026,6,Yes,Sunday,West,Supermarket,37.2,Cash,6,Bansal Rakhi & Gifts,98.65,19
1434,Premium & Jewelry,Sterling Silver,2026,4,nO,Wednesday,West,Online,31.2,UPI,9,Chopra Rakhi Hub 241,901.06,45
1099,Eco-Friendly,Silk Thread,2026,5,nO,Friday,East,Supermarket,32.4,Cash,3,Bansal Rakhi & Gifts,34.7,15
4413,Eco-Friendly,Silk Thread,2026,6,No,Friday,North,Local Street Vendor,31.1,Credit Card,5,Aggarwal Handicrafts,27.3,15
5029,Kids & Cartoon,Silk Thread,2026,7,No,Wednesday,West,Local Street Vendor,36.2,Credit Card,2,Khanna Rakhi Store,10.3,6
5965,Kids & Cartoon,Silk Thread,2026,3,No,Tuesday,,Supermarket,30.0,Cash,3,Chopra Rakhi Hub 248,18.32,16
927,Premium & Jewelry,Sterling Silver,2026,7,No,Monday,,Online,32.7,Cash,2,Chawla Rakhi Hub 186,743.7,7
3197,Kids & Cartoon,Silk Thread,2026,4,#Yes,Saturday,East,Supermarket,30.8,Cash,15,Tandon Rakhi Hub 62,16.06,36
16,Premium & Jewelry,Sterling Silver,2026,7,No,Wednesday,East,Online,31.4,Cash,5,Rastogi Handicrafts,750.04,26
4159,Kids & Cartoon,Silk Thread,2026,3,Yes,Sunday,West,Local Street Vendor,32.2,Credit Card,7,Mehra Rakhi Hub 81,16.23,16
947,Eco-Friendly,Sandalwood (Chandan),2026,6,#Yes,Sunday,North,Online,35.5,Cash,5,Tandon Rakhi Hub 26,72.16,13
5703,Premium & Jewelry,Sterling Silver,2026,1,No,Monday,East,Online,27.1,UPI,19,Goel Rakhi Point,768.17,69
1162,Kids & Cartoon,Silk Thread,2026,2,Yes,Sunday,Central,Online,31.7,Cash,41,Aggarwal Rakhi Hub 205,26.91,46
3591,Eco-Friendly,Sandalwood (Chandan),2026,5,Yes,Sunday,East,Supermarket,25.4,UPI,8,Bhatia Rakhi Hub 80,56.13,20
4248,Premium & Jewelry,Sterling Silver,2026,4,No,Thursday,East,Online,30.6,UPI,17,Aggarwal Rakhi Point,757.26,59
5006,Kids & Cartoon,Silk Thread,2026,4,No,Monday,North,Supermarket,28.6,UPI,6,Sethi Rakhi Hub 22,11.23,29
4935,Kids & Cartoon,Silk Thread,2026,5,No,Thursday,East,Local Street Vendor,33.5,Cash,5,Sethi Rakhi & Gifts,13.08,20
5588,Premium & Jewelry,Sterling Silver,2026,6,No,Monday,West,Local Street Vendor,38.5,Cash,3,Tandon Rakhi Hub 60,466.7,12
3923,Kids & Cartoon,Silk Thread,2026,5,nO,Monday,Central,Online,27.0,UPI,7,Aggarwal Traditions,22.35,30
1363,Kids & Cartoon,Silk Thread,2026,7,No,Monday,West,Local Street Vendor,31.8,UPI,3,Kapoor Rakhi Hub 66,13.92,8
1213,Kids & Cartoon,Silk Thread,2026,5,Yes,Sunday,East,Local Street Vendor,39.2,UPI,3,Rastogi Gift House,18.02,11
1877,Premium & Jewelry,Sterling Silver,2026,4,No,Thursday,West,Online,28.9,Credit Card,7,Arora Rakhi Hub 140,609.87,22
2518,Premium & Jewelry,Sterling Silver,2026,1,Yes,Sunday,West,Local Street Vendor,36.8,Credit Card,8,Chopra Rakhi Hub 248,506.74,42
3035,Eco-Friendly,Sandalwood (Chandan),2026,5,No,Wednesday,West,Online,35.0,Credit Card,5,Bansal Rakhi Hub 217,75.46,18
5792,Kids & Cartoon,Silk Thread,2026,7,No,Friday,East,Online,35.7,Credit Card,3,Bansal Traditions,16.67,10
915,Eco-Friendly,Sandalwood (Chandan),2026,7,No,Tuesday,East,Supermarket,31.6,Credit Card,6,Chawla Rakhi Hub 125,53.35,19
1171,Kids & Cartoon,Silk Thread,2026,1,No,Thursday,West,Online,29.9,Cash,14,Bhatia Rakhi Bazaar,19.76,51
3447,Kids & Cartoon,Silk Thread,2026,5,No,Thursday,East,Local Street Vendor,31.2,Cash,5,Rastogi Rakhi Hub 251,13.36,19
3088,Kids & Cartoon,Silk Thread,2026,2,No,Thursday,Central,Supermarket,38.1,UPI,10,Goel Rakhi Hub 208,17.81,38
3893,Kids & Cartoon,Sterling Silver,2026,6,No,Tuesday,East,Supermarket,33.9,UPI,3,Bansal Rakhi Corner,99.68,10
1834,Premium & Jewelry,Sterling Silver,2026,4,No,Wednesday,West,Supermarket,37.3,Credit Card,5,Kapoor Rakhi Hub 118,602.11,25
4992,Eco-Friendly,Sandalwood (Chandan),2026,5,Yes,Saturday,North,Local Street Vendor,30.6,Cash,3,Goel Rakhi Corner,39.27,8
1860,Premium & Jewelry,Silk Thread,2026,5,No,Friday,West,Local Street Vendor,31.6,Cash,4,Chawla Rakhi Hub 48,88.47,17
3205,Eco-Friendly,Sterling Silver,2026,7,Yes,Sunday,Central,Supermarket,29.3,Cash,4,Chawla Rakhi Hub 102,243.59,16
4013,Eco-Friendly,Sterling Silver,2026,3,No,Wednesday,North,Supermarket,36.6,UPI,5,Sharma Rakhi Store,165.71,20
4191,Premium & Jewelry,Sandalwood (Chandan),2026,5,No,Wednesday,East,Local Street Vendor,30.4,Credit Card,9,Chopra Rakhi Corner,187.64,15
3716,Eco-Friendly,Sandalwood (Chandan),2026,3,No,Monday,East,Local Street Vendor,27.6,UPI,6,Gupta Rakhi Hub 176,46.21,35
5720,Premium & Jewelry,Sandalwood (Chandan),2026,4,yES,Sunday,East,Local Street Vendor,28.9,Cash,3,Chawla Rakhi Hub 155,177.14,12
388,Eco-Friendly,Silk Thread,2026,3,yES,Saturday,North,Supermarket,32.2,Cash,6,Jain Rakhi Hub 87,31.75,15
5112,Kids & Cartoon,Silk Thread,2026,5,nO,Tuesday,North,Local Street Vendor,31.2,Cash,1,Goel Rakhi Hub 1,15.41,8
1033,Kids & Cartoon,Silk Thread,2026,7,#Yes,Saturday,North,Online,30.8,Cash,2,Jain Rakhi Hub 223,20.87,6
5483,Kids & Cartoon,Silk Thread,2026,2,#Yes,Saturday,East,Online,31.0,Cash,6,Sethi Rakhi Hub 280,20.09,22
2902,Eco-Friendly,Sandalwood (Chandan),2026,3,No,Tuesday,West,Online,31.2,Cash,5,Jain Rakhi Corner,64.84,16
3835,Premium & Jewelry,Sandalwood (Chandan),2026,3,Yes,Saturday,North,Supermarket,33.9,UPI,26,Tandon Rakhi Hub 53,219.59,63
5213,Eco-Friendly,Sandalwood (Chandan),2026,6,yES,Saturday,North,Online,34.7,Credit Card,5,Aggarwal Rakhi Corner,75.41,18
932,Kids & Cartoon,Silk Thread,2026,6,No,Tuesday,East,Local Street Vendor,36.9,Cash,6,Kapoor Rakhi Hub 118,14.91,19
4236,Premium & Jewelry,Sterling Silver,2026,1,yES,Saturday,West,Supermarket,32.2,UPI,13,Bhatia Rakhi Point,730.07,58
692,Eco-Friendly,Silk Thread,2026,3,Yes,Saturday,East,Online,37.8,Cash,11,Bansal Rakhi Hub 67,38.91,27
1892,Eco-Friendly,Sandalwood (Chandan),2026,4,Yes,Sunday,North,Local Street Vendor,32.2,Cash,9,Aggarwal Rakhi Hub 144,46.71,24
3758,Premium & Jewelry,Sterling Silver,2026,6,Yes,Saturday,West,Supermarket,36.1,UPI,3,Chopra Rakhi Hub 12,698.12,13
4333,Premium & Jewelry,Sterling Silver,2026,7,nO,Tuesday,Central,Supermarket,28.9,UPI,6,Mehra Rakhi Point,578.12,21
607,Eco-Friendly,Sandalwood (Chandan),2026,5,Yes,Saturday,West,Local Street Vendor,28.7,Cash,4,Mehra Rakhi Point,57.11,11
2493,Premium & Jewelry,Sterling Silver,2026,2,No,Monday,Central,Supermarket,31.9,Cash,9,Chopra Rakhi Hub 130,826.45,30
2194,Premium & Jewelry,Sandalwood (Chandan),2026,1,Yes,Saturday,East,Online,30.5,UPI,8,Aggarwal Rakhi Bazaar,270.34,25
45,Eco-Friendly,Sandalwood (Chandan),2026,5,No,Tuesday,North,Supermarket,32.7,UPI,6,Rastogi Gift House,59.16,7
5363,Premium & Jewelry,Sandalwood (Chandan),2026,3,No,Friday,West,Local Street Vendor,,Cash,3,Mehra Rakhi Hub 16,738.35,13
2264,Premium & Jewelry,Sandalwood (Chandan),2026,6,No,Tuesday,,Online,31.5,Cash,6,Tandon Rakhi Hub 163,239.3,18
236,Eco-Friendly,Silk Thread,2026,6,No,Monday,East,Supermarket,31.7,Cash,7,Chopra Gift House,40.96,22
3396,Eco-Friendly,Sandalwood (Chandan),2026,3,No,Friday,West,Online,,Cash,9,Kapoor Rakhi Hub 97,78.44,31
5041,Premium & Jewelry,Sandalwood (Chandan),2026,7,No,Wednesday,East,Online,32.7,Cash,3,Sethi Rakhi & Gifts,204.67,8
3015,Premium & Jewelry,Sandalwood (Chandan),2026,3,Yes,Saturday,Central,Online,27.5,Cash,28,Chopra Rakhi Corner,248.27,66
1684,Premium & Jewelry,Sandalwood (Chandan),2026,3,No,Thursday,East,Local Street Vendor,27.7,UPI,4,Aggarwal Rakhi Bazaar,133.66,24
5975,Eco-Friendly,Silk Thread,2026,1,No,Tuesday,West,Local Street Vendor,28.7,UPI,15,Tandon Rakhi Bazaar,25.54,72
3225,Premium & Jewelry,Sterling Silver,2026,2,No,Wednesday,West,Local Street Vendor,25.8,Credit Card,11,Arora Rakhi Hub 218,435.36,44
64,Eco-Friendly,Sandalwood (Chandan),2026,5,Yes,Saturday,East,Online,31.1,UPI,4,Arora Rakhi Hub 235,80.68,13
3460,Eco-Friendly,Sandalwood (Chandan),2026,7,No,Thursday,North,Supermarket,29.6,Credit Card,1,Nanda Rakhi Hub 195,77.83,4
4804,Kids & Cartoon,Silk Thread,2026,2,No,Monday,Central,Supermarket,35.1,Credit Card,8,Arora Rakhi Hub 117,25.37,51
3425,Premium & Jewelry,Sterling Silver,2026,3,No,Friday,North,Local Street Vendor,33.0,Credit Card,5,Chawla Rakhi Hub 283,433.06,26
228,Kids & Cartoon,Silk Thread,2026,2,No,Thursday,West,Local Street Vendor,33.8,Cash,5,Bansal Rakhi Hub 260,13.58,20
4126,Premium & Jewelry,Sterling Silver,2026,6,No,Monday,West,Local Street Vendor,31.5,UPI,2,Sharma Rakhi Hub 122,2153.9,8
5015,Premium & Jewelry,Sandalwood (Chandan),2026,4,Yes,Saturday,East,Supermarket,31.5,Credit Card,7,Saxena Gift House,225.98,17
5389,Kids & Cartoon,Silk Thread,2026,7,No,Tuesday,Central,Online,33.5,Cash,1,Chawla Rakhi Bazaar,21.79,6
1280,Kids & Cartoon,Silk Thread,2026,4,#Yes,Saturday,North,Local Street Vendor,34.7,UPI,8,Bhatia Rakhi Hub 290,14.88,28
970,Premium & Jewelry,Sterling Silver,2026,5,No,Friday,West,Local Street Vendor,30.7,Cash,2,Chopra Traditions,487.01,6
1806,Kids & Cartoon,Silk Thread,2026,6,nO,Friday,East,Supermarket,33.1,Cash,4,Arora Rakhi Hub 117,15.66,12
4211,Kids & Cartoon,Sterling Silver,2026,2,nO,Thursday,West,Local Street Vendor,31.1,Cash,7,Khanna Rakhi Hub 203,77.85,26
3413,Kids & Cartoon,Silk Thread,2026,3,No,Monday,West,Local Street Vendor,30.7,UPI,16,Saxena Rakhi Hub 43,13.07,53
4246,Premium & Jewelry,Silk Thread,2026,3,yES,Sunday,East,Online,32.8,Cash,8,Sethi Rakhi Hub 113,165.37,21
5682,Kids & Cartoon,Silk Thread,2026,1,nO,Tuesday,North,Local Street Vendor,34.2,Cash,6,Malhotra Rakhi & Gifts,14.9,26
2699,Kids & Cartoon,Silk Thread,2026,7,No,Tuesday,Central,Supermarket,28.9,Cash,2,Kapoor Rakhi Store,16.31,10
4977,Kids & Cartoon,Silk Thread,2026,6,No,Friday,Central,Supermarket,33.3,UPI,10,Khanna Rakhi Hub 45,15.54,34
1861,Kids & Cartoon,Silk Thread,2026,4,No,Friday,Central,Local Street Vendor,34.5,Credit Card,14,Chawla Rakhi Hub 201,12.58,45
3979,Kids & Cartoon,Silk Thread,2026,5,Yes,Saturday,West,Supermarket,33.4,Credit Card,25,Goel Rakhi Hub 100,15.69,59
5129,Eco-Friendly,Silk Thread,2026,3,Yes,Saturday,Central,Local Street Vendor,32.7,Cash,8,Chopra Rakhi Hub 57,137.21,27
5438,Premium & Jewelry,Sterling Silver,2026,1,nO,Tuesday,East,Local Street Vendor,34.8,Credit Card,7,Sharma Rakhi Hub 172,550.58,34
2834,Eco-Friendly,Sandalwood (Chandan),2026,7,Yes,Saturday,North,Supermarket,31.0,UPI,3,Gupta Rakhi Store,47.46,10
253,Kids & Cartoon,Silk Thread,2026,7,No,Tuesday,Central,Supermarket,37.1,UPI,2,Bansal Rakhi Hub 124,19.25,8
3816,Kids & Cartoon,Silk Thread,2026,4,nO,Wednesday,North,Online,36.5,Credit Card,12,Saxena Rakhi Store,17.18,34
957,Eco-Friendly,Silk Thread,2026,6,No,Friday,East,Supermarket,36.2,Cash,3,Gupta Rakhi Hub 7,41.31,21
1790,Premium & Jewelry,Sterling Silver,2026,5,Yes,Sunday,Central,Supermarket,33.2,Cash,4,Tandon Rakhi Hub 142,638.35,17
3578,Premium & Jewelry,Sterling Silver,2026,2,Yes,Saturday,West,Local Street Vendor,34.5,UPI,4,Goel Rakhi Hub 52,521.44,18
2060,Premium & Jewelry,Sandalwood (Chandan),2026,3,No,Friday,West,Online,35.2,Cash,5,Bhatia Emporium,229.56,26
2262,Eco-Friendly,Silk Thread,2026,5,Yes,Saturday,West,Online,30.5,Cash,8,Bhatia Rakhi Bazaar,36.04,24
2856,Eco-Friendly,Silk Thread,2026,4,Yes,Sunday,West,Local Street Vendor,29.7,Credit Card,11,Malhotra Rakhi Corner,31.99,30
5782,Eco-Friendly,Sandalwood (Chandan),2026,7,No,Tuesday,Central,Local Street Vendor,30.6,Credit Card,4,Saxena Rakhi Store,42.3,20
1903,Eco-Friendly,Sandalwood (Chandan),2026,3,No,Wednesday,West,Supermarket,30.9,Credit Card,30,Chopra Rakhi Hub 44,68.86,36
2120,Premium & Jewelry,Silk Thread,2026,4,nO,Friday,North,Local Street Vendor,26.4,Cash,12,Saxena Rakhi Hub 9,63.49,64
5906,Eco-Friendly,Sandalwood (Chandan),2026,4,yES,Sunday,Central,Local Street Vendor,32.2,Cash,4,Bansal Rakhi Hub 217,43.7,12
2684,Kids & Cartoon,Silk Thread,2026,1,No,Friday,East,Local Street Vendor,32.9,Credit Card,7,Goel Emporium,14.97,27
4614,Kids & Cartoon,Silk Thread,2026,2,Yes,Saturday,Central,Supermarket,30.8,Cash,13,Saxena Rakhi Hub 158,69.13,42
5528,Premium & Jewelry,Silk Thread,2026,2,Yes,Saturday,Central,Supermarket,34.4,UPI,5,Chawla Rakhi Hub 24,124.13,24
4568,Premium & Jewelry,Sandalwood (Chandan),2026,5,Yes,Sunday,,Online,28.1,Cash,4,Tandon Rakhi Hub 53,205.18,15
76,Premium & Jewelry,Sterling Silver,2026,4,No,Friday,West,Local Street Vendor,30.1,Credit Card,3,Goel Rakhi Hub 52,346.17,14
2159,Kids & Cartoon,Silk Thread,2026,7,nO,Monday,North,Local Street Vendor,,UPI,1,Chopra Rakhi Hub 216,12.76,6
431,Eco-Friendly,Sandalwood (Chandan),2026,2,No,Monday,West,Local Street Vendor,39.1,Credit Card,3,Nanda Emporium,42.07,18
4088,Kids & Cartoon,Silk Thread,2026,7,No,Friday,Central,Supermarket,26.8,UPI,3,Sharma Traditions,20.22,9
4435,Kids & Cartoon,Silk Thread,2026,1,No,Wednesday,West,Supermarket,28.8,UPI,3,Mehra Rakhi Bazaar,16.44,10
3779,Eco-Friendly,Sandalwood (Chandan),2026,7,Yes,Saturday,North,Local Street Vendor,36.4,UPI,3,Chawla Rakhi Hub 94,61.28,13
3711,Eco-Friendly,Sandalwood (Chandan),2026,1,No,Wednesday,West,Local Street Vendor,31.4,Credit Card,44,Aggarwal Gift House,47.28,290
5711,Eco-Friendly,Sandalwood (Chandan),2026,5,No,Tuesday,Central,Online,21.9,UPI,7,Jain Traditions,71.24,43
5341,Kids & Cartoon,Silk Thread,2026,1,No,Monday,,Local Street Vendor,33.7,Credit Card,17,Bansal Rakhi Hub 268,12.37,50
5918,Eco-Friendly,Sandalwood (Chandan),2026,7,Yes,Saturday,East,Local Street Vendor,32.9,UPI,4,Arora Rakhi Store,44.89,10
2302,Eco-Friendly,Sandalwood (Chandan),2026,6,No,Friday,West,Local Street Vendor,29.9,UPI,8,Sethi Rakhi Hub 113,48.16,22
5020,Kids & Cartoon,Silk Thread,2026,7,nO,Friday,Central,Local Street Vendor,32.2,UPI,2,Nanda Rakhi Hub 21,12.67,9
241,Eco-Friendly,Sandalwood (Chandan),2026,5,No,Monday,North,Local Street Vendor,31.4,Credit Card,2,Sharma Rakhi Hub 149,48.07,9
784,Kids & Cartoon,Silk Thread,2026,4,yES,Sunday,East,Local Street Vendor,33.4,UPI,7,Bansal Rakhi Hub 124,14.21,16
1355,Eco-Friendly,Sandalwood (Chandan),2026,1,No,Friday,North,Online,,UPI,7,Jain Rakhi Hub 159,70.57,34
4457,Premium & Jewelry,Sterling Silver,2026,7,nO,Tuesday,West,Local Street Vendor,31.4,Cash,1,Gupta Rakhi Hub 187,608.15,5
978,Kids & Cartoon,Silk Thread,2026,7,No,Thursday,East,Supermarket,30.2,Cash,2,Arora Rakhi Point,16.19,11
810,Eco-Friendly,Sandalwood (Chandan),2026,7,Yes,Saturday,Central,Supermarket,30.3,UPI,1,Aggarwal Rakhi Point,71.84,5
2169,Kids & Cartoon,Silk Thread,2026,1,No,Tuesday,North,Local Street Vendor,36.1,Cash,7,Tandon Festive Mart,14.09,30
1600,Premium & Jewelry,Sterling Silver,2026,5,No,Friday,Central,Supermarket,36.3,Credit Card,3,Jain Traditions,709.48,13
2082,Premium & Jewelry,Sterling Silver,2026,7,No,Monday,Central,Supermarket,32.4,Cash,1,Khanna Rakhi Hub 126,717.93,3
3128,Premium & Jewelry,Sterling Silver,2026,3,Yes,Saturday,Central,Local Street Vendor,30.4,Cash,4,Tandon Rakhi Hub 53,579.26,20
1621,Premium & Jewelry,Sterling Silver,2026,4,nO,Friday,West,Local Street Vendor,30.2,UPI,3,Verma Handicrafts,533.05,14
2819,Kids & Cartoon,Silk Thread,2026,3,No,Friday,North,Local Street Vendor,,Cash,3,Bhatia Rakhi & Gifts,16.12,21
1483,Kids & Cartoon,Silk Thread,2026,7,No,Wednesday,West,Local Street Vendor,37.7,Cash,2,Aggarwal Rakhi Hub 90,16.37,8
5538,Kids & Cartoon,Silk Thread,2026,2,No,Friday,West,Supermarket,30.7,UPI,10,Goel Rakhi Hub 86,17.58,38
1802,Kids & Cartoon,Silk Thread,2026,2,No,Thursday,East,Online,26.0,Cash,13,Jain Rakhi Point,19.02,40
2096,Kids & Cartoon,Silk Thread,2026,5,No,Monday,West,Online,30.1,Cash,5,Gupta Rakhi Hub 187,20.37,17
4750,Premium & Jewelry,Sterling Silver,2026,2,No,Tuesday,West,Supermarket,32.0,Credit Card,6,Arora Rakhi Hub 235,747.93,19
1358,Kids & Cartoon,Silk Thread,2026,2,Yes,Sunday,East,Supermarket,33.1,Credit Card,9,Rastogi Rakhi Hub 71,22.84,24
5287,Eco-Friendly,Sandalwood (Chandan),2026,4,No,Tuesday,Central,Online,30.4,Cash,7,Malhotra Traditions,76.7,27
4675,Kids & Cartoon,Sandalwood (Chandan),2026,4,No,Tuesday,East,Local Street Vendor,31.0,UPI,2,Tandon Rakhi Hub 168,22.84,8
2880,Premium & Jewelry,Sterling Silver,2026,1,No,Tuesday,,Local Street Vendor,30.8,Cash,88,Goel Rakhi Point,553.42,63
3863,Kids & Cartoon,Silk Thread,2026,7,No,Wednesday,,Online,29.0,Cash,2,Rastogi Handicrafts,17.46,9
3185,Premium & Jewelry,Silk Thread,2026,4,No,Wednesday,North,Online,26.3,UPI,3,Nanda Gift House,137.34,19
1997,Premium & Jewelry,Sterling Silver,2026,3,No,Wednesday,West,Supermarket,33.1,Cash,6,Goel Emporium,507.55,27
3155,Premium & Jewelry,Sterling Silver,2026,1,No,Thursday,,Online,31.0,Cash,6,Chawla Rakhi Hub 171,752.36,22
3462,Eco-Friendly,Sterling Silver,2026,5,nO,Friday,Central,Online,31.3,Cash,4,Arora Rakhi Corner,342.64,21
3261,Premium & Jewelry,Sandalwood (Chandan),2026,7,No,Monday,East,Local Street Vendor,28.0,Cash,16,Bansal Traditions,166.83,11
5204,Kids & Cartoon,Silk Thread,2026,7,No,Monday,Central,Online,28.8,UPI,3,Mehra Rakhi Hub 148,20.43,16
30,Kids & Cartoon,Silk Thread,2026,3,No,Tuesday,Central,Online,28.1,Cash,7,Sharma Rakhi Hub 59,15.0,23
2801,Eco-Friendly,Silk Thread,2026,1,No,Thursday,East,Supermarket,30.9,Cash,15,Bansal Rakhi Hub 161,44.66,64
3099,Premium & Jewelry,Sterling Silver,2026,2,No,Monday,West,Local Street Vendor,31.7,Cash,5,Saxena Rakhi Hub 262,506.59,18
1093,Premium & Jewelry,Sandalwood (Chandan),2026,4,yES,Saturday,Central,Local Street Vendor,27.7,UPI,7,Khanna Rakhi Hub 184,132.31,17
125,Premium & Jewelry,Sterling Silver,2026,2,No,Monday,Central,Local Street Vendor,36.6,Credit Card,4,Bhatia Rakhi Point,398.53,21
4232,Premium & Jewelry,Silk Thread,2026,1,nO,Monday,Central,Supermarket,29.0,Cash,4,Goel Rakhi Hub 208,103.03,17
5845,Kids & Cartoon,Silk Thread,2026,2,No,Friday,North,Online,31.7,Credit Card,4,Saxena Rakhi Hub 158,25.4,12
3017,Eco-Friendly,Sandalwood (Chandan),2026,3,No,Tuesday,Central,Online,31.3,Cash,4,Khanna Festive Mart,79.2,25
4898,Kids & Cartoon,Silk Thread,2026,5,No,Tuesday,,Local Street Vendor,31.3,UPI,2,Mehra Rakhi Hub 81,12.14,14
2299,Premium & Jewelry,Sterling Silver,2026,4,Yes,Sunday,North,Online,31.5,Cash,6,Aggarwal Rakhi Hub 55,935.9,27
5094,Kids & Cartoon,Silk Thread,2026,4,Yes,Sunday,West,Local Street Vendor,28.0,Credit Card,5,Bansal Rakhi Corner,14.38,13
1554,Kids & Cartoon,Silk Thread,2026,3,No,Friday,,Supermarket,30.7,UPI,6,Sharma Rakhi Hub 136,16.57,30
674,Eco-Friendly,Sandalwood (Chandan),2026,1,No,Monday,West,Online,28.4,Cash,14,Jain Rakhi Point,77.77,41
599,Eco-Friendly,Silk Thread,2026,4,No,Friday,West,Online,34.4,Cash,9,Verma Emporium,38.12,28
5168,Eco-Friendly,Sandalwood (Chandan),2026,5,Yes,Sunday,West,Local Street Vendor,41.0,Cash,11,Goel Rakhi Hub 244,35.6,54
1417,Kids & Cartoon,Silk Thread,2026,7,No,Thursday,West,Local Street Vendor,29.5,UPI,3,Khanna Rakhi Store,12.85,10
3687,Kids & Cartoon,Silk Thread,2026,1,yES,Sunday,Central,Online,34.8,Cash,6,Bhatia Rakhi Hub 204,17.78,22
4129,Eco-Friendly,Silk Thread,2026,4,Yes,Saturday,East,Supermarket,31.4,Cash,6,Goel Rakhi Hub 244,32.03,20
4707,Premium & Jewelry,Sandalwood (Chandan),2026,7,No,Wednesday,East,Supermarket,29.0,Credit Card,3,Chawla Rakhi Store,202.15,14
5574,Eco-Friendly,Sandalwood (Chandan),2026,7,nO,Tuesday,North,Online,26.5,UPI,9,Chopra Rakhi Hub 241,67.22,31
2198,Kids & Cartoon,Silk Thread,2026,6,Yes,Saturday,North,Supermarket,34.4,UPI,3,Sharma Rakhi Hub 180,16.04,10
3881,Eco-Friendly,Silk Thread,2026,6,Yes,Sunday,East,Supermarket,35.3,Cash,3,Nanda Festive Mart,32.01,13
4517,Kids & Cartoon,Silk Thread,2026,5,#Yes,Saturday,East,Local Street Vendor,30.5,Cash,20,Arora Rakhi Hub 220,12.33,49
1253,Premium & Jewelry,Sandalwood (Chandan),2026,4,No,Wednesday,Central,Local Street Vendor,26.4,Credit Card,2,Tandon Rakhi Corner,159.04,11
809,Kids & Cartoon,Silk Thread,2026,5,Yes,Saturday,Central,Supermarket,37.1,Cash,2,Nanda Rakhi Hub 195,19.99,8
3999,Kids & Cartoon,Silk Thread,2026,3,No,Tuesday,North,Local Street Vendor,34.4,Cash,5,Sethi Rakhi Hub 113,15.71,22
959,Kids & Cartoon,Silk Thread,2026,3,Yes,Sunday,,Online,32.1,Cash,12,Sharma Rakhi Hub 185,25.83,35
4985,Kids & Cartoon,Silk Thread,2026,4,No,Friday,East,Local Street Vendor,35.2,Credit Card,3,Kapoor Rakhi Hub 97,14.04,14
4748,Kids & Cartoon,Silk Thread,2026,1,No,Wednesday,Central,Supermarket,30.3,Credit Card,9,Chopra Festive Mart,15.09,31
811,Premium & Jewelry,Sterling Silver,2026,7,No,Wednesday,East,Supermarket,15.2,UPI,3,Nanda Rakhi Hub 279,596.81,17
835,Eco-Friendly,Sandalwood (Chandan),2026,7,Yes,Sunday,Central,Online,36.4,UPI,2,Sethi Emporium,75.2,10
3646,Eco-Friendly,Sandalwood (Chandan),2026,3,nO,Wednesday,North,Local Street Vendor,31.2,UPI,8,Bhatia Rakhi Bazaar,58.64,35
2577,Kids & Cartoon,Sterling Silver,2026,7,nO,Thursday,East,Supermarket,30.1,UPI,3,Chopra Rakhi Hub 190,113.71,8
1236,Premium & Jewelry,Silk Thread,2026,4,Yes,Saturday,Central,Online,34.0,UPI,6,Mehra Rakhi Hub 240,123.26,18
1226,Eco-Friendly,Silk Thread,2026,1,No,Tuesday,Central,Local Street Vendor,35.4,Cash,5,Jain Rakhi Hub 159,24.78,28
5230,Premium & Jewelry,Silk Thread,2026,6,No,Friday,North,Local Street Vendor,33.6,Cash,5,Kapoor Rakhi Hub 270,88.18,16
521,Eco-Friendly,Sandalwood (Chandan),2026,5,#Yes,Saturday,West,Online,40.0,UPI,11,Saxena Handicrafts,76.74,31
3002,Kids & Cartoon,Silk Thread,2026,6,No,Tuesday,West,Online,32.4,Cash,6,Chawla Rakhi Hub 295,101.81,17
5238,Premium & Jewelry,Silk Thread,2026,3,nO,Monday,West,Supermarket,,Cash,3,Rastogi Rakhi Corner,116.56,18
3153,Kids & Cartoon,Silk Thread,2026,6,#Yes,Saturday,Central,Online,33.3,Credit Card,27,Mehra Rakhi Hub 240,30.12,21
4901,Kids & Cartoon,Silk Thread,2026,6,Yes,Sunday,,Supermarket,37.0,Credit Card,5,Rastogi Rakhi Hub 143,18.72,12
2909,Eco-Friendly,Sandalwood (Chandan),2026,3,No,Friday,East,Supermarket,32.9,Cash,5,Chawla Emporium,54.06,22
4848,Kids & Cartoon,Silk Thread,2026,7,No,Friday,North,Online,38.3,Credit Card,2,Khanna Rakhi Hub 194,17.98,8
1658,Eco-Friendly,Sandalwood (Chandan),2026,6,Yes,Sunday,Central,Local Street Vendor,23.1,Cash,2,Mehra Rakhi Hub 128,51.41,6
4720,Premium & Jewelry,Sterling Silver,2026,4,yES,Saturday,Central,Local Street Vendor,32.8,Cash,3,Bansal Rakhi Hub 13,477.57,15
453,Eco-Friendly,Sandalwood (Chandan),2026,4,No,Tuesday,Central,Local Street Vendor,34.1,UPI,1,Verma Rakhi Hub 95,48.44,7
5249,Premium & Jewelry,Sterling Silver,2026,7,Yes,Sunday,East,Supermarket,33.6,Cash,3,Jain Handicrafts,656.05,9
3317,Eco-Friendly,Sandalwood (Chandan),2026,7,yES,Sunday,East,Supermarket,29.2,UPI,4,Chawla Rakhi Hub 125,60.74,11
423,Premium & Jewelry,Sterling Silver,2026,4,No,Monday,Central,Supermarket,21.4,Credit Card,6,Sharma Rakhi Point,564.77,17
1221,Premium & Jewelry,Sterling Silver,2026,4,Yes,Sunday,West,Supermarket,30.0,Cash,6,Saxena Rakhi Hub 23,510.05,18
5852,Eco-Friendly,Silk Thread,2026,5,No,Thursday,Central,Supermarket,32.9,Credit Card,6,Goel Rakhi & Gifts,39.79,28
5187,Premium & Jewelry,Sandalwood (Chandan),2026,2,Yes,Saturday,North,Local Street Vendor,34.9,Cash,15,Sethi Gift House,161.37,40
3570,Kids & Cartoon,Silk Thread,2026,6,No,Thursday,West,Local Street Vendor,36.8,UPI,3,Rastogi Rakhi Hub 231,10.07,8
4378,Premium & Jewelry,Sterling Silver,2026,6,No,Monday,North,Supermarket,35.0,Cash,4,Arora Gift House,842.09,13
103,Premium & Jewelry,Sandalwood (Chandan),2026,5,nO,Tuesday,North,Supermarket,32.5,UPI,31,Tandon Festive Mart,176.07,95
4915,Kids & Cartoon,Sandalwood (Chandan),2026,1,Yes,Saturday,North,Supermarket,24.5,Cash,8,Chopra Rakhi Hub 233,39.13,30
3152,Kids & Cartoon,Silk Thread,2026,6,Yes,Sunday,East,Online,37.5,Credit Card,6,Sharma Rakhi Hub 35,21.38,27
1581,Eco-Friendly,Silk Thread,2026,2,nO,Friday,Central,Supermarket,31.6,Cash,12,Nanda Rakhi Hub 279,38.67,70
3562,Kids & Cartoon,Silk Thread,2026,3,No,Tuesday,,Online,30.7,UPI,6,Chopra Rakhi Hub 153,19.31,23
2207,Eco-Friendly,Sandalwood (Chandan),2026,1,nO,Tuesday,North,Local Street Vendor,36.9,Credit Card,51,Chopra Rakhi Corner,49.71,238
171,Premium & Jewelry,Sandalwood (Chandan),2026,2,No,Tuesday,Central,Supermarket,27.1,UPI,13,Aggarwal Rakhi & Gifts,169.25,57
2483,Premium & Jewelry,Sandalwood (Chandan),2026,3,#Yes,Sunday,West,Supermarket,27.6,Cash,15,Malhotra Handicrafts,275.98,47
136,Premium & Jewelry,Sterling Silver,2026,7,nO,Monday,North,Local Street Vendor,25.8,UPI,2,Chawla Rakhi Hub 269,435.02,12
3666,Kids & Cartoon,Silk Thread,2026,3,No,Wednesday,West,Online,30.0,Credit Card,43,Nanda Emporium,13.99,154
4521,Premium & Jewelry,Sandalwood (Chandan),2026,7,Yes,Sunday,Central,Local Street Vendor,31.7,Credit Card,2,Sharma Rakhi Hub 112,171.35,7
1311,Kids & Cartoon,Silk Thread,2026,1,No,Wednesday,,Supermarket,36.5,Credit Card,11,Chawla Rakhi Hub 93,19.17,36
3477,Eco-Friendly,Sandalwood (Chandan),2026,3,No,Tuesday,,Online,32.5,UPI,7,Chawla Traditions,70.86,26
2285,Premium & Jewelry,Sterling Silver,2026,6,No,Monday,Central,Local Street Vendor,34.2,Cash,2,Bansal Rakhi Hub 237,471.09,11
5738,Kids & Cartoon,Silk Thread,2026,4,No,Wednesday,Central,Supermarket,33.4,Cash,2,Verma Rakhi Point,21.09,10
78,Kids & Cartoon,Silk Thread,2026,6,No,Wednesday,North,Local Street Vendor,37.9,Credit Card,4,Gupta Handicrafts,11.2,20
4608,Premium & Jewelry,Sandalwood (Chandan),2026,2,No,Monday,Central,Local Street Vendor,27.3,Cash,6,Bansal Rakhi Hub 274,151.6,17
4786,Eco-Friendly,Sandalwood (Chandan),2026,4,Yes,Sunday,East,Local Street Vendor,34.9,Credit Card,8,Tandon Rakhi Hub 168,41.3,27
1936,Premium & Jewelry,Sterling Silver,2026,2,No,Wednesday,,Local Street Vendor,31.2,Cash,5,Tandon Handicrafts,535.38,16
1637,Kids & Cartoon,Silk Thread,2026,6,nO,Wednesday,West,Online,27.6,UPI,2,Aggarwal Rakhi Hub 55,22.05,8
775,Premium & Jewelry,Sterling Silver,2026,2,No,Monday,Central,Online,34.6,UPI,10,Gupta Rakhi Store,974.9,36
2729,Kids & Cartoon,Silk Thread,2026,4,No,Thursday,Central,Supermarket,31.2,Credit Card,10,Sethi Traditions,17.26,35
808,Premium & Jewelry,Sandalwood (Chandan),2026,3,Yes,Sunday,,Local Street Vendor,34.3,Cash,19,Bhatia Rakhi & Gifts,139.44,45
2046,Premium & Jewelry,Sterling Silver,2026,5,nO,Monday,East,Local Street Vendor,31.3,Cash,3,Goel Handicrafts,430.74,12
4386,Eco-Friendly,Sandalwood (Chandan),2026,6,No,Monday,Central,Supermarket,32.2,Cash,4,Saxena Rakhi Hub 158,61.75,17
463,Eco-Friendly,Sandalwood (Chandan),2026,5,No,Wednesday,East,Local Street Vendor,32.2,UPI,1,Sethi Rakhi Bazaar,55.03,5
1957,Kids & Cartoon,Silk Thread,2026,2,yES,Saturday,,Local Street Vendor,29.4,Credit Card,9,Nanda Rakhi Hub 229,13.26,24
4878,Kids & Cartoon,Silk Thread,2026,3,nO,Wednesday,East,Online,28.2,Cash,5,Verma Emporium,21.97,25
800,Eco-Friendly,Silk Thread,2026,5,No,Monday,East,Supermarket,31.5,UPI,7,Chopra Rakhi Corner,41.76,30
5197,Kids & Cartoon,Sterling Silver,2026,5,No,Wednesday,West,Local Street Vendor,30.5,Cash,4,Mehra Rakhi Hub 81,73.94,24
1074,Eco-Friendly,Sandalwood (Chandan),2026,3,yES,Saturday,,Local Street Vendor,33.5,UPI,5,Tandon Rakhi Hub 296,50.11,21
145,Kids & Cartoon,Silk Thread,2026,4,nO,Thursday,West,Local Street Vendor,30.0,UPI,4,Rastogi Rakhi Bazaar,13.79,20
1341,Premium & Jewelry,Sterling Silver,2026,6,No,Thursday,Central,Supermarket,,Cash,3,Chopra Festive Mart,808.98,3
4340,Eco-Friendly,Sandalwood (Chandan),2026,6,No,Monday,West,Supermarket,33.2,Cash,4,Sethi Rakhi Bazaar,56.53,13
3134,Premium & Jewelry,Sterling Silver,2026,3,No,Friday,East,Supermarket,35.8,Cash,6,Chopra Gift House,633.66,18
2092,Eco-Friendly,Silk Thread,2026,6,No,Tuesday,North,Supermarket,36.8,Cash,6,Chawla Gift House,36.11,29
4976,Kids & Cartoon,Silk Thread,2026,6,No,Monday,Central,Local Street Vendor,29.3,Cash,4,Nanda Emporium,11.6,13
5318,Eco-Friendly,Sterling Silver,2026,3,No,Friday,West,Local Street Vendor,29.9,Cash,3,Chawla Rakhi Bazaar,138.93,16
2969,Kids & Cartoon,Sandalwood (Chandan),2026,7,Yes,Saturday,Central,Supermarket,31.6,Credit Card,2,Saxena Rakhi Hub 41,49.87,9
4479,Eco-Friendly,Silk Thread,2026,7,Yes,Sunday,North,Supermarket,34.0,UPI,13,Khanna Rakhi Bazaar,36.11,15
4766,Premium & Jewelry,Sterling Silver,2026,5,No,Thursday,North,Local Street Vendor,35.8,Cash,5,Goel Rakhi Hub 100,442.11,16
2821,Premium & Jewelry,Sterling Silver,2026,7,No,Wednesday,West,Local Street Vendor,25.0,Credit Card,1,Nanda Rakhi Hub 195,491.62,3
1004,Premium & Jewelry,Sterling Silver,2026,1,Yes,Saturday,,Supermarket,27.4,Credit Card,13,Mehra Festive Mart,611.07,43
4782,Eco-Friendly,Sandalwood (Chandan),2026,5,No,Friday,East,Supermarket,29.3,Credit Card,6,Khanna Rakhi Hub 188,54.19,23
5374,Kids & Cartoon,Sandalwood (Chandan),2026,2,No,Tuesday,North,Supermarket,27.4,Credit Card,9,Khanna Festive Mart,30.48,34
556,Premium & Jewelry,Sterling Silver,2026,5,No,Tuesday,North,Supermarket,35.0,Cash,4,Mehra Rakhi Hub 75,688.22,12
4137,Kids & Cartoon,Silk Thread,2026,2,No,Tuesday,Central,Supermarket,36.3,Cash,9,Chopra Rakhi Hub 130,18.45,51
1486,Premium & Jewelry,Silk Thread,2026,2,No,Thursday,West,Local Street Vendor,30.1,Credit Card,8,Mehra Rakhi Hub 273,98.43,28
5718,Eco-Friendly,Sandalwood (Chandan),2026,2,nO,Thursday,East,Local Street Vendor,30.0,Credit Card,43,Bhatia Rakhi Hub 211,52.41,32
1273,Kids & Cartoon,Sterling Silver,2026,5,Yes,Saturday,North,Supermarket,32.8,UPI,6,Jain Rakhi & Gifts,90.12,21
1412,Eco-Friendly,Sandalwood (Chandan),2026,6,No,Wednesday,East,Supermarket,39.4,UPI,2,Bansal Rakhi Hub 8,82.53,11
1970,Kids & Cartoon,Silk Thread,2026,3,No,Wednesday,West,Supermarket,32.5,Cash,6,Bhatia Rakhi Hub 80,14.24,23
5384,Premium & Jewelry,Sterling Silver,2026,1,No,Monday,East,Supermarket,37.1,Cash,4,Bhatia Rakhi Store,921.36,14
1472,Premium & Jewelry,Sandalwood (Chandan),2026,7,No,Wednesday,North,Local Street Vendor,29.5,Cash,1,Kapoor Rakhi Hub 31,146.87,4
4737,Kids & Cartoon,Silk Thread,2026,7,No,Thursday,West,Local Street Vendor,32.2,Cash,2,Mehra Rakhi Store,12.7,7
4722,Kids & Cartoon,Silk Thread,2026,2,No,Thursday,West,Supermarket,30.1,Cash,7,Chopra Handicrafts,17.01,37
10,Kids & Cartoon,Silk Thread,2026,2,No,Wednesday,West,Online,25.6,Credit Card,14,Rastogi Rakhi Hub 5,20.51,57
4624,Eco-Friendly,Sandalwood (Chandan),2026,2,Yes,Sunday,Central,Local Street Vendor,31.1,UPI,3,Chopra Rakhi Hub 153,57.41,12
1051,Kids & Cartoon,Sandalwood (Chandan),2026,1,No,Wednesday,West,Local Street Vendor,22.4,Credit Card,5,Chawla Rakhi Hub 102,23.95,22
3705,Premium & Jewelry,Sterling Silver,2026,5,#Yes,Saturday,Central,Local Street Vendor,35.1,Cash,3,Malhotra Rakhi & Gifts,432.82,10
982,Eco-Friendly,Sandalwood (Chandan),2026,1,Yes,Saturday,West,Local Street Vendor,34.3,UPI,22,Bhatia Rakhi & Gifts,49.08,70
4810,Kids & Cartoon,Sandalwood (Chandan),2026,7,nO,Thursday,North,Online,34.0,Cash,3,Saxena Gift House,33.48,12
2865,Kids & Cartoon,Silk Thread,2026,7,nO,Monday,East,Online,17.6,Cash,2,Aggarwal Rakhi Hub 74,18.8,7
3531,Premium & Jewelry,Sterling Silver,2026,3,nO,Tuesday,North,Online,30.9,UPI,29,Goel Rakhi Hub 54,871.27,107
1269,Kids & Cartoon,Sandalwood (Chandan),2026,2,No,Thursday,North,Online,29.9,UPI,4,Rastogi Rakhi Hub 42,31.02,26
3343,Premium & Jewelry,Sandalwood (Chandan),2026,3,#Yes,Saturday,East,Supermarket,26.1,Cash,4,Jain Emporium,174.72,14
269,Premium & Jewelry,Sterling Silver,2026,2,#Yes,Sunday,West,Local Street Vendor,28.7,UPI,12,Goel Rakhi Hub 208,578.91,36
655,Eco-Friendly,Sandalwood (Chandan),2026,6,Yes,Sunday,North,Supermarket,37.6,Credit Card,8,Tandon Rakhi Corner,68.35,38
2615,Premium & Jewelry,Sterling Silver,2026,7,#Yes,Saturday,Central,Online,30.3,UPI,2,Mehra Gift House,815.49,5
2846,Kids & Cartoon,Silk Thread,2026,7,No,Tuesday,Central,Online,37.6,Cash,3,Mehra Rakhi & Gifts,18.4,11
2918,Eco-Friendly,Silk Thread,2026,5,No,Wednesday,North,Local Street Vendor,30.5,Credit Card,5,Saxena Rakhi Hub 111,23.83,19
5595,Kids & Cartoon,Silk Thread,2026,4,nO,Thursday,West,Online,43.7,Cash,5,Malhotra Rakhi Hub 4,23.1,26
3488,Eco-Friendly,Sandalwood (Chandan),2026,5,Yes,Sunday,East,Local Street Vendor,27.2,Credit Card,6,Bhatia Rakhi Hub 18,56.12,13
590,Premium & Jewelry,Sterling Silver,2026,5,No,Tuesday,North,Supermarket,35.4,Credit Card,4,Arora Rakhi Hub 114,679.13,18
4547,Eco-Friendly,Sandalwood (Chandan),2026,1,No,Tuesday,East,Supermarket,28.4,UPI,5,Mehra Rakhi Hub 170,68.75,21
5212,Premium & Jewelry,Silk Thread,2026,6,nO,Wednesday,West,Online,31.8,UPI,3,Saxena Rakhi Hub 255,138.83,11
5607,Premium & Jewelry,Sterling Silver,2026,2,No,Tuesday,North,Local Street Vendor,33.7,UPI,5,Saxena Rakhi Hub 193,660.31,31
4312,Eco-Friendly,Sandalwood (Chandan),2026,6,nO,Tuesday,West,Online,29.4,Cash,3,Aggarwal Emporium,386.47,15
3934,Premium & Jewelry,Sterling Silver,2026,3,No,Friday,West,Local Street Vendor,34.7,Credit Card,3,Goel Rakhi Hub 15,530.34,9
5198,Kids & Cartoon,Silk Thread,2026,4,Yes,Sunday,North,Local Street Vendor,34.1,Credit Card,11,Sethi Rakhi Hub 10,15.36,40
5670,Eco-Friendly,Sandalwood (Chandan),2026,7,No,Friday,East,Local Street Vendor,31.0,Credit Card,5,Saxena Festive Mart,50.33,17
1809,Kids & Cartoon,Sandalwood (Chandan),2026,6,No,Friday,Central,Local Street Vendor,33.0,UPI,2,Bansal Rakhi Hub 8,22.12,9
2205,Kids & Cartoon,Silk Thread,2026,7,yES,Saturday,East,Supermarket,37.9,Cash,4,Malhotra Gift House,12.82,13
5702,Premium & Jewelry,Silk Thread,2026,5,No,Thursday,West,Supermarket,31.5,Credit Card,4,Tandon Festive Mart,118.11,15
3574,Kids & Cartoon,Silk Thread,2026,4,No,Thursday,North,Local Street Vendor,47.6,Cash,19,Kapoor Rakhi Store,10.87,24
678,Kids & Cartoon,Silk Thread,2026,6,Yes,Saturday,Central,Local Street Vendor,30.7,Credit Card,8,Mehra Rakhi Hub 240,14.85,34
3530,Kids & Cartoon,Silk Thread,2026,5,#Yes,Saturday,,Online,29.7,UPI,4,Mehra Rakhi Hub 183,23.68,16
5381,Premium & Jewelry,Sterling Silver,2026,4,No,Wednesday,West,Supermarket,34.5,Cash,3,Chawla Rakhi Hub 295,781.55,14
3354,Kids & Cartoon,Silk Thread,2026,4,No,Thursday,North,Supermarket,27.1,Credit Card,4,Arora Rakhi Hub 117,20.82,21
3003,Premium & Jewelry,Sterling Silver,2026,5,nO,Friday,East,Online,27.2,Credit Card,2,Bansal Rakhi Bazaar,881.79,6
4678,Premium & Jewelry,Silk Thread,2026,3,No,Friday,Central,Online,29.3,Cash,4,Mehra Rakhi & Gifts,112.9,14
1063,Premium & Jewelry,Sterling Silver,2026,4,No,Thursday,North,Supermarket,31.9,UPI,4,Aggarwal Rakhi Corner,866.14,29
2433,Kids & Cartoon,Silk Thread,2026,7,#Yes,Sunday,North,Local Street Vendor,38.0,Cash,3,Nanda Handicrafts,13.62,6
4162,Premium & Jewelry,Sterling Silver,2026,4,No,Wednesday,East,Local Street Vendor,34.0,Cash,2,Sethi Gift House,481.08,9
1623,Eco-Friendly,Silk Thread,2026,1,No,Friday,West,Supermarket,30.8,Cash,5,Jain Rakhi Hub 177,38.06,14
5508,Kids & Cartoon,Sterling Silver,2026,7,No,Wednesday,East,Online,27.3,Cash,4,Tandon Rakhi Hub 53,119.46,12
4104,Kids & Cartoon,Silk Thread,2026,6,No,Tuesday,West,Online,33.8,Cash,5,Sethi Rakhi Point,19.08,14
2933,Kids & Cartoon,Silk Thread,2026,6,Yes,Sunday,East,Online,28.7,UPI,3,Rastogi Rakhi Corner,16.94,15
5860,Premium & Jewelry,Sterling Silver,2026,3,yES,Sunday,West,Online,26.6,UPI,12,Saxena Rakhi Hub 43,998.81,30
1612,Eco-Friendly,Sandalwood (Chandan),2026,2,Yes,Saturday,Central,Supermarket,34.1,UPI,9,Kapoor Rakhi Hub 270,55.91,22
4281,Premium & Jewelry,Sterling Silver,2026,3,No,Friday,,Local Street Vendor,30.7,UPI,5,Saxena Rakhi Hub 222,507.18,25
5736,Eco-Friendly,Sandalwood (Chandan),2026,1,No,Monday,Central,Local Street Vendor,,Cash,4,Saxena Rakhi Hub 294,50.6,20
918,Premium & Jewelry,Sterling Silver,2026,6,Yes,Saturday,Central,Supermarket,30.1,Cash,26,Mehra Rakhi Point,876.06,67
4349,Kids & Cartoon,Silk Thread,2026,7,nO,Wednesday,North,Online,27.0,Cash,4,Verma Rakhi Hub 73,26.3,16
5680,Kids & Cartoon,Silk Thread,2026,1,yES,Saturday,East,Supermarket,35.5,Cash,5,Khanna Rakhi Point,15.45,21
3838,Premium & Jewelry,Sterling Silver,2026,3,No,Friday,West,Local Street Vendor,27.5,Cash,3,Mehra Emporium,533.83,16
606,Eco-Friendly,Silk Thread,2026,7,No,Thursday,,Online,34.2,UPI,2,Gupta Rakhi Hub 27,41.8,8
3132,Eco-Friendly,Sandalwood (Chandan),2026,6,Yes,Sunday,Central,Online,39.0,UPI,2,Aggarwal Rakhi Hub 90,76.6,10
5698,Eco-Friendly,Sandalwood (Chandan),2026,2,No,Thursday,North,Supermarket,33.1,Credit Card,8,Nanda Rakhi Corner,59.4,38
1469,Eco-Friendly,Sandalwood (Chandan),2026,1,No,Thursday,East,Online,29.4,UPI,7,Tandon Gift House,64.74,33
5901,Eco-Friendly,Silk Thread,2026,2,No,Monday,West,Supermarket,28.2,Credit Card,11,Chawla Traditions,35.17,41
3822,Kids & Cartoon,Sandalwood (Chandan),2026,5,nO,Friday,East,Supermarket,36.9,Cash,2,Mehra Rakhi Hub 75,35.38,10
3750,Premium & Jewelry,Sterling Silver,2026,4,No,Friday,North,Local Street Vendor,32.0,Credit Card,4,Verma Rakhi Hub 95,515.31,14
5903,Premium & Jewelry,Sterling Silver,2026,4,Yes,Saturday,Central,Online,28.1,Cash,4,Goel Rakhi Hub 86,658.45,11
4091,Premium & Jewelry,Sterling Silver,2026,3,No,Wednesday,East,Local Street Vendor,30.4,UPI,2,Gupta Rakhi Hub 187,517.79,9
3781,Premium & Jewelry,Sterling Silver,2026,4,No,Monday,Central,Supermarket,45.1,UPI,76,Bansal Rakhi Hub 214,776.42,58
2156,Eco-Friendly,Sandalwood (Chandan),2026,6,No,Tuesday,East,Local Street Vendor,38.5,Cash,3,Tandon Rakhi Hub 62,42.63,17
2810,Premium & Jewelry,Sandalwood (Chandan),2026,1,No,Wednesday,East,Online,29.5,Cash,8,Sharma Rakhi Hub 78,245.28,42
5583,Kids & Cartoon,Silk Thread,2026,1,Yes,Sunday,Central,Supermarket,28.6,Cash,15,Kapoor Rakhi & Gifts,19.98,43
2078,Premium & Jewelry,Sterling Silver,2026,1,No,Thursday,West,Local Street Vendor,32.2,Credit Card,4,Nanda Rakhi Hub 229,525.18,14
2350,Premium & Jewelry,Sterling Silver,2026,1,Yes,Sunday,Central,Local Street Vendor,30.3,Cash,9,Malhotra Handicrafts,457.49,25
761,Eco-Friendly,Sterling Silver,2026,1,Yes,Saturday,Central,Local Street Vendor,35.8,Cash,7,Sharma Rakhi Corner,135.49,18
5074,Kids & Cartoon,Silk Thread,2026,3,Yes,Sunday,West,Online,39.6,UPI,16,Sharma Rakhi Hub 59,20.66,44
4773,Premium & Jewelry,Sterling Silver,2026,6,No,Friday,,Supermarket,33.7,Cash,4,Sethi Rakhi Hub 19,739.31,12
585,Eco-Friendly,Sandalwood (Chandan),2026,4,nO,Friday,West,Online,32.6,UPI,6,Bhatia Rakhi Hub 182,323.46,22
5813,Kids & Cartoon,Sandalwood (Chandan),2026,5,Yes,Sunday,North,Supermarket,29.1,Cash,3,Kapoor Rakhi & Gifts,31.87,13
2700,Eco-Friendly,Silk Thread,2026,6,No,Monday,North,Online,33.7,Credit Card,4,Mehra Festive Mart,41.97,14
1501,Kids & Cartoon,Silk Thread,2026,2,No,Thursday,East,Online,31.5,Credit Card,10,Goel Rakhi Store,19.05,36
2800,Eco-Friendly,Sandalwood (Chandan),2026,2,No,Monday,West,Local Street Vendor,25.5,Cash,16,Aggarwal Traditions,71.05,68
1292,Kids & Cartoon,Silk Thread,2026,7,yES,Sunday,North,Local Street Vendor,32.5,UPI,2,Kapoor Rakhi Hub 199,12.1,9
5114,Eco-Friendly,Sandalwood (Chandan),2026,1,No,Friday,East,Local Street Vendor,34.8,Cash,26,Sharma Rakhi Point,52.43,83
5997,Kids & Cartoon,Silk Thread,2026,7,No,Thursday,Central,Supermarket,29.8,Cash,3,Khanna Rakhi Hub 126,16.75,9
392,Premium & Jewelry,Sterling Silver,2026,2,yES,Sunday,East,Local Street Vendor,30.6,UPI,7,Sharma Rakhi Corner,554.0,28
2485,Eco-Friendly,Sandalwood (Chandan),2026,7,nO,Tuesday,North,Local Street Vendor,30.1,Credit Card,2,Verma Rakhi & Gifts,47.97,8
3583,Kids & Cartoon,Silk Thread,2026,5,yES,Saturday,East,Supermarket,29.4,UPI,11,Khanna Handicrafts,14.6,37
363,Premium & Jewelry,Sterling Silver,2026,1,nO,Friday,Central,Local Street Vendor,28.4,UPI,2,Chopra Rakhi Hub 57,417.12,11
5642,Eco-Friendly,Silk Thread,2026,1,nO,Thursday,West,Local Street Vendor,29.8,Cash,8,Bansal Rakhi & Gifts,29.11,51
345,Eco-Friendly,Silk Thread,2026,1,nO,Friday,West,Local Street Vendor,25.3,Credit Card,3,Gupta Rakhi Store,21.53,14
3004,Eco-Friendly,Sterling Silver,2026,3,No,Thursday,North,Local Street Vendor,28.7,Cash,13,Malhotra Traditions,135.15,75
4639,Premium & Jewelry,Sterling Silver,2026,5,No,Monday,East,Supermarket,27.5,Cash,5,Bansal Rakhi Hub 198,634.27,15
3280,Premium & Jewelry,Sandalwood (Chandan),2026,1,Yes,Sunday,East,Local Street Vendor,31.5,Cash,12,Gupta Rakhi Hub 152,132.5,32
3158,Premium & Jewelry,Sterling Silver,2026,7,No,Thursday,North,Local Street Vendor,27.9,Cash,1,Chopra Rakhi Corner,647.37,5
3946,Eco-Friendly,Sterling Silver,2026,1,No,Monday,East,Supermarket,30.9,UPI,6,Khanna Rakhi Hub 188,234.35,24
4660,Premium & Jewelry,Sterling Silver,2026,2,yES,Sunday,East,Supermarket,26.5,UPI,14,Arora Festive Mart,734.72,37
2297,Eco-Friendly,Sandalwood (Chandan),2026,5,No,Tuesday,,Supermarket,32.6,Cash,7,Sharma Rakhi Hub 149,70.17,23
5982,Kids & Cartoon,Silk Thread,2026,7,No,Wednesday,East,Supermarket,29.5,Cash,2,Chawla Handicrafts,17.96,12
91,Premium & Jewelry,Sterling Silver,2026,1,#Yes,Saturday,North,Supermarket,28.8,Credit Card,12,Kapoor Rakhi Hub 270,714.84,33
3782,Eco-Friendly,Sandalwood (Chandan),2026,7,No,Monday,Central,Supermarket,29.9,Cash,2,Sharma Traditions,77.35,10
5763,Eco-Friendly,Silk Thread,2026,3,#Yes,Saturday,North,Local Street Vendor,30.7,UPI,9,Nanda Rakhi Hub 98,33.93,23
4964,Premium & Jewelry,Sterling Silver,2026,5,No,Friday,West,Online,34.2,Cash,2,Chawla Rakhi Hub 93,701.07,8
3444,Kids & Cartoon,Silk Thread,2026,2,No,Thursday,Central,Local Street Vendor,37.2,Cash,5,Goel Rakhi Hub 244,12.27,28
2118,Premium & Jewelry,Sterling Silver,2026,3,Yes,Sunday,Central,Online,35.8,UPI,9,Aggarwal Rakhi Hub 234,627.47,22
4238,Eco-Friendly,Silk Thread,2026,5,Yes,Sunday,Central,Online,33.4,UPI,2,Saxena Rakhi Point,39.38,8
3343,Premium & Jewelry,Sandalwood (Chandan),2026,3,#Yes,Saturday,East,Supermarket,26.1,Cash,4,Jain Emporium,174.72,14
4587,Kids & Cartoon,Silk Thread,2026,2,Yes,Sunday,West,Local Street Vendor,31.3,Credit Card,9,Chawla Rakhi Hub 269,14.47,25
4599,Kids & Cartoon,Silk Thread,2026,1,No,Friday,East,Local Street Vendor,38.0,UPI,8,Khanna Rakhi Hub 121,18.33,25
948,Eco-Friendly,Sandalwood (Chandan),2026,1,Yes,Sunday,North,Online,31.3,UPI,9,Gupta Rakhi Hub 176,80.99,26
4492,Eco-Friendly,Sandalwood (Chandan),2026,5,nO,Monday,East,Local Street Vendor,28.7,UPI,4,Chopra Gift House,64.0,11
4300,Kids & Cartoon,Sandalwood (Chandan),2026,6,No,Thursday,West,Local Street Vendor,,Credit Card,1,Arora Rakhi Hub 210,19.11,8
4242,Eco-Friendly,Sterling Silver,2026,4,No,Friday,West,Supermarket,26.4,Cash,4,Bhatia Rakhi Hub 3,184.02,19
884,Kids & Cartoon,Silk Thread,2026,5,No,Tuesday,North,Local Street Vendor,33.3,Cash,2,Jain Rakhi Hub 135,13.09,12
2363,Kids & Cartoon,Silk Thread,2026,2,yES,Sunday,North,Online,32.2,UPI,10,Gupta Emporium,17.53,31
4513,Eco-Friendly,Silk Thread,2026,6,No,Wednesday,,Local Street Vendor,34.9,Credit Card,2,Bansal Rakhi Hub 268,20.37,8
4135,Kids & Cartoon,Silk Thread,2026,4,#Yes,Sunday,North,Local Street Vendor,29.1,Credit Card,8,Verma Traditions,13.77,27
5026,Kids & Cartoon,Silk Thread,2026,5,Yes,Saturday,West,Supermarket,27.4,UPI,9,Malhotra Traditions,15.91,9
951,Kids & Cartoon,Silk Thread,2026,3,No,Wednesday,North,Supermarket,,Cash,10,Sharma Rakhi Hub 122,13.67,34
4178,Eco-Friendly,Sandalwood (Chandan),2026,4,Yes,Sunday,West,Online,,Cash,4,Verma Rakhi Corner,62.45,23
5911,Eco-Friendly,Sandalwood (Chandan),2026,1,Yes,Sunday,East,Supermarket,,UPI,6,Saxena Rakhi Hub 294,65.42,30
5348,Eco-Friendly,Silk Thread,2026,4,No,Friday,Central,Supermarket,33.8,Cash,9,Mehra Rakhi Hub 246,40.61,28
4779,Premium & Jewelry,Silk Thread,2026,6,#Yes,Saturday,North,Local Street Vendor,29.3,Cash,9,Tandon Rakhi Store,95.73,22
5333,Premium & Jewelry,Sterling Silver,2026,2,No,Friday,Central,Local Street Vendor,35.1,Credit Card,4,Sethi Festive Mart,538.03,16
5989,Eco-Friendly,Sandalwood (Chandan),2026,2,nO,Wednesday,West,Local Street Vendor,30.2,Cash,14,Chopra Rakhi Hub 127,52.3,91
5615,Kids & Cartoon,Silk Thread,2026,2,Yes,Saturday,North,Online,28.9,UPI,14,Goel Rakhi Hub 244,18.82,38
2416,Premium & Jewelry,Sandalwood (Chandan),2026,7,No,Wednesday,,Supermarket,35.6,UPI,2,Arora Rakhi & Gifts,209.98,8
5066,Kids & Cartoon,Silk Thread,2026,5,No,Thursday,West,Supermarket,32.2,UPI,8,Bhatia Rakhi Hub 29,16.2,35
1387,Eco-Friendly,Sandalwood (Chandan),2026,2,Yes,Sunday,West,Supermarket,34.3,Cash,13,Bhatia Gift House,62.11,31
3922,Eco-Friendly,Sandalwood (Chandan),2026,7,Yes,Saturday,West,Local Street Vendor,,Cash,4,Mehra Rakhi Hub 81,49.29,18
5378,Eco-Friendly,Sandalwood (Chandan),2026,6,No,Monday,East,Local Street Vendor,34.8,Cash,5,Aggarwal Rakhi Hub 90,65.07,18
3105,Kids & Cartoon,Silk Thread,2026,1,yES,Saturday,West,Local Street Vendor,29.8,UPI,6,Chawla Rakhi Hub 171,13.86,27
3126,Premium & Jewelry,Sandalwood (Chandan),2026,6,No,Tuesday,North,Local Street Vendor,34.1,UPI,1,Gupta Rakhi Hub 282,166.72,7
2399,Premium & Jewelry,Sandalwood (Chandan),2026,3,nO,Friday,West,Supermarket,32.5,Credit Card,5,Kapoor Rakhi Hub 199,239.73,28
4620,Kids & Cartoon,Silk Thread,2026,3,No,Wednesday,East,Local Street Vendor,34.6,UPI,2,Goel Handicrafts,14.56,8
1711,Eco-Friendly,Sandalwood (Chandan),2026,2,Yes,Sunday,West,Supermarket,30.8,Credit Card,14,Sharma Rakhi Hub 259,59.27,36
5375,Kids & Cartoon,Silk Thread,2026,7,No,Thursday,West,Online,31.3,UPI,4,Goel Emporium,21.93,13
4708,Kids & Cartoon,Silk Thread,2026,1,No,Friday,West,Local Street Vendor,34.7,Credit Card,4,Nanda Rakhi Point,14.71,25
1187,Kids & Cartoon,Silk Thread,2026,6,No,Wednesday,Central,Local Street Vendor,32.5,Cash,2,Mehra Rakhi Hub 285,84.98,6
4375,Kids & Cartoon,Silk Thread,2026,2,No,Friday,North,Online,38.7,Credit Card,14,Bansal Rakhi Hub 134,19.95,60
1325,Kids & Cartoon,Silk Thread,2026,5,Yes,Sunday,North,Online,28.7,Credit Card,13,Sharma Rakhi Hub 141,20.33,37
5757,Premium & Jewelry,Sandalwood (Chandan),2026,2,No,Monday,West,Local Street Vendor,23.3,UPI,3,Kapoor Rakhi Hub 257,180.74,12
4860,Premium & Jewelry,Sterling Silver,2026,5,Yes,Sunday,West,Local Street Vendor,30.9,Credit Card,4,Nanda Rakhi Hub 28,509.54,15
3234,Premium & Jewelry,Sandalwood (Chandan),2026,1,No,Tuesday,North,Online,33.8,Cash,3,Jain Rakhi Hub 87,255.08,13
152,Eco-Friendly,Sandalwood (Chandan),2026,7,nO,Thursday,,Local Street Vendor,32.5,Credit Card,3,Nanda Rakhi Hub 206,69.72,13
916,Eco-Friendly,Sandalwood (Chandan),2026,3,Yes,Saturday,West,Local Street Vendor,37.9,UPI,5,Bansal Rakhi Hub 82,40.61,15
1306,Eco-Friendly,Sandalwood (Chandan),2026,1,No,Tuesday,East,Online,30.4,UPI,3,Gupta Rakhi Corner,62.43,11
3850,Premium & Jewelry,Sterling Silver,2026,5,Yes,Sunday,East,Online,31.6,Cash,2,Tandon Rakhi Hub 20,700.09,8
55,Eco-Friendly,Sterling Silver,2026,2,No,Monday,North,Online,29.2,Credit Card,10,Sharma Rakhi Hub 56,218.33,38
4715,Kids & Cartoon,Silk Thread,2026,4,Yes,Saturday,West,Supermarket,26.3,Cash,8,Bansal Rakhi Hub 58,16.43,26
5283,Eco-Friendly,Sandalwood (Chandan),2026,1,No,Tuesday,Central,Supermarket,13.2,UPI,5,Gupta Rakhi Hub 70,72.31,18
1399,Kids & Cartoon,Sandalwood (Chandan),2026,7,No,Friday,Central,Local Street Vendor,34.9,Cash,4,Khanna Rakhi Corner,21.03,19
2520,Premium & Jewelry,Sterling Silver,2026,7,nO,Tuesday,East,Supermarket,31.3,Cash,4,Nanda Rakhi Store,655.04,18
184,Kids & Cartoon,Silk Thread,2026,2,nO,Monday,West,Local Street Vendor,26.0,Cash,4,Chopra Rakhi Hub 127,15.84,13
4112,Eco-Friendly,Silk Thread,2026,1,No,Wednesday,East,Supermarket,29.5,Cash,6,Mehra Rakhi Hub 275,36.12,39
5280,Eco-Friendly,Sandalwood (Chandan),2026,7,nO,Monday,West,Supermarket,36.5,Cash,3,Saxena Emporium,62.69,14
3024,Kids & Cartoon,Silk Thread,2026,3,nO,Tuesday,Central,Local Street Vendor,26.7,UPI,2,Chawla Rakhi Hub 283,12.86,11
2418,Kids & Cartoon,Silk Thread,2026,4,nO,Thursday,North,Supermarket,25.0,Credit Card,5,Khanna Rakhi Hub 203,18.33,19
472,Kids & Cartoon,Silk Thread,2026,7,No,Monday,East,Local Street Vendor,34.8,Credit Card,17,Bansal Rakhi Hub 91,10.94,13
968,Premium & Jewelry,Sterling Silver,2026,6,Yes,Sunday,East,Local Street Vendor,31.1,Credit Card,4,Chopra Handicrafts,436.37,21
5339,Eco-Friendly,Sandalwood (Chandan),2026,1,nO,Thursday,North,Local Street Vendor,35.2,Cash,7,Gupta Rakhi Hub 282,39.22,20
5274,Eco-Friendly,Silk Thread,2026,6,#Yes,Saturday,Central,Local Street Vendor,30.8,Cash,15,Aggarwal Rakhi Hub 205,27.89,54
210,Kids & Cartoon,Silk Thread,2026,5,No,Tuesday,Central,Supermarket,32.8,Cash,1,Tandon Rakhi Hub 65,17.85,7
1962,Kids & Cartoon,Silk Thread,2026,2,No,Monday,Central,Online,31.4,UPI,22,Arora Rakhi & Gifts,29.4,72
897,Premium & Jewelry,Sandalwood (Chandan),2026,4,Yes,Sunday,North,Supermarket,,Cash,10,Jain Traditions,206.19,41
1022,Eco-Friendly,Sandalwood (Chandan),2026,1,No,Wednesday,Central,Supermarket,34.9,Cash,6,Gupta Rakhi Hub 191,61.56,28
2579,Premium & Jewelry,Sterling Silver,2026,7,No,Thursday,East,Online,33.7,Credit Card,2,Mehra Rakhi Hub 209,797.08,11
4897,Premium & Jewelry,Sterling Silver,2026,2,No,Wednesday,North,Supermarket,33.6,Cash,4,Verma Rakhi Corner,787.4,27
1774,Eco-Friendly,Sandalwood (Chandan),2026,3,Yes,Sunday,West,Supermarket,32.6,Cash,4,Aggarwal Rakhi Point,76.4,11
5810,Eco-Friendly,Sandalwood (Chandan),2026,3,Yes,Sunday,West,Local Street Vendor,31.7,Cash,7,Sharma Handicrafts,43.3,16
2300,Eco-Friendly,Sandalwood (Chandan),2026,2,#Yes,Sunday,,Local Street Vendor,33.7,Credit Card,6,Sethi Emporium,58.14,21
1210,Kids & Cartoon,Silk Thread,2026,2,yES,Sunday,West,Supermarket,33.6,Cash,11,Gupta Rakhi Hub 27,17.12,42
4919,Eco-Friendly,Sandalwood (Chandan),2026,3,#Yes,Sunday,North,Supermarket,36.2,UPI,5,Aggarwal Rakhi Bazaar,72.44,16
4569,Kids & Cartoon,Silk Thread,2026,7,No,Thursday,Central,Supermarket,24.9,Credit Card,0,Tandon Rakhi Hub 163,15.79,2
3980,Kids & Cartoon,Silk Thread,2026,2,No,Friday,North,Local Street Vendor,41.7,Cash,1,Nanda Traditions,17.79,9
1252,Premium & Jewelry,Sterling Silver,2026,5,nO,Monday,North,Local Street Vendor,34.5,Cash,12,Chopra Emporium,534.34,36
4602,Eco-Friendly,Sandalwood (Chandan),2026,7,No,Tuesday,East,Supermarket,32.6,Cash,2,Sethi Rakhi Hub 33,64.39,13
3166,Kids & Cartoon,Silk Thread,2026,5,Yes,Saturday,North,Supermarket,30.3,UPI,23,Gupta Rakhi & Gifts,20.27,74
5859,Kids & Cartoon,Silk Thread,2026,5,#Yes,Saturday,East,Local Street Vendor,32.8,Cash,2,Khanna Rakhi Hub 132,10.81,7
4826,Kids & Cartoon,Silk Thread,2026,1,No,Tuesday,East,Supermarket,29.2,Cash,10,Chawla Rakhi Hub 201,17.89,43
4231,Eco-Friendly,Sandalwood (Chandan),2026,1,nO,Tuesday,West,Supermarket,31.6,UPI,4,Malhotra Rakhi Hub 4,63.04,18
293,Eco-Friendly,Sandalwood (Chandan),2026,1,No,Tuesday,West,Supermarket,29.1,Credit Card,6,Nanda Rakhi Hub 206,60.15,21
3601,Premium & Jewelry,Sterling Silver,2026,1,No,Tuesday,North,Online,27.3,Cash,12,Nanda Rakhi Hub 96,710.46,68
1052,Premium & Jewelry,Sterling Silver,2026,2,No,Tuesday,West,Online,32.2,Credit Card,7,Khanna Rakhi Hub 120,764.37,27
5411,Premium & Jewelry,Sterling Silver,2026,5,Yes,Sunday,West,Online,31.8,UPI,3,Mehra Rakhi Hub 128,835.29,8
3283,Premium & Jewelry,Sterling Silver,2026,3,nO,Friday,West,Supermarket,30.8,Cash,2,Kapoor Rakhi Hub 97,767.91,12
273,Premium & Jewelry,Sterling Silver,2026,6,yES,Sunday,East,Supermarket,38.1,Cash,2,Aggarwal Rakhi Bazaar,746.29,9
2043,Kids & Cartoon,Silk Thread,2026,6,Yes,Saturday,Central,Online,33.1,Cash,2,Nanda Rakhi Hub 261,18.24,8
4308,Kids & Cartoon,Silk Thread,2026,1,yES,Sunday,West,Local Street Vendor,29.1,UPI,8,Verma Rakhi Hub 30,13.88,22
2647,Eco-Friendly,Sandalwood (Chandan),2026,5,No,Monday,West,Local Street Vendor,27.1,Cash,7,Mehra Rakhi Hub 81,37.21,25
5791,Eco-Friendly,Sandalwood (Chandan),2026,3,No,Wednesday,East,Online,28.3,Cash,6,Rastogi Rakhi Hub 224,63.7,27
5556,Eco-Friendly,Sandalwood (Chandan),2026,2,nO,Friday,North,Supermarket,26.0,Cash,11,Nanda Handicrafts,55.51,55
1087,Eco-Friendly,Sandalwood (Chandan),2026,4,Yes,Sunday,Central,Local Street Vendor,33.4,UPI,15,Aggarwal Rakhi Point,49.38,34
5600,Kids & Cartoon,Silk Thread,2026,5,nO,Tuesday,East,Supermarket,31.8,UPI,1,Sharma Traditions,16.73,9
885,Premium & Jewelry,Sandalwood (Chandan),2026,4,No,Monday,North,Supermarket,22.5,Cash,11,Saxena Rakhi Hub 138,180.6,35
5548,Kids & Cartoon,Silk Thread,2026,3,nO,Wednesday,West,Local Street Vendor,32.5,Cash,4,Gupta Rakhi Hub 139,10.96,19
5845,Kids & Cartoon,Silk Thread,2026,2,No,Friday,North,Online,31.7,Credit Card,4,Saxena Rakhi Hub 158,25.4,12
3027,Premium & Jewelry,Silk Thread,2026,3,No,Tuesday,East,Online,38.1,Cash,2,Bhatia Rakhi Hub 300,88.49,11
3544,Premium & Jewelry,Sterling Silver,2026,3,No,Tuesday,West,Supermarket,29.3,Cash,5,Saxena Rakhi Hub 262,693.84,27
5087,Eco-Friendly,Sandalwood (Chandan),2026,5,No,Tuesday,West,Local Street Vendor,,Cash,2,Aggarwal Rakhi Hub 212,42.1,7
1734,Premium & Jewelry,Sterling Silver,2026,2,No,Tuesday,Central,Local Street Vendor,,Cash,6,Mehra Rakhi Hub 101,562.89,19
3342,Eco-Friendly,Sterling Silver,2026,7,No,Monday,East,Supermarket,31.9,Cash,2,Bhatia Rakhi Hub 290,218.97,10
2961,Eco-Friendly,Silk Thread,2026,3,No,Wednesday,North,Local Street Vendor,32.0,Credit Card,6,Nanda Rakhi Hub 98,21.19,16
2795,Eco-Friendly,Sandalwood (Chandan),2026,4,No,Wednesday,North,Online,33.6,UPI,6,Tandon Rakhi Point,58.48,24
4033,Kids & Cartoon,Silk Thread,2026,7,nO,Tuesday,Central,Online,34.0,UPI,3,Bansal Emporium,19.19,9
614,Eco-Friendly,Silk Thread,2026,3,Yes,Saturday,East,Online,27.6,Credit Card,5,Gupta Rakhi Hub 165,45.27,18
5685,Kids & Cartoon,Silk Thread,2026,7,Yes,Saturday,West,Local Street Vendor,26.5,Cash,7,Nanda Rakhi Hub 232,11.0,21
3784,Premium & Jewelry,Sterling Silver,2026,7,Yes,Sunday,West,Local Street Vendor,32.3,Cash,3,Khanna Rakhi Hub 45,524.9,6
3378,Eco-Friendly,Silk Thread,2026,3,nO,Monday,West,Local Street Vendor,38.0,Cash,5,Khanna Rakhi Hub 188,30.9,20
4472,Premium & Jewelry,Sterling Silver,2026,4,nO,Thursday,West,Supermarket,26.0,Cash,4,Goel Rakhi Point,594.1,14
4686,Kids & Cartoon,Silk Thread,2026,4,Yes,Sunday,West,Supermarket,20.9,UPI,3,Verma Rakhi Point,18.5,8
1749,Kids & Cartoon,Silk Thread,2026,3,nO,Thursday,West,Supermarket,38.7,Credit Card,8,Nanda Rakhi Hub 21,17.05,51
1626,Eco-Friendly,Silk Thread,2026,1,No,Friday,West,Local Street Vendor,34.0,Cash,3,Jain Rakhi Hub 87,29.18,10
1571,Kids & Cartoon,Silk Thread,2026,5,No,Thursday,North,Supermarket,33.0,Credit Card,2,Khanna Rakhi Hub 85,21.94,8
3173,Eco-Friendly,Sterling Silver,2026,4,No,Wednesday,North,Supermarket,32.6,Cash,11,Aggarwal Rakhi Hub 157,237.9,50
3740,Kids & Cartoon,Silk Thread,2026,7,Yes,Saturday,East,Local Street Vendor,30.2,UPI,4,Khanna Rakhi Hub 164,13.63,13
5002,Kids & Cartoon,Silk Thread,2026,1,No,Tuesday,Central,Supermarket,34.7,UPI,15,Nanda Rakhi Hub 129,16.15,44
3149,Eco-Friendly,Sandalwood (Chandan),2026,3,No,Friday,North,Local Street Vendor,26.5,Cash,8,Mehra Rakhi Hub 273,44.27,46
4288,Premium & Jewelry,Sandalwood (Chandan),2026,6,No,Thursday,West,Local Street Vendor,34.2,UPI,6,Arora Rakhi Hub 220,179.56,18
2155,Kids & Cartoon,Silk Thread,2026,6,No,Friday,East,Local Street Vendor,35.1,Credit Card,8,Chopra Rakhi Hub 69,10.8,27
1345,Eco-Friendly,Sandalwood (Chandan),2026,3,No,Wednesday,East,Online,41.1,Credit Card,23,Verma Rakhi & Gifts,67.95,80
1137,Kids & Cartoon,Silk Thread,2026,3,No,Thursday,West,Local Street Vendor,30.3,Cash,3,Mehra Rakhi Hub 207,16.12,14
2920,Eco-Friendly,Sandalwood (Chandan),2026,4,Yes,Sunday,Central,Local Street Vendor,,UPI,4,Goel Rakhi Hub 107,53.76,17
907,Kids & Cartoon,Silk Thread,2026,3,nO,Thursday,Central,Supermarket,30.5,Credit Card,9,Rastogi Rakhi Store,15.28,36
953,Premium & Jewelry,Sterling Silver,2026,3,nO,Friday,,Local Street Vendor,31.4,Credit Card,5,Saxena Rakhi Hub 222,523.47,18
2287,Eco-Friendly,Sandalwood (Chandan),2026,5,No,Monday,North,Local Street Vendor,36.0,Cash,3,Goel Rakhi Hub 208,57.32,17
1505,Eco-Friendly,Sandalwood (Chandan),2026,5,No,Thursday,West,Online,29.0,Credit Card,22,Sethi Rakhi Hub 286,74.34,27
3310,Premium & Jewelry,Sterling Silver,2026,3,Yes,Sunday,East,Local Street Vendor,32.7,Credit Card,4,Saxena Rakhi Hub 255,613.47,14
4905,Eco-Friendly,Silk Thread,2026,4,No,Tuesday,East,Local Street Vendor,31.6,Cash,6,Bansal Rakhi Hub 260,19.49,16
3077,Kids & Cartoon,Silk Thread,2026,2,No,Wednesday,West,Local Street Vendor,31.7,Cash,8,Aggarwal Rakhi Hub 212,16.76,32
1122,Premium & Jewelry,Sterling Silver,2026,2,No,Tuesday,East,Supermarket,30.0,UPI,15,Bansal Rakhi Hub 58,661.92,20
4526,Kids & Cartoon,Silk Thread,2026,2,No,Thursday,,Online,31.1,Cash,9,Verma Emporium,14.37,37
4820,Kids & Cartoon,Silk Thread,2026,5,No,Thursday,East,Local Street Vendor,32.0,Cash,8,Goel Rakhi Hub 267,12.12,23
4360,Eco-Friendly,Sandalwood (Chandan),2026,1,No,Monday,West,Online,,Cash,8,Jain Rakhi Hub 135,75.85,26
3114,Kids & Cartoon,Silk Thread,2026,4,Yes,Sunday,East,Supermarket,35.3,UPI,15,Tandon Festive Mart,19.06,35
1501,Kids & Cartoon,Silk Thread,2026,2,No,Thursday,East,Online,31.5,Credit Card,10,Goel Rakhi Store,19.05,36
3054,Eco-Friendly,Sandalwood (Chandan),2026,6,Yes,Sunday,North,Local Street Vendor,29.6,Cash,1,Chawla Rakhi Hub 125,63.99,3
417,Premium & Jewelry,Sterling Silver,2026,4,No,Tuesday,Central,Online,31.7,UPI,5,Rastogi Rakhi Hub 189,699.92,22
4742,Premium & Jewelry,Silk Thread,2026,5,nO,Monday,West,Online,31.4,Credit Card,8,Saxena Rakhi Hub 9,118.39,25
2432,Eco-Friendly,Sterling Silver,2026,2,Yes,Saturday,Central,Supermarket,35.8,Cash,5,Verma Rakhi Store,163.29,24
2904,Eco-Friendly,Sandalwood (Chandan),2026,5,#Yes,Sunday,North,Local Street Vendor,32.7,Credit Card,6,Gupta Rakhi Hub 297,39.83,19
565,Kids & Cartoon,Silk Thread,2026,5,No,Tuesday,East,Online,50.2,Credit Card,4,Verma Rakhi Hub 30,22.82,24
2527,Eco-Friendly,Sandalwood (Chandan),2026,4,nO,Wednesday,Central,Local Street Vendor,34.9,Cash,3,Arora Traditions,48.25,17
1225,Premium & Jewelry,Sterling Silver,2026,7,No,Friday,North,Local Street Vendor,30.4,Credit Card,2,Aggarwal Rakhi Hub 162,527.07,7
143,Eco-Friendly,Silk Thread,2026,6,#Yes,Saturday,North,Supermarket,36.2,Cash,4,Malhotra Rakhi Point,38.21,19
1491,Premium & Jewelry,Sandalwood (Chandan),2026,6,No,Thursday,East,Online,26.9,UPI,2,Rastogi Rakhi Hub 77,234.94,11
816,Eco-Friendly,Silk Thread,2026,2,No,Monday,East,Online,31.1,Cash,4,Gupta Rakhi Bazaar,27.53,17
3638,Premium & Jewelry,Sandalwood (Chandan),2026,2,No,Wednesday,North,Online,32.5,Credit Card,17,Khanna Rakhi Store,229.47,65
2005,Premium & Jewelry,Silk Thread,2026,7,nO,Thursday,East,Online,32.3,Credit Card,1,Chopra Rakhi Hub 248,105.54,4
1195,Eco-Friendly,Sandalwood (Chandan),2026,7,nO,Thursday,East,Local Street Vendor,,UPI,3,Gupta Gift House,56.8,18
807,Kids & Cartoon,Silk Thread,2026,3,No,Wednesday,West,Online,30.3,Cash,7,Rastogi Rakhi Hub 231,21.34,24
2886,Premium & Jewelry,Sterling Silver,2026,3,nO,Monday,Central,Local Street Vendor,35.4,Cash,4,Verma Rakhi Store,599.81,18
1757,Premium & Jewelry,Sterling Silver,2026,4,Yes,Saturday,East,Supermarket,32.1,Cash,9,Goel Rakhi Hub 208,526.34,24
498,Kids & Cartoon,Silk Thread,2026,4,Yes,Saturday,East,Supermarket,31.1,Credit Card,3,Nanda Rakhi Hub 98,17.29,16
2869,Eco-Friendly,Sandalwood (Chandan),2026,5,nO,Friday,East,Local Street Vendor,26.3,Cash,3,Sharma Rakhi Point,46.4,15
5627,Eco-Friendly,Silk Thread,2026,5,Yes,Sunday,East,Local Street Vendor,26.7,Credit Card,3,Chopra Rakhi Hub 166,35.85,12
913,Eco-Friendly,Sandalwood (Chandan),2026,2,Yes,Sunday,West,Local Street Vendor,50.3,Cash,11,Sharma Rakhi Bazaar,187.62,33
722,Kids & Cartoon,Silk Thread,2026,1,Yes,Saturday,Central,Local Street Vendor,,Cash,2,Arora Festive Mart,13.37,7
5829,Kids & Cartoon,Silk Thread,2026,5,No,Thursday,West,Online,33.2,Cash,3,Sharma Rakhi Hub 141,20.62,11
47,Kids & Cartoon,Silk Thread,2026,6,Yes,Sunday,Central,Online,28.0,UPI,4,Jain Rakhi Hub 223,29.13,15
1497,Eco-Friendly,Sandalwood (Chandan),2026,6,No,Monday,North,Online,32.2,Cash,6,Tandon Rakhi Hub 147,67.56,17
3025,Kids & Cartoon,Silk Thread,2026,3,No,Monday,,Supermarket,30.8,Cash,9,Rastogi Rakhi Hub 298,19.2,26
1521,Premium & Jewelry,Sterling Silver,2026,4,nO,Monday,Central,Local Street Vendor,30.1,UPI,7,Saxena Rakhi Corner,629.66,22
5115,Premium & Jewelry,Sterling Silver,2026,4,No,Thursday,North,Supermarket,28.1,Cash,3,Gupta Rakhi Hub 282,798.16,15
4293,Premium & Jewelry,Sandalwood (Chandan),2026,1,No,Tuesday,East,Supermarket,35.0,UPI,5,Bhatia Rakhi & Gifts,208.67,22
3887,Eco-Friendly,Sandalwood (Chandan),2026,4,nO,Tuesday,Central,Supermarket,25.3,Credit Card,5,Bansal Rakhi Hub 134,65.3,14
4924,Eco-Friendly,Sandalwood (Chandan),2026,5,No,Friday,East,Local Street Vendor,37.1,Cash,2,Chawla Rakhi Hub 155,52.67,13
120,Kids & Cartoon,Sterling Silver,2026,4,No,Monday,West,Supermarket,31.3,Cash,4,Gupta Rakhi Point,111.87,14
109,Premium & Jewelry,Sterling Silver,2026,7,nO,Tuesday,North,Online,32.1,Cash,2,Jain Rakhi Hub 253,644.01,9
1755,Kids & Cartoon,Silk Thread,2026,2,nO,Tuesday,,Local Street Vendor,,Credit Card,14,Bhatia Rakhi Hub 266,11.0,55
5424,Premium & Jewelry,Sterling Silver,2026,5,Yes,Saturday,Central,Online,35.2,Cash,5,Aggarwal Rakhi Hub 234,746.68,25
1352,Eco-Friendly,Silk Thread,2026,2,No,Thursday,West,Local Street Vendor,31.7,UPI,4,Bhatia Handicrafts,22.31,16
3914,Kids & Cartoon,Silk Thread,2026,2,No,Friday,Central,Local Street Vendor,37.9,Cash,5,Chawla Rakhi Hub 102,12.95,17
5596,Kids & Cartoon,Silk Thread,2026,1,nO,Friday,West,Online,35.4,UPI,5,Sethi Rakhi Hub 286,20.24,23
3505,Eco-Friendly,Sandalwood (Chandan),2026,4,No,Wednesday,West,Local Street Vendor,27.6,Credit Card,4,Tandon Rakhi Hub 296,55.38,16
1974,Kids & Cartoon,Sterling Silver,2026,7,Yes,Sunday,North,Online,30.1,Cash,8,Rastogi Rakhi Hub 50,105.32,27
337,Premium & Jewelry,Sterling Silver,2026,5,No,Tuesday,North,Supermarket,26.5,Cash,5,Sharma Gift House,693.0,16
617,Eco-Friendly,Sandalwood (Chandan),2026,7,No,Thursday,Central,Local Street Vendor,31.1,Credit Card,3,Mehra Rakhi Bazaar,44.71,9
3982,Kids & Cartoon,Sterling Silver,2026,6,No,Friday,Central,Online,44.5,UPI,1,Bansal Rakhi Hub 134,80.55,7
3640,Kids & Cartoon,Silk Thread,2026,6,nO,Tuesday,Central,Local Street Vendor,29.8,UPI,2,Jain Rakhi Hub 135,14.24,8
3018,Premium & Jewelry,Sterling Silver,2026,2,No,Monday,East,Supermarket,32.5,Cash,4,Bhatia Rakhi Hub 182,758.87,27
5690,Eco-Friendly,Sandalwood (Chandan),2026,1,No,Friday,West,Local Street Vendor,31.8,Credit Card,13,Khanna Rakhi Corner,67.43,37
3316,Premium & Jewelry,Sandalwood (Chandan),2026,4,nO,Monday,East,Supermarket,29.8,UPI,23,Jain Emporium,205.88,18
725,Premium & Jewelry,Sterling Silver,2026,1,nO,Monday,North,Online,30.6,UPI,18,Sharma Gift House,673.38,63
766,Premium & Jewelry,Sterling Silver,2026,6,Yes,Saturday,West,Local Street Vendor,31.0,Credit Card,2,Saxena Rakhi Hub 213,492.68,7
4440,Kids & Cartoon,Silk Thread,2026,1,Yes,Saturday,West,Supermarket,33.4,Cash,6,Rastogi Rakhi Hub 231,15.23,28
5380,Eco-Friendly,Silk Thread,2026,7,No,Tuesday,West,Supermarket,32.6,Cash,2,Goel Rakhi Hub 116,31.34,8
4504,Kids & Cartoon,Silk Thread,2026,2,No,Tuesday,West,Local Street Vendor,29.1,UPI,18,Malhotra Rakhi Hub 281,12.74,62
308,Kids & Cartoon,Silk Thread,2026,4,No,Monday,West,Local Street Vendor,37.3,Cash,4,Jain Rakhi Hub 202,10.93,15
1279,Eco-Friendly,Sandalwood (Chandan),2026,1,nO,Wednesday,West,Online,27.5,Cash,23,Khanna Rakhi Hub 184,85.9,80
1313,Kids & Cartoon,Silk Thread,2026,2,No,Friday,Central,Online,18.6,UPI,14,Chopra Rakhi Hub 153,20.63,44
3746,Eco-Friendly,Sandalwood (Chandan),2026,7,No,Thursday,West,Supermarket,29.5,Cash,3,Sethi Rakhi Store,62.29,10
198,Eco-Friendly,Silk Thread,2026,7,yES,Sunday,North,Supermarket,31.6,Cash,3,Kapoor Rakhi Hub 257,35.56,8
4908,Premium & Jewelry,Sterling Silver,2026,5,Yes,Sunday,North,Supermarket,30.1,Cash,8,Sharma Rakhi Hub 141,790.57,20
5183,Premium & Jewelry,Sterling Silver,2026,4,No,Friday,West,Supermarket,35.6,Cash,4,Sethi Gift House,600.4,20
1792,Kids & Cartoon,Silk Thread,2026,5,nO,Tuesday,West,Online,30.9,Cash,2,Verma Rakhi Hub 236,17.68,10
4163,Eco-Friendly,Sandalwood (Chandan),2026,2,#Yes,Sunday,West,Supermarket,33.4,Cash,3,Sethi Rakhi Hub 76,61.03,16
4827,Premium & Jewelry,Sterling Silver,2026,7,No,Tuesday,North,Online,30.7,UPI,4,Goel Handicrafts,571.23,13
2455,Kids & Cartoon,Silk Thread,2026,7,Yes,Saturday,,Local Street Vendor,32.9,Cash,2,Bansal Festive Mart,12.55,5
2054,Eco-Friendly,Sandalwood (Chandan),2026,3,#Yes,Saturday,North,Supermarket,30.0,UPI,4,Bansal Emporium,83.02,12
4484,Premium & Jewelry,Sterling Silver,2026,1,No,Tuesday,West,Supermarket,31.6,Cash,10,Bhatia Rakhi Hub 80,743.62,29
5221,Premium & Jewelry,Sterling Silver,2026,6,yES,Saturday,North,Online,37.0,UPI,2,Bansal Rakhi Hub 217,720.09,6
72,Kids & Cartoon,Silk Thread,2026,7,nO,Thursday,West,Supermarket,30.4,UPI,1,Sethi Rakhi Hub 22,17.35,4
3952,Eco-Friendly,Sandalwood (Chandan),2026,6,nO,Friday,West,Local Street Vendor,32.8,UPI,2,Kapoor Festive Mart,47.48,8
4061,Eco-Friendly,Sandalwood (Chandan),2026,1,No,Tuesday,West,Supermarket,20.3,Cash,12,Bhatia Rakhi Hub 204,66.68,51
5315,Kids & Cartoon,Silk Thread,2026,7,No,Thursday,North,Local Street Vendor,33.5,Cash,2,Mehra Rakhi Hub 240,17.24,7
2888,Eco-Friendly,Sandalwood (Chandan),2026,6,No,Monday,North,Online,33.2,Credit Card,4,Mehra Rakhi Hub 207,73.2,18
4130,Eco-Friendly,Sandalwood (Chandan),2026,4,No,Thursday,North,Local Street Vendor,32.0,UPI,2,Chawla Rakhi Hub 295,41.63,11
1261,Premium & Jewelry,Sandalwood (Chandan),2026,5,Yes,Sunday,Central,Supermarket,33.1,Credit Card,9,Khanna Rakhi Bazaar,196.74,22
1667,Eco-Friendly,Sandalwood (Chandan),2026,3,No,Friday,Central,Online,37.6,UPI,7,Sethi Rakhi Point,83.46,30
4399,Premium & Jewelry,Sandalwood (Chandan),2026,2,No,Friday,Central,Supermarket,27.0,Cash,7,Sharma Rakhi Hub 78,189.91,26
4040,Eco-Friendly,Sandalwood (Chandan),2026,6,No,Thursday,,Local Street Vendor,30.3,Credit Card,4,Kapoor Rakhi Hub 97,39.27,16
4253,Premium & Jewelry,Sandalwood (Chandan),2026,6,No,Friday,Central,Supermarket,38.6,Cash,2,Tandon Festive Mart,150.49,12
4993,Eco-Friendly,Sandalwood (Chandan),2026,2,No,Tuesday,West,Online,34.5,UPI,3,Goel Rakhi Hub 181,52.25,13
2168,Kids & Cartoon,Sandalwood (Chandan),2026,5,Yes,Saturday,North,Supermarket,29.9,Credit Card,7,Gupta Rakhi Hub 68,26.05,16
825,Eco-Friendly,Sandalwood (Chandan),2026,6,nO,Thursday,Central,Local Street Vendor,34.8,Cash,4,Sharma Traditions,56.32,11
2534,Premium & Jewelry,Sandalwood (Chandan),2026,5,yES,Sunday,North,Online,30.4,UPI,3,Nanda Rakhi Hub 206,236.72,13
1696,Kids & Cartoon,Silk Thread,2026,6,No,Monday,North,Supermarket,30.0,Cash,4,Bansal Rakhi Hub 134,14.99,19
1096,Kids & Cartoon,Silk Thread,2026,2,Yes,Sunday,Central,Online,33.4,Credit Card,9,Mehra Handicrafts,18.04,22
4844,Kids & Cartoon,Silk Thread,2026,4,No,Monday,Central,Online,29.8,UPI,2,Verma Rakhi & Gifts,19.06,9
5862,Premium & Jewelry,Sandalwood (Chandan),2026,3,No,Wednesday,Central,Local Street Vendor,,Cash,5,Sharma Rakhi Hub 180,153.54,25
3752,Kids & Cartoon,Silk Thread,2026,2,No,Tuesday,West,Local Street Vendor,30.7,UPI,24,Bansal Rakhi Hub 13,11.17,77
1631,Kids & Cartoon,Silk Thread,2026,4,Yes,Sunday,Central,Supermarket,29.6,Cash,10,Verma Rakhi Point,18.91,28
4907,Eco-Friendly,Sandalwood (Chandan),2026,4,No,Friday,North,Supermarket,30.8,Cash,3,Sethi Festive Mart,69.49,15
1882,Kids & Cartoon,Sterling Silver,2026,5,#Yes,Saturday,West,Supermarket,29.3,Cash,10,Bansal Handicrafts,112.63,28
4523,Eco-Friendly,Sterling Silver,2026,2,Yes,Sunday,,Supermarket,30.1,Credit Card,8,Kapoor Rakhi Hub 270,250.95,24
5370,Kids & Cartoon,Silk Thread,2026,3,No,Thursday,Central,Online,29.1,UPI,13,Malhotra Rakhi Point,23.97,41
1613,Eco-Friendly,Sandalwood (Chandan),2026,3,Yes,Saturday,North,Local Street Vendor,39.9,Cash,3,Bhatia Rakhi Hub 29,50.01,12
979,Kids & Cartoon,Silk Thread,2026,6,Yes,Saturday,North,Supermarket,31.0,Cash,1,Mehra Rakhi Hub 110,14.91,5
3995,Premium & Jewelry,Sterling Silver,2026,6,No,Wednesday,Central,Local Street Vendor,29.7,UPI,1,Sethi Rakhi Hub 113,481.29,4
5694,Eco-Friendly,Silk Thread,2026,2,No,Friday,West,Online,34.4,Cash,19,Kapoor Gift House,33.31,55
5948,Kids & Cartoon,Silk Thread,2026,6,No,Tuesday,West,Supermarket,28.1,Cash,9,Mehra Rakhi Hub 167,18.2,29
849,Premium & Jewelry,Sterling Silver,2026,7,nO,Thursday,East,Online,32.7,UPI,2,Bansal Rakhi Point,822.22,12
3774,Eco-Friendly,Sandalwood (Chandan),2026,7,No,Tuesday,Central,Supermarket,29.3,Cash,2,Gupta Rakhi Hub 282,76.48,14
3663,Eco-Friendly,Silk Thread,2026,7,nO,Tuesday,North,Supermarket,32.9,UPI,7,Kapoor Rakhi Bazaar,39.48,25
2272,Kids & Cartoon,Silk Thread,2026,7,nO,Monday,North,Local Street Vendor,29.0,Cash,5,Mehra Rakhi Hub 240,12.33,19
2393,Kids & Cartoon,Silk Thread,2026,7,nO,Tuesday,West,Supermarket,31.2,Cash,2,Chawla Rakhi Hub 269,15.62,7
5727,Kids & Cartoon,Silk Thread,2026,7,No,Tuesday,West,Local Street Vendor,28.8,Cash,4,Chawla Rakhi Hub 125,12.57,13
1831,Kids & Cartoon,Sandalwood (Chandan),2026,2,yES,Saturday,Central,Online,34.9,UPI,12,Aggarwal Rakhi Hub 234,34.55,37
2761,Kids & Cartoon,Silk Thread,2026,2,No,Friday,West,Online,29.5,UPI,3,Khanna Rakhi Hub 271,25.22,14
48,Premium & Jewelry,Sterling Silver,2026,1,Yes,Sunday,North,Supermarket,29.6,Credit Card,39,Arora Emporium,557.72,171
1291,Kids & Cartoon,Silk Thread,2026,5,Yes,Saturday,West,Local Street Vendor,32.6,Cash,5,Khanna Rakhi Hub 121,11.22,11
1351,Eco-Friendly,Sterling Silver,2026,1,Yes,Saturday,North,Supermarket,33.1,Cash,9,Bansal Gift House,224.69,41
2121,Premium & Jewelry,Sterling Silver,2026,2,#Yes,Sunday,East,Supermarket,28.6,Credit Card,6,Jain Rakhi Hub 37,707.18,20
3081,Premium & Jewelry,Sterling Silver,2026,1,No,Thursday,Central,Supermarket,32.6,UPI,10,Bansal Rakhi Hub 91,638.87,57
447,Eco-Friendly,Sandalwood (Chandan),2026,1,No,Monday,West,Supermarket,28.7,UPI,7,Bhatia Rakhi Hub 266,64.68,24
2249,Kids & Cartoon,Silk Thread,2026,6,No,Thursday,Central,Local Street Vendor,29.5,Credit Card,5,Tandon Rakhi Hub 20,14.58,30
1744,Eco-Friendly,Sandalwood (Chandan),2026,1,No,Tuesday,East,Supermarket,28.3,Cash,3,Gupta Rakhi Hub 291,62.72,17
845,Premium & Jewelry,Sterling Silver,2026,7,No,Wednesday,East,Local Street Vendor,30.7,UPI,5,Jain Rakhi Store,356.63,16
5157,Kids & Cartoon,Sandalwood (Chandan),2026,5,Yes,Sunday,Central,Local Street Vendor,27.1,Cash,13,Kapoor Rakhi Corner,23.27,37
2861,Kids & Cartoon,Silk Thread,2026,4,No,Wednesday,,Local Street Vendor,28.8,Credit Card,3,Gupta Rakhi Hub 7,13.0,10
5545,Kids & Cartoon,Silk Thread,2026,4,Yes,Sunday,West,Supermarket,29.0,Credit Card,5,Mehra Rakhi Hub 183,18.58,16
2441,Eco-Friendly,Sandalwood (Chandan),2026,5,Yes,Saturday,East,Local Street Vendor,32.2,UPI,2,Sethi Rakhi Hub 11,42.07,6
679,Premium & Jewelry,Sterling Silver,2026,1,No,Friday,West,Online,32.1,UPI,17,Chawla Gift House,604.2,60
601,Kids & Cartoon,Sterling Silver,2026,4,Yes,Saturday,West,Local Street Vendor,30.0,Cash,4,Jain Rakhi Point,64.44,15
4507,Kids & Cartoon,Silk Thread,2026,4,No,Tuesday,West,Supermarket,31.3,Cash,10,Verma Rakhi Hub 236,17.98,34
1295,Kids & Cartoon,Silk Thread,2026,5,No,Friday,West,Online,34.0,Cash,9,Jain Rakhi Hub 150,19.27,33
2760,Kids & Cartoon,Silk Thread,2026,7,yES,Saturday,West,Supermarket,31.5,Cash,2,Kapoor Rakhi Bazaar,20.64,5
3847,Eco-Friendly,Sandalwood (Chandan),2026,5,No,Tuesday,Central,Supermarket,36.4,Cash,5,Sharma Traditions,66.88,15
4594,Premium & Jewelry,Sterling Silver,2026,1,Yes,Sunday,North,Supermarket,38.5,Cash,6,Bansal Rakhi Store,574.22,30
3895,Eco-Friendly,Sandalwood (Chandan),2026,5,No,Friday,West,Supermarket,33.6,Cash,4,Chawla Rakhi Hub 104,50.36,12
5729,Eco-Friendly,Sandalwood (Chandan),2026,5,No,Monday,Central,Supermarket,27.8,Cash,6,Goel Rakhi Hub 105,83.28,18
5910,Premium & Jewelry,Sterling Silver,2026,6,nO,Wednesday,Central,Supermarket,28.1,Credit Card,2,Tandon Rakhi Hub 60,590.83,12
1113,Kids & Cartoon,Silk Thread,2026,7,No,Tuesday,West,Online,35.4,UPI,2,Tandon Rakhi Hub 163,20.36,6
777,Kids & Cartoon,Silk Thread,2026,6,Yes,Sunday,Central,Supermarket,32.6,Cash,4,Mehra Rakhi Hub 167,19.73,19
2033,Kids & Cartoon,Silk Thread,2026,7,No,Wednesday,Central,Local Street Vendor,34.2,Cash,2,Gupta Rakhi Bazaar,13.79,6
2232,Kids & Cartoon,Silk Thread,2026,6,No,Wednesday,East,Local Street Vendor,28.1,Cash,4,Bansal Rakhi Hub 288,17.44,13
2229,Premium & Jewelry,Sandalwood (Chandan),2026,4,nO,Monday,Central,Supermarket,24.0,Credit Card,2,Mehra Emporium,224.05,7
2154,Eco-Friendly,Sandalwood (Chandan),2026,4,No,Friday,West,Local Street Vendor,32.8,Cash,2,Nanda Rakhi Hub 279,44.17,8
5447,Eco-Friendly,Sandalwood (Chandan),2026,7,#Yes,Sunday,North,Supermarket,26.6,Credit Card,5,Kapoor Rakhi Hub 257,61.24,18
5075,Eco-Friendly,Sandalwood (Chandan),2026,5,yES,Sunday,West,Local Street Vendor,29.1,Cash,6,Saxena Handicrafts,43.34,16
4765,Kids & Cartoon,Silk Thread,2026,6,nO,Thursday,Central,Supermarket,37.5,Credit Card,6,Goel Rakhi Hub 116,17.5,17
1367,Premium & Jewelry,Sterling Silver,2026,7,No,Monday,East,Local Street Vendor,33.1,Credit Card,2,Arora Rakhi Hub 235,539.68,9
1470,Premium & Jewelry,Sterling Silver,2026,6,Yes,Saturday,Central,Supermarket,29.0,Cash,4,Malhotra Rakhi Hub 38,538.17,15
1852,Eco-Friendly,Sandalwood (Chandan),2026,1,nO,Wednesday,Central,Online,30.4,Cash,8,Sethi Rakhi Hub 160,75.29,27
1964,Premium & Jewelry,Silk Thread,2026,1,nO,Thursday,North,Supermarket,33.8,Credit Card,3,Sethi Rakhi Hub 11,522.17,16
2927,Kids & Cartoon,Silk Thread,2026,5,No,Friday,North,Supermarket,34.3,Cash,5,Khanna Rakhi Hub 203,20.5,19
5952,Kids & Cartoon,Silk Thread,2026,6,No,Friday,West,Supermarket,26.4,Credit Card,4,Gupta Rakhi Hub 139,17.52,20
4713,Kids & Cartoon,Silk Thread,2026,4,nO,Wednesday,West,Local Street Vendor,32.5,UPI,2,Chopra Rakhi Hub 216,11.84,10
3888,Eco-Friendly,Sandalwood (Chandan),2026,2,yES,Sunday,West,Supermarket,28.9,Cash,11,Sethi Rakhi Hub 173,75.67,27
486,Kids & Cartoon,Silk Thread,2026,4,nO,Monday,West,Online,29.7,Credit Card,12,Arora Rakhi Hub 140,24.47,38
2240,Kids & Cartoon,Silk Thread,2026,5,Yes,Saturday,West,Local Street Vendor,29.7,Credit Card,3,Chopra Rakhi Hub 12,13.15,8
4052,Kids & Cartoon,Sterling Silver,2026,3,#Yes,Sunday,,Local Street Vendor,32.6,Credit Card,21,Sethi Rakhi Hub 175,69.58,56
3102,Premium & Jewelry,Sterling Silver,2026,2,No,Tuesday,Central,Online,27.5,Cash,12,Nanda Rakhi Hub 21,659.92,51
2059,Premium & Jewelry,Silk Thread,2026,7,No,Monday,West,Supermarket,31.4,Credit Card,2,Malhotra Rakhi Hub 281,106.02,11
564,Kids & Cartoon,Sandalwood (Chandan),2026,7,No,Thursday,West,Online,29.5,Cash,2,Khanna Traditions,29.91,6
31,Eco-Friendly,Sandalwood (Chandan),2026,4,No,Tuesday,West,Local Street Vendor,36.2,Credit Card,6,Sethi Handicrafts,45.39,21
1880,Kids & Cartoon,Sandalwood (Chandan),2026,3,No,Wednesday,East,Online,30.3,UPI,4,Arora Festive Mart,28.12,28
5808,Eco-Friendly,Sandalwood (Chandan),2026,3,No,Thursday,Central,Local Street Vendor,31.4,UPI,4,Jain Rakhi Point,59.63,17
4276,Premium & Jewelry,Sterling Silver,2026,7,yES,Saturday,,Online,25.7,Credit Card,1,Sethi Rakhi Hub 276,811.54,4
3129,Kids & Cartoon,Silk Thread,2026,3,No,Friday,West,Supermarket,25.7,Cash,29,Khanna Emporium,17.88,143
3400,Kids & Cartoon,Silk Thread,2026,1,No,Monday,North,Local Street Vendor,32.8,Credit Card,5,Verma Rakhi Store,11.29,19
5171,Eco-Friendly,Silk Thread,2026,4,No,Thursday,North,Supermarket,,UPI,2,Kapoor Rakhi Hub 258,29.09,10
1990,Premium & Jewelry,Sandalwood (Chandan),2026,6,nO,Tuesday,North,Local Street Vendor,35.0,Credit Card,3,Kapoor Festive Mart,166.65,13
1037,Kids & Cartoon,Silk Thread,2026,4,Yes,Saturday,West,Supermarket,29.1,Cash,4,Jain Traditions,14.36,18
637,Kids & Cartoon,Silk Thread,2026,1,No,Tuesday,East,Local Street Vendor,33.6,UPI,12,Malhotra Rakhi Point,11.84,47
5999,Eco-Friendly,Sandalwood (Chandan),2026,6,No,Wednesday,East,Supermarket,29.3,Credit Card,5,Gupta Festive Mart,65.02,17
3048,Kids & Cartoon,Silk Thread,2026,2,nO,Thursday,North,Online,25.8,UPI,20,Khanna Rakhi Hub 164,23.45,74
1084,Eco-Friendly,Silk Thread,2026,4,No,Thursday,East,Online,35.6,Cash,7,Malhotra Emporium,35.08,37
2616,Kids & Cartoon,Silk Thread,2026,2,No,Thursday,West,Online,31.1,Cash,14,Saxena Festive Mart,22.2,66
862,Eco-Friendly,Sandalwood (Chandan),2026,2,No,Wednesday,East,Supermarket,31.6,UPI,5,Malhotra Rakhi Point,73.95,27
4036,Kids & Cartoon,Sandalwood (Chandan),2026,3,No,Thursday,North,Supermarket,32.1,UPI,5,Chawla Rakhi & Gifts,28.57,17
904,Kids & Cartoon,Silk Thread,2026,6,nO,Thursday,North,Online,31.4,Cash,4,Gupta Gift House,18.7,12
2832,Kids & Cartoon,Silk Thread,2026,3,Yes,Sunday,West,Online,31.3,UPI,11,Nanda Rakhi Hub 28,22.41,29
110,Eco-Friendly,Sandalwood (Chandan),2026,7,No,Thursday,North,Supermarket,32.2,Cash,2,Jain Emporium,69.85,6
3931,Kids & Cartoon,Silk Thread,2026,4,No,Wednesday,West,Supermarket,22.2,Cash,6,Kapoor Gift House,18.88,35
3851,Kids & Cartoon,Silk Thread,2026,1,yES,Sunday,West,Supermarket,37.2,Cash,9,Mehra Rakhi Hub 256,21.82,26
1572,Kids & Cartoon,Sandalwood (Chandan),2026,3,No,Tuesday,Central,Online,33.8,Cash,9,Bhatia Rakhi Hub 266,39.47,37
1219,Kids & Cartoon,Silk Thread,2026,2,No,Monday,North,Supermarket,32.6,UPI,4,Chawla Rakhi Bazaar,19.27,15
2704,Eco-Friendly,Sandalwood (Chandan),2026,7,Yes,Sunday,,Supermarket,30.1,Credit Card,12,Bansal Emporium,54.71,34
3,Eco-Friendly,Sandalwood (Chandan),2026,5,yES,Saturday,West,Local Street Vendor,43.0,Credit Card,6,Chawla Rakhi Hub 245,48.05,22
5880,Premium & Jewelry,Sterling Silver,2026,2,Yes,Sunday,Central,Online,30.1,Cash,22,Sethi Rakhi Hub 280,992.06,64
1832,Eco-Friendly,Sandalwood (Chandan),2026,7,nO,Wednesday,East,Supermarket,34.6,Credit Card,5,Aggarwal Rakhi Corner,62.4,15
5555,Kids & Cartoon,Silk Thread,2026,3,Yes,Saturday,East,Supermarket,30.8,Cash,9,Verma Rakhi & Gifts,16.8,30
5038,Premium & Jewelry,Sterling Silver,2026,1,No,Friday,West,Online,36.0,Cash,6,Nanda Gift House,648.43,24
783,Kids & Cartoon,Silk Thread,2026,3,No,Monday,Central,Supermarket,30.6,Cash,8,Mehra Gift House,17.38,25
3531,Premium & Jewelry,Sterling Silver,2026,3,nO,Tuesday,North,Online,30.9,UPI,29,Goel Rakhi Hub 54,871.27,107
2598,Kids & Cartoon,Silk Thread,2026,4,nO,Friday,West,Supermarket,32.9,Credit Card,3,Gupta Rakhi Hub 152,14.11,19
3654,Premium & Jewelry,Sterling Silver,2026,3,Yes,Saturday,Central,Local Street Vendor,28.9,Cash,5,Kapoor Handicrafts,613.33,19
4853,Eco-Friendly,Sandalwood (Chandan),2026,5,No,Wednesday,West,Online,29.9,Cash,10,Gupta Rakhi Hub 297,83.34,28
2827,Kids & Cartoon,Silk Thread,2026,7,Yes,Saturday,North,Local Street Vendor,35.2,Cash,6,Goel Rakhi Hub 105,14.19,16
3910,Eco-Friendly,Sandalwood (Chandan),2026,7,No,Friday,West,Local Street Vendor,28.1,Cash,2,Malhotra Rakhi Corner,52.47,6
1826,Premium & Jewelry,Sterling Silver,2026,3,No,Wednesday,North,Supermarket,40.3,Cash,5,Rastogi Gift House,642.12,20
2618,Eco-Friendly,Sandalwood (Chandan),2026,2,#Yes,Sunday,West,Online,29.8,Cash,7,Bhatia Rakhi Store,81.09,25
5520,Kids & Cartoon,Silk Thread,2026,3,nO,Tuesday,North,Supermarket,27.4,Cash,5,Jain Festive Mart,14.61,21
1095,Kids & Cartoon,Silk Thread,2026,2,No,Thursday,Central,Supermarket,35.6,Credit Card,4,Nanda Rakhi Hub 129,18.7,13
5621,Kids & Cartoon,Silk Thread,2026,6,Yes,Sunday,West,Supermarket,26.4,UPI,5,Sethi Rakhi Hub 238,17.41,12
5688,Premium & Jewelry,Sterling Silver,2026,5,#Yes,Saturday,East,Online,28.1,UPI,6,Sethi Rakhi Hub 160,729.6,20
3383,Eco-Friendly,Sandalwood (Chandan),2026,5,Yes,Sunday,West,Local Street Vendor,37.3,Credit Card,13,Goel Rakhi Hub 105,49.46,66
4875,Kids & Cartoon,Sandalwood (Chandan),2026,6,Yes,Saturday,West,Local Street Vendor,27.0,Credit Card,2,Gupta Rakhi Hub 282,28.42,7
3951,Kids & Cartoon,Sterling Silver,2026,7,No,Tuesday,North,Local Street Vendor,27.3,Cash,2,Mehra Festive Mart,89.98,12
2866,Premium & Jewelry,Sterling Silver,2026,3,No,Tuesday,West,Local Street Vendor,28.6,Credit Card,3,Sethi Rakhi Hub 280,618.89,13
1655,Eco-Friendly,Silk Thread,2026,7,yES,Sunday,West,Local Street Vendor,35.6,UPI,4,Jain Rakhi Point,22.11,20
1626,Eco-Friendly,Silk Thread,2026,1,No,Friday,West,Local Street Vendor,34.0,Cash,3,Jain Rakhi Hub 87,29.18,10
3696,Kids & Cartoon,Silk Thread,2026,2,No,Wednesday,West,Supermarket,30.6,UPI,6,Kapoor Rakhi Bazaar,22.47,38
2324,Premium & Jewelry,Sandalwood (Chandan),2026,2,Yes,Sunday,Central,Online,30.5,Credit Card,14,Tandon Rakhi Hub 62,196.53,33
2414,Kids & Cartoon,Silk Thread,2026,3,Yes,Saturday,West,Local Street Vendor,31.1,Cash,5,Kapoor Rakhi Hub 66,10.55,27
4489,Premium & Jewelry,Sandalwood (Chandan),2026,5,Yes,Saturday,,Local Street Vendor,,Cash,4,Arora Rakhi Hub 117,123.59,18
2655,Kids & Cartoon,Silk Thread,2026,3,Yes,Sunday,Central,Supermarket,29.8,Credit Card,10,Goel Rakhi Hub 133,18.92,35
3019,Kids & Cartoon,Silk Thread,2026,2,No,Thursday,East,Supermarket,33.0,Cash,12,Nanda Rakhi Hub 229,15.36,34
2679,Eco-Friendly,Sandalwood (Chandan),2026,2,No,Tuesday,Central,Local Street Vendor,28.0,Credit Card,5,Tandon Rakhi Hub 142,51.65,14
4539,Premium & Jewelry,Sterling Silver,2026,2,Yes,Saturday,East,Local Street Vendor,26.3,Cash,12,Arora Festive Mart,395.56,10
5214,Eco-Friendly,Silk Thread,2026,2,No,Friday,,Local Street Vendor,31.1,Cash,5,Kapoor Rakhi Hub 63,26.72,16
5577,Eco-Friendly,Sandalwood (Chandan),2026,1,Yes,Saturday,East,Local Street Vendor,30.6,UPI,4,Kapoor Gift House,48.87,17
5010,Kids & Cartoon,Silk Thread,2026,5,yES,Saturday,North,Online,31.8,Credit Card,12,Sharma Rakhi Hub 185,20.19,28
592,Kids & Cartoon,Silk Thread,2026,6,Yes,Sunday,East,Local Street Vendor,29.1,Cash,5,Sethi Rakhi Hub 174,13.61,14
179,Eco-Friendly,Sandalwood (Chandan),2026,5,No,Tuesday,North,Online,28.7,UPI,9,Sethi Gift House,66.06,26
5504,Kids & Cartoon,Silk Thread,2026,2,No,Friday,East,Local Street Vendor,29.7,Credit Card,9,Aggarwal Festive Mart,11.68,30
5683,Premium & Jewelry,Sandalwood (Chandan),2026,4,No,Monday,East,Supermarket,31.1,Credit Card,7,Nanda Rakhi Hub 195,200.83,39
3341,Kids & Cartoon,Silk Thread,2026,4,nO,Thursday,West,Supermarket,31.1,Cash,6,Mehra Rakhi Hub 148,15.3,31
1205,Premium & Jewelry,Sterling Silver,2026,2,No,Tuesday,Central,Supermarket,38.2,UPI,4,Jain Rakhi Hub 202,758.57,22
2203,Eco-Friendly,Silk Thread,2026,6,No,Wednesday,West,Local Street Vendor,30.6,Cash,10,Saxena Rakhi Hub 192,30.01,44
5408,Premium & Jewelry,Sterling Silver,2026,1,No,Friday,North,Online,33.8,Credit Card,8,Bhatia Rakhi Hub 204,626.36,36
4549,Eco-Friendly,Sandalwood (Chandan),2026,2,No,Thursday,North,Supermarket,30.8,Credit Card,5,Gupta Rakhi Hub 165,69.97,29
4030,Eco-Friendly,Sandalwood (Chandan),2026,6,No,Friday,East,Local Street Vendor,30.2,Credit Card,2,Verma Rakhi Hub 264,50.52,11
4034,Kids & Cartoon,Silk Thread,2026,3,nO,Tuesday,North,Local Street Vendor,30.8,Cash,4,Sharma Rakhi Hub 84,18.82,12
4970,Kids & Cartoon,Silk Thread,2026,4,#Yes,Sunday,North,Online,35.9,Cash,6,Kapoor Rakhi Hub 258,16.2,15
3955,Premium & Jewelry,Sterling Silver,2026,4,No,Monday,East,Local Street Vendor,34.3,Credit Card,1,Arora Rakhi Hub 169,611.3,8
1771,Kids & Cartoon,Silk Thread,2026,1,No,Friday,East,Local Street Vendor,31.8,Credit Card,5,Kapoor Rakhi Hub 270,13.76,29
830,Premium & Jewelry,Silk Thread,2026,5,Yes,Sunday,Central,Local Street Vendor,25.4,Cash,2,Sharma Rakhi Hub 59,78.41,11
942,Eco-Friendly,Sandalwood (Chandan),2026,6,No,Monday,Central,Local Street Vendor,35.1,Cash,6,Nanda Rakhi & Gifts,47.38,18
3170,Kids & Cartoon,Silk Thread,2026,4,No,Wednesday,,Supermarket,20.0,Cash,3,Gupta Rakhi Hub 139,19.3,9
2487,Eco-Friendly,Sandalwood (Chandan),2026,1,No,Monday,East,Supermarket,25.5,UPI,23,Verma Traditions,73.29,74
628,Premium & Jewelry,Sterling Silver,2026,4,No,Thursday,West,Local Street Vendor,34.9,Cash,3,Goel Rakhi Store,551.92,12
3012,Eco-Friendly,Sandalwood (Chandan),2026,5,No,Friday,Central,Local Street Vendor,29.4,Cash,6,Kapoor Rakhi Hub 66,45.09,23
4717,Kids & Cartoon,Silk Thread,2026,1,No,Wednesday,West,Online,29.6,UPI,5,Mehra Rakhi Point,17.03,35
926,Premium & Jewelry,Sterling Silver,2026,1,No,Monday,North,Local Street Vendor,27.5,Cash,5,Rastogi Emporium,752.87,28
296,Eco-Friendly,Sandalwood (Chandan),2026,6,Yes,Saturday,North,Supermarket,31.9,Credit Card,2,Goel Gift House,54.98,7
1053,Premium & Jewelry,Sterling Silver,2026,1,No,Wednesday,West,Local Street Vendor,33.4,Credit Card,4,Saxena Rakhi Hub 222,431.53,15
2708,Premium & Jewelry,Sterling Silver,2026,6,Yes,Saturday,Central,Local Street Vendor,31.1,Cash,4,Nanda Rakhi Hub 98,535.66,10
3214,Kids & Cartoon,Silk Thread,2026,1,Yes,Saturday,Central,Online,32.5,UPI,14,Sethi Rakhi Hub 242,18.96,48
4570,Kids & Cartoon,Sandalwood (Chandan),2026,4,nO,Friday,East,Online,46.8,Credit Card,3,Jain Rakhi Hub 150,36.56,15
2868,Kids & Cartoon,Silk Thread,2026,5,Yes,Sunday,East,Local Street Vendor,29.1,Cash,3,Gupta Rakhi Hub 165,11.23,9
2790,Kids & Cartoon,Silk Thread,2026,1,Yes,Sunday,East,Supermarket,30.3,Cash,6,Chawla Rakhi Hub 155,16.19,20
945,Kids & Cartoon,Silk Thread,2026,5,Yes,Saturday,East,Online,30.2,UPI,3,Nanda Rakhi Hub 195,17.18,12
981,Eco-Friendly,Sandalwood (Chandan),2026,4,Yes,Saturday,North,Supermarket,29.9,UPI,7,Sharma Rakhi Hub 259,69.36,31
2994,Kids & Cartoon,Silk Thread,2026,2,Yes,Saturday,East,Local Street Vendor,31.8,UPI,16,Tandon Rakhi Corner,11.79,39
13,Kids & Cartoon,Sterling Silver,2026,4,No,Tuesday,,Local Street Vendor,27.1,UPI,7,Sethi Rakhi & Gifts,60.3,24
1118,Eco-Friendly,Sandalwood (Chandan),2026,5,No,Monday,North,Supermarket,36.3,Cash,10,Sethi Rakhi Hub 276,61.96,29
5835,Kids & Cartoon,Silk Thread,2026,2,Yes,Sunday,West,Local Street Vendor,29.6,UPI,1,Nanda Rakhi Hub 279,14.38,7
1856,Eco-Friendly,Sandalwood (Chandan),2026,1,No,Wednesday,Central,Local Street Vendor,32.7,Credit Card,7,Jain Emporium,55.01,34
5486,Eco-Friendly,Sandalwood (Chandan),2026,6,No,Friday,North,Online,28.3,Cash,2,Rastogi Rakhi Hub 5,63.97,7
3122,Kids & Cartoon,Sandalwood (Chandan),2026,1,Yes,Sunday,West,Online,29.6,Cash,5,Saxena Rakhi & Gifts,39.52,20
4873,Kids & Cartoon,Silk Thread,2026,6,No,Monday,East,Supermarket,26.9,Credit Card,6,Gupta Rakhi Hub 152,17.88,32
1320,Eco-Friendly,Sandalwood (Chandan),2026,2,Yes,Saturday,East,Local Street Vendor,28.2,UPI,9,Arora Rakhi Hub 140,55.17,20
780,Eco-Friendly,Sandalwood (Chandan),2026,6,nO,Monday,North,Local Street Vendor,27.1,Credit Card,4,Sharma Rakhi Corner,50.31,13
4180,Eco-Friendly,Sandalwood (Chandan),2026,2,Yes,Sunday,East,Local Street Vendor,36.3,UPI,7,Nanda Rakhi Hub 21,57.23,18
5620,Premium & Jewelry,Sterling Silver,2026,1,No,Friday,West,Local Street Vendor,37.9,UPI,9,Chopra Rakhi Hub 12,513.1,30
3618,Premium & Jewelry,Sterling Silver,2026,5,No,Thursday,East,Local Street Vendor,39.1,UPI,1,Chawla Rakhi & Gifts,479.81,7
3766,Eco-Friendly,Sandalwood (Chandan),2026,4,No,Thursday,North,Local Street Vendor,27.1,Cash,5,Verma Rakhi Hub 30,57.04,17
434,Eco-Friendly,Sandalwood (Chandan),2026,3,nO,Thursday,West,Local Street Vendor,27.7,Credit Card,2,Malhotra Rakhi Bazaar,55.27,7
654,Premium & Jewelry,Sterling Silver,2026,5,yES,Saturday,East,Local Street Vendor,31.5,UPI,5,Bhatia Gift House,450.22,13
2478,Premium & Jewelry,Sterling Silver,2026,2,No,Thursday,East,Supermarket,30.0,Cash,8,Bhatia Rakhi Hub 2,632.46,28
5268,Eco-Friendly,Sandalwood (Chandan),2026,6,No,Monday,North,Local Street Vendor,36.2,Cash,2,Jain Rakhi Hub 119,37.17,11
5936,Kids & Cartoon,Silk Thread,2026,3,nO,Thursday,East,Local Street Vendor,32.4,UPI,6,Arora Rakhi Corner,13.0,22
4830,Eco-Friendly,Sandalwood (Chandan),2026,1,No,Monday,East,Online,32.9,Cash,6,Nanda Handicrafts,78.41,21
4623,Kids & Cartoon,Sandalwood (Chandan),2026,5,No,Friday,East,Supermarket,36.2,Cash,8,Malhotra Gift House,36.81,30
3056,Kids & Cartoon,Sandalwood (Chandan),2026,1,Yes,Sunday,West,Supermarket,28.2,UPI,6,Tandon Rakhi Hub 20,32.53,25
2845,Premium & Jewelry,Silk Thread,2026,1,No,Thursday,,Supermarket,30.2,Cash,7,Sharma Rakhi Hub 78,110.15,36
4049,Kids & Cartoon,Sandalwood (Chandan),2026,3,#Yes,Saturday,West,Online,30.3,Cash,6,Bhatia Rakhi Hub 254,31.67,15
2887,Premium & Jewelry,Sterling Silver,2026,1,No,Tuesday,West,Local Street Vendor,35.7,Cash,6,Mehra Rakhi Hub 110,477.99,20
5950,Kids & Cartoon,Silk Thread,2026,1,Yes,Saturday,North,Online,38.6,UPI,5,Saxena Rakhi Hub 43,18.4,25
4783,Eco-Friendly,Silk Thread,2026,5,Yes,Sunday,Central,Local Street Vendor,35.7,Cash,5,Chawla Emporium,28.95,12
5838,Kids & Cartoon,Sandalwood (Chandan),2026,6,No,Wednesday,North,Supermarket,27.6,UPI,4,Bhatia Rakhi Hub 300,22.53,12
3707,Kids & Cartoon,Silk Thread,2026,6,No,Tuesday,West,Online,30.6,UPI,1,Saxena Rakhi Hub 17,19.23,6
2985,Premium & Jewelry,Sterling Silver,2026,4,No,Tuesday,West,Online,32.7,Cash,4,Bhatia Rakhi Hub 3,944.76,22
5567,Kids & Cartoon,Silk Thread,2026,6,No,Monday,West,Local Street Vendor,36.7,Cash,5,Sharma Rakhi Hub 56,15.5,15
571,Kids & Cartoon,Silk Thread,2026,2,Yes,Sunday,North,Local Street Vendor,29.6,UPI,7,Rastogi Rakhi Hub 143,12.25,19
1449,Kids & Cartoon,Silk Thread,2026,1,Yes,Saturday,East,Supermarket,26.2,Credit Card,16,Rastogi Rakhi Hub 77,14.75,67
5063,Kids & Cartoon,Silk Thread,2026,2,Yes,Sunday,West,Local Street Vendor,40.8,Credit Card,8,Saxena Rakhi & Gifts,12.75,31
4054,Kids & Cartoon,Silk Thread,2026,4,No,Friday,,Local Street Vendor,31.1,Cash,5,Sethi Handicrafts,9.76,16
4856,Eco-Friendly,Silk Thread,2026,1,Yes,Saturday,Central,Supermarket,34.4,UPI,13,Arora Festive Mart,33.35,36
4101,Premium & Jewelry,Sandalwood (Chandan),2026,6,Yes,Saturday,West,Local Street Vendor,31.8,Cash,5,Sethi Rakhi Hub 10,189.7,12
1746,Kids & Cartoon,Silk Thread,2026,1,No,Thursday,West,Local Street Vendor,30.2,Credit Card,13,Goel Rakhi Hub 277,15.87,50
2742,Eco-Friendly,Sandalwood (Chandan),2026,1,No,Tuesday,North,Local Street Vendor,31.3,Cash,6,Khanna Rakhi Hub 293,50.21,25
1591,Premium & Jewelry,Sterling Silver,2026,2,No,Friday,Central,Local Street Vendor,33.1,Cash,11,Jain Rakhi Hub 197,430.89,32
3821,Eco-Friendly,Sandalwood (Chandan),2026,3,yES,Sunday,East,Online,30.7,UPI,8,Kapoor Rakhi Hub 270,71.25,26
288,Kids & Cartoon,Sandalwood (Chandan),2026,2,Yes,Sunday,,Local Street Vendor,34.9,Cash,15,Kapoor Rakhi Hub 63,25.54,45
1739,Kids & Cartoon,Silk Thread,2026,4,nO,Wednesday,North,Online,34.5,Credit Card,34,Nanda Rakhi Point,15.17,178
5024,Kids & Cartoon,Silk Thread,2026,7,Yes,Saturday,North,Local Street Vendor,34.8,Cash,2,Rastogi Rakhi Point,10.3,7
2966,Kids & Cartoon,Silk Thread,2026,2,No,Wednesday,North,Local Street Vendor,28.1,Credit Card,3,Verma Rakhi Hub 236,13.56,16
3434,Premium & Jewelry,Sterling Silver,2026,5,No,Tuesday,North,Supermarket,28.7,Cash,10,Malhotra Rakhi Corner,586.3,62
4968,Kids & Cartoon,Sandalwood (Chandan),2026,2,Yes,Sunday,East,Online,39.8,Credit Card,13,Goel Rakhi Hub 52,37.21,40
925,Premium & Jewelry,Sterling Silver,2026,7,No,Wednesday,,Local Street Vendor,30.6,Cash,1,Tandon Rakhi Hub 163,426.68,4
5482,Premium & Jewelry,Sterling Silver,2026,5,Yes,Sunday,,Local Street Vendor,28.7,Credit Card,7,Tandon Rakhi Hub 20,623.4,17
5771,Eco-Friendly,Sandalwood (Chandan),2026,3,Yes,Sunday,North,Local Street Vendor,,UPI,6,Kapoor Rakhi Hub 257,41.43,19
2828,Premium & Jewelry,Sandalwood (Chandan),2026,2,nO,Thursday,West,Local Street Vendor,31.2,Cash,4,Mehra Rakhi Hub 148,175.44,15
1685,Premium & Jewelry,Sterling Silver,2026,4,No,Tuesday,North,Local Street Vendor,33.5,Cash,10,Sethi Rakhi Hub 11,474.5,32
5222,Kids & Cartoon,Silk Thread,2026,1,No,Friday,Central,Local Street Vendor,25.6,Credit Card,3,Rastogi Rakhi Store,13.63,16
1339,Eco-Friendly,Silk Thread,2026,3,No,Monday,North,Supermarket,36.6,Credit Card,7,Sethi Gift House,28.98,31
4318,Eco-Friendly,Sandalwood (Chandan),2026,6,Yes,Sunday,West,Supermarket,30.7,Credit Card,4,Tandon Traditions,72.86,12
2743,Premium & Jewelry,Sterling Silver,2026,7,Yes,Saturday,East,Local Street Vendor,33.8,UPI,7,Bhatia Rakhi Hub 182,503.52,17
3518,Premium & Jewelry,Sterling Silver,2026,2,No,Tuesday,East,Online,33.9,Cash,8,Sethi Rakhi & Gifts,827.74,55
2809,Premium & Jewelry,Sandalwood (Chandan),2026,4,Yes,Saturday,West,Local Street Vendor,50.2,Cash,10,Mehra Festive Mart,164.3,27
3870,Kids & Cartoon,Sandalwood (Chandan),2026,6,Yes,Saturday,East,Local Street Vendor,25.5,Credit Card,9,Mehra Rakhi Point,29.37,23
5709,Premium & Jewelry,Sterling Silver,2026,4,nO,Monday,North,Local Street Vendor,30.9,Credit Card,9,Chopra Handicrafts,456.27,34
2903,Premium & Jewelry,Silk Thread,2026,4,No,Friday,Central,Supermarket,32.0,Cash,6,Kapoor Rakhi Hub 257,113.6,36
2259,Premium & Jewelry,Silk Thread,2026,6,#Yes,Sunday,Central,Supermarket,,Credit Card,7,Sharma Traditions,131.58,26
4641,Premium & Jewelry,Sterling Silver,2026,2,Yes,Sunday,East,Online,39.8,Credit Card,4,Nanda Rakhi Point,3118.62,14
4863,Premium & Jewelry,Sterling Silver,2026,6,No,Wednesday,North,Supermarket,23.8,Cash,2,Arora Emporium,819.99,11
3956,Kids & Cartoon,Silk Thread,2026,7,No,Tuesday,Central,Local Street Vendor,32.6,Credit Card,3,Goel Rakhi Hub 277,10.96,12
596,Premium & Jewelry,Sterling Silver,2026,1,Yes,Saturday,East,Local Street Vendor,31.3,Cash,3,Sethi Traditions,537.99,13
2235,Eco-Friendly,Sandalwood (Chandan),2026,1,No,Thursday,West,Local Street Vendor,28.7,Credit Card,6,Sharma Rakhi Hub 61,48.83,35
4411,Kids & Cartoon,Silk Thread,2026,2,No,Tuesday,West,Local Street Vendor,35.9,Credit Card,6,Sharma Festive Mart,13.72,21
1565,Eco-Friendly,Silk Thread,2026,5,No,Tuesday,West,Online,31.8,Cash,8,Mehra Rakhi Hub 246,38.48,26
201,Eco-Friendly,Sandalwood (Chandan),2026,6,Yes,Sunday,East,Supermarket,33.6,UPI,3,Kapoor Rakhi Hub 63,65.09,11
4656,Eco-Friendly,Silk Thread,2026,2,No,Monday,North,Supermarket,,Cash,2,Rastogi Rakhi Corner,33.92,8
1388,Kids & Cartoon,Silk Thread,2026,3,No,Friday,North,Supermarket,26.3,Credit Card,3,Nanda Rakhi Hub 96,16.18,11
4763,Eco-Friendly,Silk Thread,2026,6,No,Thursday,Central,Local Street Vendor,42.4,Cash,4,Sethi Rakhi Hub 22,33.03,18
2186,Premium & Jewelry,Sandalwood (Chandan),2026,4,No,Wednesday,East,Local Street Vendor,35.0,Cash,3,Arora Rakhi Point,226.34,16
4105,Eco-Friendly,Sandalwood (Chandan),2026,4,Yes,Sunday,Central,Online,33.1,Credit Card,3,Rastogi Rakhi Hub 77,56.45,12
1232,Kids & Cartoon,Silk Thread,2026,6,nO,Thursday,Central,Local Street Vendor,32.6,Cash,2,Sethi Rakhi Hub 174,58.99,7
5303,Eco-Friendly,Sandalwood (Chandan),2026,5,No,Tuesday,Central,Online,35.0,Cash,8,Kapoor Rakhi Hub 287,83.77,23
1259,Kids & Cartoon,Silk Thread,2026,1,No,Wednesday,North,Local Street Vendor,31.6,Cash,5,Rastogi Rakhi Hub 298,11.82,19
2255,Eco-Friendly,Sandalwood (Chandan),2026,7,No,Thursday,Central,Supermarket,37.7,Credit Card,2,Arora Rakhi & Gifts,51.38,9
1952,Premium & Jewelry,Sterling Silver,2026,1,No,Wednesday,Central,Supermarket,35.3,Cash,14,Sharma Rakhi Hub 149,729.85,41
2712,Premium & Jewelry,Sterling Silver,2026,4,nO,Wednesday,North,Local Street Vendor,37.3,UPI,2,Khanna Rakhi Hub 132,548.74,9
114,Kids & Cartoon,Sandalwood (Chandan),2026,3,No,Tuesday,West,Supermarket,,Cash,15,Chopra Rakhi Hub 241,32.18,43
5265,Kids & Cartoon,Silk Thread,2026,6,No,Thursday,Central,Local Street Vendor,28.2,Cash,27,Jain Rakhi Corner,12.48,81
2510,Kids & Cartoon,Silk Thread,2026,5,yES,Saturday,East,Online,31.0,Credit Card,6,Bansal Gift House,23.66,19
5866,Kids & Cartoon,Silk Thread,2026,6,Yes,Sunday,West,Online,31.6,Credit Card,12,Bansal Emporium,17.99,28
4048,Premium & Jewelry,Sterling Silver,2026,3,Yes,Saturday,Central,Supermarket,28.7,Cash,15,Goel Rakhi Hub 133,705.01,51
2964,Kids & Cartoon,Silk Thread,2026,2,No,Monday,East,Supermarket,29.2,Cash,4,Sharma Rakhi & Gifts,16.33,17
2549,Kids & Cartoon,Silk Thread,2026,2,No,Thursday,East,Local Street Vendor,34.6,Credit Card,11,Sethi Rakhi Hub 160,13.87,33
4106,Premium & Jewelry,Sterling Silver,2026,7,Yes,Saturday,East,Supermarket,30.2,Credit Card,19,Kapoor Rakhi Hub 257,777.45,87
508,Eco-Friendly,Sterling Silver,2026,1,No,Monday,East,Local Street Vendor,29.3,Credit Card,4,Nanda Rakhi Hub 98,181.67,16
4731,Kids & Cartoon,Silk Thread,2026,4,No,Monday,East,Supermarket,31.0,Credit Card,6,Sharma Rakhi Hub 226,17.86,23
4681,Eco-Friendly,Sandalwood (Chandan),2026,1,Yes,Saturday,West,Online,43.6,UPI,7,Mehra Rakhi Hub 207,72.45,27
3519,Kids & Cartoon,Silk Thread,2026,1,No,Tuesday,East,Supermarket,29.5,Cash,10,Mehra Rakhi Hub 256,17.14,44
2344,Premium & Jewelry,Sterling Silver,2026,2,No,Tuesday,Central,Local Street Vendor,28.2,Credit Card,11,Nanda Rakhi Hub 79,578.69,36
5745,Kids & Cartoon,Silk Thread,2026,3,Yes,Sunday,North,Supermarket,31.4,Cash,8,Mehra Rakhi Hub 148,14.37,18
4254,Kids & Cartoon,Silk Thread,2026,3,No,Friday,North,Local Street Vendor,34.6,Cash,16,Verma Gift House,11.81,49
2851,Kids & Cartoon,Silk Thread,2026,1,No,Thursday,West,Local Street Vendor,27.5,UPI,6,Chopra Rakhi Hub 156,13.94,40
4688,Kids & Cartoon,Silk Thread,2026,3,nO,Tuesday,East,Local Street Vendor,35.9,Cash,3,Bansal Rakhi Hub 260,14.27,19
4265,Kids & Cartoon,Silk Thread,2026,2,Yes,Sunday,North,Online,33.6,UPI,14,Gupta Rakhi Hub 249,22.36,34
5393,Eco-Friendly,Sandalwood (Chandan),2026,2,#Yes,Sunday,Central,Online,32.9,Cash,19,Khanna Rakhi Hub 120,68.54,60
351,Kids & Cartoon,Silk Thread,2026,7,Yes,Sunday,West,Supermarket,35.2,Cash,3,Goel Rakhi Hub 107,18.74,8
4743,Eco-Friendly,Sterling Silver,2026,7,Yes,Saturday,West,Local Street Vendor,23.8,UPI,1,Sethi Rakhi Hub 10,151.0,4
2907,Eco-Friendly,Sandalwood (Chandan),2026,2,nO,Tuesday,Central,Supermarket,38.2,UPI,8,Saxena Rakhi Hub 43,63.6,40
5078,Premium & Jewelry,Sterling Silver,2026,7,No,Thursday,Central,Supermarket,36.9,Credit Card,5,Malhotra Rakhi Point,674.54,14
4487,Eco-Friendly,Silk Thread,2026,7,No,Friday,North,Supermarket,33.7,Credit Card,1,Aggarwal Rakhi Hub 212,40.62,6
2506,Premium & Jewelry,Sterling Silver,2026,3,No,Monday,West,Local Street Vendor,30.6,Cash,2,Saxena Rakhi Hub 227,502.49,12
2621,Eco-Friendly,Sandalwood (Chandan),2026,6,Yes,Sunday,East,Supermarket,35.7,UPI,10,Mehra Rakhi Hub 273,74.35,23
5843,Premium & Jewelry,Sterling Silver,2026,7,yES,Saturday,North,Supermarket,28.2,Credit Card,8,Tandon Rakhi Point,656.99,23
1115,Eco-Friendly,Sandalwood (Chandan),2026,3,Yes,Saturday,West,Supermarket,33.6,Cash,10,Goel Gift House,81.83,39
2847,Premium & Jewelry,Sandalwood (Chandan),2026,2,No,Tuesday,North,Supermarket,30.7,Cash,11,Arora Rakhi Hub 137,193.45,43
5657,Eco-Friendly,Sandalwood (Chandan),2026,3,nO,Tuesday,West,Online,31.9,Cash,3,Tandon Rakhi Hub 65,84.14,23
299,Eco-Friendly,Silk Thread,2026,2,yES,Sunday,Central,Online,32.6,UPI,12,Sethi Rakhi Hub 40,43.02,49
1676,Eco-Friendly,Sandalwood (Chandan),2026,3,nO,Monday,Central,Local Street Vendor,34.6,Cash,5,Bansal Rakhi Hub 91,76.35,21
2566,Kids & Cartoon,Silk Thread,2026,7,nO,Wednesday,Central,Online,23.8,Credit Card,6,Jain Rakhi Hub 202,15.69,22
2625,Kids & Cartoon,Silk Thread,2026,4,No,Tuesday,East,Local Street Vendor,38.3,Cash,1,Tandon Rakhi Hub 47,15.9,10
4316,Kids & Cartoon,Silk Thread,2026,6,Yes,Saturday,,Supermarket,32.2,Credit Card,2,Sethi Rakhi Hub 175,16.42,4
5259,Kids & Cartoon,Silk Thread,2026,5,#Yes,Saturday,West,Local Street Vendor,28.4,Cash,8,Verma Rakhi Hub 264,14.13,30
5053,Kids & Cartoon,Silk Thread,2026,5,No,Tuesday,West,Local Street Vendor,36.7,Credit Card,2,Goel Rakhi Hub 228,11.81,10
3606,Premium & Jewelry,Sandalwood (Chandan),2026,1,Yes,Sunday,Central,Supermarket,25.1,Credit Card,29,Mehra Traditions,183.46,69
3669,Kids & Cartoon,Sandalwood (Chandan),2026,3,No,Monday,Central,Online,29.8,Credit Card,8,Aggarwal Rakhi Point,37.81,36
230,Premium & Jewelry,Sterling Silver,2026,5,No,Thursday,West,Online,37.8,Cash,11,Aggarwal Rakhi Hub 205,735.79,57
77,Premium & Jewelry,Sterling Silver,2026,5,nO,Tuesday,North,Online,33.0,Cash,7,Kapoor Rakhi Store,946.22,22
5735,Premium & Jewelry,Sandalwood (Chandan),2026,5,yES,Saturday,Central,Online,28.2,Cash,8,Rastogi Rakhi Hub 251,246.63,18
5560,Premium & Jewelry,Sterling Silver,2026,1,yES,Saturday,East,Supermarket,37.6,Credit Card,15,Saxena Rakhi Hub 192,826.46,58
4834,Eco-Friendly,Sandalwood (Chandan),2026,7,Yes,Saturday,East,Supermarket,29.2,Cash,2,Saxena Rakhi Hub 49,51.8,5
5155,Premium & Jewelry,Sterling Silver,2026,7,No,Friday,Central,Local Street Vendor,32.9,Cash,2,Mehra Rakhi & Gifts,600.72,5
2104,Eco-Friendly,Sandalwood (Chandan),2026,6,No,Tuesday,North,Supermarket,30.0,UPI,3,Chopra Rakhi Hub 145,68.13,10
1334,Eco-Friendly,Sandalwood (Chandan),2026,1,nO,Tuesday,Central,Online,26.4,Cash,5,Gupta Rakhi Hub 152,86.31,21
5288,Kids & Cartoon,Sandalwood (Chandan),2026,6,No,Friday,Central,Local Street Vendor,29.0,UPI,3,Bansal Rakhi Hub 13,23.71,10
5043,Kids & Cartoon,Silk Thread,2026,3,nO,Tuesday,Central,Supermarket,12.5,Cash,4,Tandon Rakhi Hub 60,16.93,23
3298,Kids & Cartoon,Sandalwood (Chandan),2026,1,yES,Sunday,Central,Supermarket,28.4,UPI,4,Kapoor Rakhi Hub 287,28.29,18
5550,Kids & Cartoon,Silk Thread,2026,6,nO,Tuesday,Central,Local Street Vendor,27.9,Cash,9,Sharma Rakhi Hub 122,14.24,29
861,Eco-Friendly,Silk Thread,2026,1,No,Tuesday,West,Online,25.2,Credit Card,16,Gupta Festive Mart,41.05,48
1615,Eco-Friendly,Sandalwood (Chandan),2026,2,nO,Wednesday,Central,Online,25.2,Cash,14,Rastogi Gift House,75.96,43
608,Premium & Jewelry,Sterling Silver,2026,4,No,Thursday,Central,Supermarket,32.7,Cash,5,Chopra Rakhi Hub 248,561.78,17
3853,Kids & Cartoon,Silk Thread,2026,7,nO,Thursday,East,Supermarket,30.7,Cash,4,Mehra Handicrafts,17.9,13
4729,Kids & Cartoon,Silk Thread,2026,4,yES,Saturday,North,Supermarket,37.1,Credit Card,9,Rastogi Rakhi Hub 231,12.59,25
1094,Premium & Jewelry,Silk Thread,2026,6,Yes,Sunday,East,Local Street Vendor,35.5,Credit Card,2,Arora Rakhi Hub 137,80.68,8
5305,Premium & Jewelry,Silk Thread,2026,6,No,Friday,,Local Street Vendor,34.7,Cash,3,Saxena Rakhi Hub 138,90.94,15
2623,Premium & Jewelry,Sterling Silver,2026,4,No,Friday,,Local Street Vendor,33.0,Cash,2,Bansal Rakhi Hub 214,492.82,13
5093,Kids & Cartoon,Silk Thread,2026,6,nO,Tuesday,West,Online,32.4,Cash,3,Saxena Rakhi Hub 111,17.44,11
5356,Eco-Friendly,Silk Thread,2026,6,Yes,Sunday,East,Local Street Vendor,36.7,Credit Card,6,Aggarwal Rakhi Store,20.48,20
2042,Eco-Friendly,Sandalwood (Chandan),2026,7,No,Monday,West,Supermarket,31.3,Cash,2,Tandon Rakhi Hub 60,80.18,9
204,Premium & Jewelry,Sterling Silver,2026,3,No,Tuesday,East,Local Street Vendor,33.3,Cash,2,Nanda Rakhi Hub 225,474.43,12
2388,Premium & Jewelry,Sterling Silver,2026,3,No,Tuesday,East,Local Street Vendor,28.3,UPI,42,Mehra Rakhi Bazaar,478.9,122
3690,Kids & Cartoon,Silk Thread,2026,6,yES,Sunday,North,Online,29.6,Cash,4,Malhotra Emporium,19.91,16
4610,Eco-Friendly,Sandalwood (Chandan),2026,7,Yes,Saturday,Central,Supermarket,28.2,Credit Card,4,Sethi Rakhi Hub 19,41.73,17
838,Eco-Friendly,Sandalwood (Chandan),2026,5,No,Friday,East,Online,,UPI,4,Bansal Rakhi Hub 217,68.68,15
2935,Kids & Cartoon,Silk Thread,2026,1,Yes,Sunday,,Supermarket,31.4,Cash,10,Gupta Rakhi Hub 27,20.12,32
5458,Kids & Cartoon,Silk Thread,2026,7,No,Tuesday,North,Local Street Vendor,25.2,UPI,3,Chopra Rakhi Hub 153,10.53,16
1714,Eco-Friendly,Silk Thread,2026,1,No,Thursday,West,Local Street Vendor,28.8,UPI,14,Chopra Emporium,28.6,44
1231,Premium & Jewelry,Sterling Silver,2026,7,yES,Sunday,West,Supermarket,44.2,Cash,3,Sharma Rakhi Hub 141,607.82,13
4912,Kids & Cartoon,Silk Thread,2026,2,No,Tuesday,West,Online,32.3,Credit Card,14,Sharma Rakhi Hub 149,17.62,41
1610,Kids & Cartoon,Silk Thread,2026,5,nO,Friday,West,Supermarket,31.0,Cash,2,Nanda Rakhi Hub 225,14.31,14
2709,Premium & Jewelry,Sterling Silver,2026,1,No,Friday,East,Supermarket,,Cash,8,Nanda Rakhi Hub 89,793.94,22
3479,Eco-Friendly,Sandalwood (Chandan),2026,1,No,Tuesday,Central,Supermarket,30.1,Credit Card,5,Bansal Rakhi Hub 214,75.1,22
5537,Premium & Jewelry,Sterling Silver,2026,6,nO,Wednesday,North,Local Street Vendor,34.2,Cash,3,Gupta Rakhi Hub 70,452.21,15
2554,Eco-Friendly,Sandalwood (Chandan),2026,4,No,Friday,Central,Supermarket,33.9,Credit Card,2,Goel Rakhi Hub 1,63.85,7
5321,Premium & Jewelry,Sterling Silver,2026,4,#Yes,Saturday,Central,Online,32.2,Cash,7,Kapoor Rakhi Hub 257,669.07,19
2733,Kids & Cartoon,Silk Thread,2026,7,No,Tuesday,West,Local Street Vendor,34.7,UPI,2,Verma Rakhi Hub 92,12.21,9
5352,Eco-Friendly,Sandalwood (Chandan),2026,1,No,Tuesday,West,Local Street Vendor,36.6,UPI,19,Sharma Rakhi Hub 112,54.85,60
5174,Premium & Jewelry,Sandalwood (Chandan),2026,6,No,Wednesday,North,Online,31.9,Cash,1,Kapoor Rakhi & Gifts,220.08,5
5570,Eco-Friendly,Sandalwood (Chandan),2026,1,No,Friday,,Online,33.9,Cash,5,Rastogi Emporium,70.5,21
1446,Kids & Cartoon,Silk Thread,2026,1,No,Thursday,East,Supermarket,32.8,Cash,11,Malhotra Festive Mart,18.14,44
3338,Eco-Friendly,Sandalwood (Chandan),2026,5,No,Thursday,East,Supermarket,29.1,Cash,3,Goel Traditions,266.8,15
3732,Eco-Friendly,Sandalwood (Chandan),2026,1,yES,Saturday,West,Online,27.5,UPI,12,Khanna Rakhi Hub 203,401.27,56
4475,Kids & Cartoon,Silk Thread,2026,5,#Yes,Sunday,North,Supermarket,53.6,Credit Card,11,Aggarwal Handicrafts,19.18,35
4891,Premium & Jewelry,Sterling Silver,2026,7,No,Friday,,Online,37.7,UPI,2,Saxena Rakhi Hub 294,595.23,9
3376,Kids & Cartoon,Silk Thread,2026,3,No,Thursday,North,Supermarket,34.4,UPI,2,Mehra Rakhi Hub 285,21.4,10
4057,Premium & Jewelry,Sterling Silver,2026,4,No,Thursday,West,Local Street Vendor,31.0,Cash,2,Khanna Rakhi Store,464.12,9
658,Premium & Jewelry,Sandalwood (Chandan),2026,2,No,Thursday,North,Local Street Vendor,25.3,Cash,17,Rastogi Rakhi Corner,154.12,51
791,Premium & Jewelry,Sterling Silver,2026,2,nO,Wednesday,East,Supermarket,27.7,Cash,4,Gupta Rakhi Hub 249,566.88,22
3541,Eco-Friendly,Sandalwood (Chandan),2026,7,No,Wednesday,Central,Supermarket,30.3,Cash,2,Saxena Rakhi Hub 111,75.95,13
147,Kids & Cartoon,Silk Thread,2026,6,nO,Tuesday,East,Supermarket,24.7,UPI,3,Kapoor Rakhi Hub 109,17.0,13
4172,Eco-Friendly,Sandalwood (Chandan),2026,3,No,Thursday,East,Online,23.4,Cash,12,Sharma Handicrafts,392.18,36
2562,Kids & Cartoon,Silk Thread,2026,3,No,Wednesday,East,Local Street Vendor,24.9,Cash,3,Bhatia Emporium,12.71,11
3967,Kids & Cartoon,Silk Thread,2026,3,No,Tuesday,East,Local Street Vendor,28.7,Credit Card,6,Jain Rakhi Hub 253,16.06,23
1360,Premium & Jewelry,Sterling Silver,2026,5,nO,Tuesday,East,Local Street Vendor,33.5,Credit Card,2,Arora Rakhi Hub 169,596.65,7
4803,Premium & Jewelry,Sterling Silver,2026,5,nO,Tuesday,Central,Local Street Vendor,,Cash,6,Verma Rakhi Hub 73,435.38,21
2348,Eco-Friendly,Silk Thread,2026,4,No,Thursday,North,Local Street Vendor,38.2,Cash,2,Aggarwal Rakhi Hub 157,26.94,12
5433,Kids & Cartoon,Silk Thread,2026,5,No,Monday,North,Supermarket,25.8,Cash,5,Gupta Rakhi Hub 291,20.74,17
4631,Premium & Jewelry,Sterling Silver,2026,4,No,Friday,North,Supermarket,31.8,Cash,3,Verma Rakhi & Gifts,767.51,21
2782,Premium & Jewelry,Sterling Silver,2026,6,No,Thursday,East,Supermarket,32.3,UPI,9,Chopra Rakhi Hub 127,751.15,28
5928,Eco-Friendly,Sandalwood (Chandan),2026,7,No,Monday,North,Online,34.7,UPI,2,Tandon Rakhi Hub 163,54.76,5
4689,Eco-Friendly,Sandalwood (Chandan),2026,3,Yes,Sunday,East,Local Street Vendor,23.0,Credit Card,4,Jain Rakhi Hub 119,51.11,20
4552,Kids & Cartoon,Silk Thread,2026,6,Yes,Saturday,West,Supermarket,35.3,UPI,4,Saxena Rakhi Hub 255,16.63,16
6,Eco-Friendly,Sandalwood (Chandan),2026,1,Yes,Sunday,East,Supermarket,37.2,Cash,12,Kapoor Rakhi Hub 31,55.6,42
3498,Eco-Friendly,Silk Thread,2026,2,No,Friday,East,Supermarket,30.7,Credit Card,12,Verma Rakhi Hub 30,40.8,43
616,Eco-Friendly,Silk Thread,2026,6,No,Friday,East,Online,31.6,Cash,2,Rastogi Rakhi Hub 224,33.55,7
2576,Kids & Cartoon,Silk Thread,2026,7,nO,Friday,East,Local Street Vendor,33.9,Cash,2,Gupta Festive Mart,17.87,8
2850,Kids & Cartoon,Sandalwood (Chandan),2026,4,No,Tuesday,Central,Local Street Vendor,29.4,Cash,4,Chopra Rakhi Hub 166,19.01,18
2315,Kids & Cartoon,Silk Thread,2026,4,nO,Wednesday,West,Local Street Vendor,29.2,Cash,4,Nanda Rakhi Hub 98,13.14,29
1706,Eco-Friendly,Sandalwood (Chandan),2026,2,No,Thursday,Central,Local Street Vendor,31.9,UPI,9,Kapoor Festive Mart,52.82,26
5678,Kids & Cartoon,Sandalwood (Chandan),2026,4,No,Wednesday,West,Supermarket,30.2,Cash,6,Rastogi Gift House,28.62,28
5617,Kids & Cartoon,Silk Thread,2026,6,No,Tuesday,West,Local Street Vendor,35.3,Cash,3,Gupta Rakhi Hub 191,14.96,11
1359,Kids & Cartoon,Silk Thread,2026,4,No,Friday,Central,Online,28.9,Cash,8,Saxena Rakhi Hub 83,17.3,47
1781,Premium & Jewelry,Silk Thread,2026,6,No,Wednesday,Central,Online,35.6,Cash,4,Goel Rakhi Hub 243,125.07,22
3382,Eco-Friendly,Sandalwood (Chandan),2026,1,Yes,Sunday,East,Local Street Vendor,28.0,Credit Card,4,Kapoor Rakhi Hub 66,64.97,13
804,Kids & Cartoon,Silk Thread,2026,6,No,Thursday,East,Local Street Vendor,28.8,Cash,1,Malhotra Rakhi Hub 14,11.33,3
858,Eco-Friendly,Sandalwood (Chandan),2026,7,Yes,Sunday,North,Supermarket,33.1,Cash,3,Chopra Rakhi Hub 241,80.21,13
4575,Eco-Friendly,Sandalwood (Chandan),2026,3,No,Tuesday,North,Supermarket,32.6,Cash,10,Mehra Handicrafts,62.92,30
4679,Premium & Jewelry,Sterling Silver,2026,7,No,Friday,North,Local Street Vendor,27.8,Cash,1,Khanna Rakhi Hub 293,462.26,5
991,Kids & Cartoon,Silk Thread,2026,1,Yes,Saturday,Central,Online,35.5,UPI,22,Mehra Emporium,20.6,61
5385,Premium & Jewelry,Sterling Silver,2026,6,nO,Friday,West,Local Street Vendor,36.4,Cash,3,Gupta Rakhi Corner,459.52,13
1649,Eco-Friendly,Sandalwood (Chandan),2026,4,No,Friday,West,Local Street Vendor,25.1,UPI,20,Bhatia Rakhi Hub 211,49.66,62
3195,Kids & Cartoon,Silk Thread,2026,4,Yes,Sunday,Central,Online,27.2,UPI,6,Sethi Handicrafts,21.73,23
5660,Eco-Friendly,Sandalwood (Chandan),2026,7,No,Thursday,,Supermarket,25.8,UPI,3,Khanna Rakhi Bazaar,66.1,8
220,Kids & Cartoon,Silk Thread,2026,1,No,Friday,East,Local Street Vendor,28.6,UPI,10,Sharma Gift House,12.69,33
4473,Kids & Cartoon,Silk Thread,2026,4,No,Thursday,East,Local Street Vendor,37.5,Credit Card,2,Sethi Traditions,15.43,8
1289,Kids & Cartoon,Silk Thread,2026,4,Yes,Saturday,East,Local Street Vendor,32.5,Credit Card,11,Malhotra Rakhi Corner,76.38,26
583,Premium & Jewelry,Silk Thread,2026,1,No,Wednesday,East,Local Street Vendor,31.9,Credit Card,5,Jain Rakhi Hub 39,106.32,17
2619,Eco-Friendly,Silk Thread,2026,4,nO,Tuesday,West,Local Street Vendor,25.7,Cash,3,Mehra Rakhi Hub 6,19.7,12
44,Kids & Cartoon,Sandalwood (Chandan),2026,4,No,Thursday,East,Supermarket,34.6,UPI,4,Chawla Rakhi Hub 171,38.74,17
1235,Premium & Jewelry,Sterling Silver,2026,6,nO,Tuesday,,Supermarket,,UPI,1,Mehra Rakhi Hub 81,803.41,6
5789,Eco-Friendly,Sandalwood (Chandan),2026,7,No,Tuesday,North,Supermarket,29.5,Cash,1,Gupta Handicrafts,53.98,4
432,Eco-Friendly,Sandalwood (Chandan),2026,1,No,Monday,East,Supermarket,27.6,Cash,5,Saxena Rakhi Hub 213,69.32,28
3290,Kids & Cartoon,Silk Thread,2026,2,No,Friday,West,Online,28.2,Cash,7,Khanna Rakhi Hub 146,22.72,20
4796,Premium & Jewelry,Sterling Silver,2026,1,yES,Saturday,West,Local Street Vendor,33.1,UPI,17,Bansal Rakhi Hub 161,510.78,45
1893,Kids & Cartoon,Silk Thread,2026,4,No,Monday,,Supermarket,34.5,Cash,3,Malhotra Rakhi Hub 14,16.5,16
4880,Kids & Cartoon,Silk Thread,2026,5,No,Monday,North,Local Street Vendor,32.6,Cash,12,Saxena Rakhi Hub 43,12.0,41
4290,Kids & Cartoon,Silk Thread,2026,4,yES,Saturday,East,Online,35.1,Cash,3,Bhatia Rakhi Hub 290,18.11,12
4585,Kids & Cartoon,Silk Thread,2026,3,Yes,Sunday,East,Local Street Vendor,34.8,UPI,5,Rastogi Rakhi Hub 224,12.49,17
2920,Eco-Friendly,Sandalwood (Chandan),2026,4,Yes,Sunday,Central,Local Street Vendor,,UPI,4,Goel Rakhi Hub 107,53.76,17
1072,Kids & Cartoon,Silk Thread,2026,7,No,Monday,West,Online,32.6,UPI,1,Sharma Rakhi Hub 84,18.14,3
719,Kids & Cartoon,Silk Thread,2026,3,No,Tuesday,East,Online,34.6,Cash,6,Goel Emporium,17.82,29
2365,Kids & Cartoon,Silk Thread,2026,1,No,Monday,West,Online,29.6,Cash,10,Bhatia Rakhi Hub 18,20.3,31
1506,Kids & Cartoon,Silk Thread,2026,5,No,Thursday,Central,Online,38.2,UPI,8,Mehra Rakhi Bazaar,22.35,58
671,Premium & Jewelry,Sterling Silver,2026,2,No,Tuesday,West,Supermarket,22.4,Credit Card,37,Khanna Rakhi Hub 146,551.28,31
4615,Kids & Cartoon,Silk Thread,2026,2,#Yes,Saturday,North,Supermarket,31.3,Cash,17,Arora Rakhi Point,16.67,43
2953,Premium & Jewelry,Sterling Silver,2026,1,Yes,Sunday,North,Local Street Vendor,28.4,Cash,6,Khanna Rakhi Hub 293,528.57,23
4837,Premium & Jewelry,Sterling Silver,2026,5,No,Tuesday,East,Online,33.4,Cash,8,Verma Rakhi & Gifts,788.38,25
482,Premium & Jewelry,Sterling Silver,2026,5,yES,Sunday,Central,Online,31.2,Credit Card,5,Kapoor Rakhi Point,635.65,14
4651,Eco-Friendly,Sandalwood (Chandan),2026,6,No,Tuesday,Central,Local Street Vendor,27.5,UPI,5,Arora Rakhi Bazaar,51.44,18
898,Premium & Jewelry,Sterling Silver,2026,6,#Yes,Saturday,Central,Supermarket,27.9,UPI,3,Saxena Rakhi Hub 123,612.39,8
4466,Premium & Jewelry,Sandalwood (Chandan),2026,6,nO,Thursday,West,Local Street Vendor,35.0,UPI,2,Rastogi Handicrafts,136.5,7
2667,Eco-Friendly,Sandalwood (Chandan),2026,3,Yes,Sunday,,Supermarket,32.4,Credit Card,2,Chopra Rakhi Hub 145,50.54,9
2891,Premium & Jewelry,Silk Thread,2026,2,Yes,Sunday,West,Local Street Vendor,33.9,Cash,12,Gupta Rakhi Hub 7,93.26,38
3699,Premium & Jewelry,Sterling Silver,2026,3,No,Wednesday,North,Local Street Vendor,33.7,UPI,11,Sharma Rakhi Bazaar,520.55,38
1531,Kids & Cartoon,Silk Thread,2026,4,nO,Wednesday,North,Local Street Vendor,37.4,Cash,2,Aggarwal Rakhi Hub 212,10.61,7
3443,Premium & Jewelry,Silk Thread,2026,1,Yes,Saturday,North,Online,34.3,Cash,8,Arora Rakhi Bazaar,100.37,35
2106,Eco-Friendly,Sterling Silver,2026,2,No,Wednesday,East,Local Street Vendor,36.9,Cash,4,Chopra Rakhi Hub 153,169.73,22
4607,Eco-Friendly,Sandalwood (Chandan),2026,5,No,Thursday,Central,Online,29.8,Cash,2,Tandon Rakhi Hub 142,56.2,6
785,Eco-Friendly,Sandalwood (Chandan),2026,3,No,Monday,Central,Supermarket,29.4,UPI,6,Sethi Rakhi Hub 10,63.67,23
4355,Eco-Friendly,Sandalwood (Chandan),2026,6,nO,Thursday,East,Supermarket,29.2,Cash,4,Arora Rakhi Hub 220,62.46,23
4334,Kids & Cartoon,Sterling Silver,2026,4,No,Wednesday,East,Supermarket,33.5,UPI,5,Sethi Festive Mart,89.51,17
4771,Kids & Cartoon,Silk Thread,2026,3,Yes,Saturday,Central,Local Street Vendor,31.2,Credit Card,8,Gupta Gift House,14.62,18
4554,Kids & Cartoon,Silk Thread,2026,5,Yes,Saturday,West,Supermarket,32.1,UPI,4,Khanna Rakhi Hub 132,15.96,9
4515,Premium & Jewelry,Sandalwood (Chandan),2026,6,Yes,Sunday,East,Online,26.1,Credit Card,5,Nanda Rakhi Hub 129,242.11,17
1875,Eco-Friendly,Sandalwood (Chandan),2026,3,No,Tuesday,West,Supermarket,29.3,UPI,4,Jain Rakhi Store,61.04,24
2371,Kids & Cartoon,Silk Thread,2026,1,No,Monday,Central,Local Street Vendor,33.5,Credit Card,6,Chopra Rakhi Hub 12,11.82,24
1770,Eco-Friendly,Sandalwood (Chandan),2026,7,Yes,Saturday,East,Supermarket,34.4,Cash,3,Jain Rakhi & Gifts,47.02,9
5824,Premium & Jewelry,Sterling Silver,2026,3,No,Monday,East,Online,36.5,Cash,16,Rastogi Emporium,825.0,74
3843,Kids & Cartoon,Silk Thread,2026,4,No,Wednesday,North,Supermarket,35.3,UPI,6,Arora Rakhi Hub 210,14.85,30
1984,Premium & Jewelry,Sandalwood (Chandan),2026,3,Yes,Saturday,North,Online,38.3,UPI,13,Khanna Rakhi Hub 146,227.53,40
532,Eco-Friendly,Sandalwood (Chandan),2026,1,No,Monday,West,Online,30.6,Cash,21,Nanda Rakhi Hub 195,78.16,104
5742,Kids & Cartoon,Silk Thread,2026,4,nO,Friday,North,Local Street Vendor,30.0,Cash,2,Aggarwal Rakhi & Gifts,12.85,7
2450,Kids & Cartoon,Silk Thread,2026,5,Yes,Sunday,West,Supermarket,33.1,Cash,4,Saxena Rakhi Hub 138,16.84,19
2266,Premium & Jewelry,Sandalwood (Chandan),2026,3,No,Tuesday,North,Online,34.2,Cash,16,Arora Rakhi Hub 117,241.18,52
2882,Premium & Jewelry,Sandalwood (Chandan),2026,6,Yes,Sunday,North,Supermarket,34.7,Credit Card,4,Chopra Rakhi Hub 190,238.38,16
82,Kids & Cartoon,Silk Thread,2026,1,No,Thursday,East,Supermarket,32.2,Credit Card,9,Kapoor Rakhi Hub 31,18.41,37
3904,Kids & Cartoon,Silk Thread,2026,6,No,Wednesday,East,Online,31.2,Cash,9,Goel Rakhi Hub 107,17.61,25
1016,Premium & Jewelry,Sandalwood (Chandan),2026,4,Yes,Saturday,North,Online,33.1,Cash,3,Aggarwal Rakhi & Gifts,229.43,13
3269,Eco-Friendly,Sandalwood (Chandan),2026,4,Yes,Sunday,North,Supermarket,29.7,Cash,9,Rastogi Rakhi Hub 231,66.47,26
2164,Kids & Cartoon,Silk Thread,2026,3,Yes,Sunday,Central,Supermarket,31.2,Cash,12,Rastogi Rakhi Hub 189,16.69,46
732,Premium & Jewelry,Sterling Silver,2026,7,nO,Tuesday,West,Supermarket,34.6,Credit Card,5,Mehra Rakhi Hub 75,581.57,16
2340,Premium & Jewelry,Silk Thread,2026,2,yES,Sunday,Central,Local Street Vendor,31.0,Cash,10,Kapoor Rakhi Hub 109,80.32,38
5826,Premium & Jewelry,Sterling Silver,2026,5,Yes,Saturday,West,Local Street Vendor,30.0,Cash,4,Bhatia Rakhi Hub 204,564.3,10
2233,Premium & Jewelry,Sandalwood (Chandan),2026,5,No,Monday,Central,Local Street Vendor,33.1,Cash,6,Sharma Rakhi Hub 226,183.02,19
563,Eco-Friendly,Silk Thread,2026,7,No,Thursday,East,Online,33.9,Cash,2,Sethi Rakhi Hub 19,36.6,13
5355,Eco-Friendly,Sandalwood (Chandan),2026,4,Yes,Saturday,East,Supermarket,37.3,UPI,8,Gupta Gift House,51.56,33
2770,Eco-Friendly,Silk Thread,2026,5,No,Wednesday,West,Local Street Vendor,37.5,UPI,3,Rastogi Rakhi Hub 178,25.19,16
5073,Kids & Cartoon,Silk Thread,2026,3,Yes,Saturday,North,Local Street Vendor,35.8,Credit Card,7,Jain Rakhi Hub 177,12.68,19
4611,Eco-Friendly,Silk Thread,2026,4,yES,Saturday,Central,Online,28.6,Cash,3,Chawla Rakhi Hub 171,45.76,14
5622,Kids & Cartoon,Silk Thread,2026,7,No,Monday,East,Supermarket,38.3,Cash,1,Chopra Rakhi Hub 44,17.48,6
3786,Eco-Friendly,Sandalwood (Chandan),2026,7,yES,Saturday,West,Online,34.9,Cash,4,Nanda Rakhi Hub 28,77.86,23
5324,Premium & Jewelry,Sandalwood (Chandan),2026,4,No,Wednesday,West,Local Street Vendor,33.3,Credit Card,12,Bhatia Rakhi Hub 300,186.51,43
2706,Kids & Cartoon,Silk Thread,2026,6,No,Wednesday,West,Local Street Vendor,32.3,Cash,2,Sethi Rakhi Hub 22,12.2,8
1256,Eco-Friendly,Sterling Silver,2026,2,#Yes,Sunday,,Supermarket,33.7,Credit Card,36,Chawla Rakhi Hub 201,201.82,90
2105,Kids & Cartoon,Silk Thread,2026,2,Yes,Sunday,West,Supermarket,38.7,Cash,9,Malhotra Rakhi Hub 281,17.5,34
4315,Premium & Jewelry,Silk Thread,2026,5,No,Monday,Central,Online,36.2,Cash,1,Nanda Rakhi Corner,136.5,5
4412,Premium & Jewelry,Sterling Silver,2026,1,#Yes,Saturday,North,Online,27.8,Credit Card,8,Sethi Rakhi Hub 160,598.65,21
4408,Kids & Cartoon,Silk Thread,2026,6,#Yes,Sunday,,Supermarket,35.7,Cash,2,Gupta Rakhi Bazaar,13.67,11
899,Premium & Jewelry,Sterling Silver,2026,7,#Yes,Saturday,East,Online,37.8,Cash,2,Sharma Rakhi Hub 259,752.68,7
429,Premium & Jewelry,Sterling Silver,2026,3,#Yes,Saturday,North,Local Street Vendor,31.5,UPI,7,Verma Rakhi Hub 30,605.4,22
5527,Kids & Cartoon,Silk Thread,2026,3,No,Monday,North,Supermarket,35.7,Credit Card,5,Gupta Rakhi Hub 291,18.95,17
5499,Premium & Jewelry,Sterling Silver,2026,7,yES,Saturday,East,Local Street Vendor,24.5,Cash,4,Nanda Emporium,476.64,10
624,Kids & Cartoon,Silk Thread,2026,4,No,Friday,Central,Online,35.4,Cash,9,Gupta Rakhi & Gifts,22.73,34
5589,Kids & Cartoon,Silk Thread,2026,4,Yes,Saturday,Central,Supermarket,29.4,Cash,8,Arora Rakhi Bazaar,14.89,21
1223,Eco-Friendly,Sandalwood (Chandan),2026,7,No,Thursday,Central,Supermarket,26.2,Cash,2,Goel Rakhi Bazaar,58.18,11
3542,Kids & Cartoon,Sandalwood (Chandan),2026,7,No,Friday,Central,Supermarket,38.2,UPI,16,Kapoor Rakhi Hub 36,29.72,65
3485,Kids & Cartoon,Silk Thread,2026,4,No,Tuesday,North,Local Street Vendor,32.1,UPI,5,Tandon Rakhi Hub 62,11.14,19
2594,Premium & Jewelry,Sterling Silver,2026,4,nO,Wednesday,,Supermarket,29.5,Cash,2,Kapoor Rakhi Point,534.11,8
5751,Premium & Jewelry,Sandalwood (Chandan),2026,1,No,Friday,North,Supermarket,32.8,Credit Card,6,Jain Rakhi Hub 154,232.59,24
339,Premium & Jewelry,Sterling Silver,2026,3,No,Monday,East,Supermarket,38.3,UPI,3,Chawla Rakhi Hub 186,731.97,10
5394,Kids & Cartoon,Silk Thread,2026,2,No,Tuesday,East,Local Street Vendor,35.2,Cash,12,Aggarwal Rakhi Hub 179,12.12,40
1622,Kids & Cartoon,Silk Thread,2026,6,No,Wednesday,North,Local Street Vendor,26.0,Cash,5,Jain Rakhi Hub 87,12.45,20
4226,Eco-Friendly,Sandalwood (Chandan),2026,4,No,Wednesday,East,Supermarket,54.8,Cash,7,Sethi Rakhi Store,66.13,26
4109,Eco-Friendly,Sandalwood (Chandan),2026,1,No,Monday,West,Local Street Vendor,33.7,Cash,10,Goel Handicrafts,46.98,31
3176,Premium & Jewelry,Sandalwood (Chandan),2026,6,Yes,Saturday,West,Online,27.1,UPI,11,Nanda Rakhi Hub 79,265.0,28
1097,Premium & Jewelry,Sterling Silver,2026,3,No,Monday,North,Local Street Vendor,24.9,Cash,9,Kapoor Rakhi Point,580.49,33
2716,Premium & Jewelry,Sterling Silver,2026,1,No,Wednesday,Central,Online,31.9,Credit Card,15,Bhatia Rakhi Hub 300,674.63,50
2073,Premium & Jewelry,Sterling Silver,2026,6,Yes,Saturday,North,Online,35.3,Credit Card,2,Sharma Rakhi Hub 35,689.86,9
5798,Eco-Friendly,Sandalwood (Chandan),2026,1,Yes,Sunday,North,Local Street Vendor,28.5,UPI,12,Nanda Rakhi Hub 32,54.46,29
5511,Premium & Jewelry,Sterling Silver,2026,4,yES,Saturday,East,Local Street Vendor,30.0,Cash,6,Aggarwal Rakhi Bazaar,554.24,21
4202,Eco-Friendly,Sandalwood (Chandan),2026,1,No,Thursday,East,Supermarket,34.4,Cash,3,Sethi Rakhi Hub 238,59.32,19
887,Kids & Cartoon,Silk Thread,2026,6,No,Tuesday,East,Local Street Vendor,25.8,UPI,2,Bhatia Rakhi Hub 29,14.76,13
4486,Premium & Jewelry,Sterling Silver,2026,6,No,Thursday,Central,Local Street Vendor,26.7,UPI,2,Bhatia Rakhi Hub 29,472.09,8
2589,Kids & Cartoon,Silk Thread,2026,2,No,Monday,North,Local Street Vendor,31.8,Cash,10,Goel Rakhi Hub 181,12.79,32
1789,Eco-Friendly,Sandalwood (Chandan),2026,2,No,Friday,West,Supermarket,33.2,Credit Card,5,Jain Rakhi Hub 119,72.19,15
5809,Premium & Jewelry,Sterling Silver,2026,7,Yes,Sunday,North,Supermarket,33.8,UPI,2,Mehra Rakhi Hub 88,4485.54,7
3950,Premium & Jewelry,Sterling Silver,2026,2,No,Tuesday,Central,Online,31.3,UPI,12,Tandon Emporium,650.51,34
529,Eco-Friendly,Sandalwood (Chandan),2026,3,No,Monday,West,Online,28.0,Credit Card,4,Gupta Festive Mart,70.04,21
4072,Kids & Cartoon,Sandalwood (Chandan),2026,5,No,Thursday,,Supermarket,30.9,UPI,6,Sharma Festive Mart,28.58,31
193,Premium & Jewelry,Sterling Silver,2026,5,Yes,Saturday,North,Supermarket,31.9,Cash,6,Rastogi Rakhi Point,751.03,19
4511,Kids & Cartoon,Silk Thread,2026,6,#Yes,Saturday,West,Online,30.0,Cash,7,Saxena Gift House,25.51,30
1127,Kids & Cartoon,Silk Thread,2026,2,No,Thursday,North,Online,34.4,Cash,8,Saxena Rakhi Hub 294,21.44,38
3468,Kids & Cartoon,Silk Thread,2026,6,#Yes,Saturday,North,Supermarket,32.1,Cash,13,Tandon Rakhi Hub 65,19.63,32
3686,Premium & Jewelry,Sterling Silver,2026,6,Yes,Sunday,East,Supermarket,24.3,UPI,4,Bhatia Rakhi Point,585.81,20
3148,Eco-Friendly,Sandalwood (Chandan),2026,5,No,Thursday,East,Local Street Vendor,31.7,Cash,6,Bhatia Rakhi Point,48.91,27
305,Eco-Friendly,Sandalwood (Chandan),2026,2,Yes,Sunday,East,Local Street Vendor,31.6,Credit Card,7,Saxena Festive Mart,50.78,24
3553,Kids & Cartoon,Silk Thread,2026,2,#Yes,Sunday,Central,Local Street Vendor,36.6,Credit Card,8,Rastogi Rakhi Hub 251,45.72,21
1293,Kids & Cartoon,Silk Thread,2026,5,Yes,Sunday,East,Supermarket,28.4,Cash,5,Goel Rakhi Hub 208,20.18,20
71,Premium & Jewelry,Sandalwood (Chandan),2026,6,#Yes,Saturday,East,Local Street Vendor,33.7,UPI,6,Chopra Rakhi Point,116.15,25
3556,Eco-Friendly,Sterling Silver,2026,6,No,Monday,Central,Local Street Vendor,37.2,Cash,2,Verma Festive Mart,113.76,9
4576,Premium & Jewelry,Sterling Silver,2026,1,Yes,Sunday,East,Local Street Vendor,31.3,Cash,6,Sethi Rakhi Hub 242,553.59,32
2688,Kids & Cartoon,Silk Thread,2026,1,Yes,Sunday,East,Online,26.5,Credit Card,14,Chawla Rakhi Corner,26.24,42
2675,Kids & Cartoon,Silk Thread,2026,7,No,Monday,North,Local Street Vendor,34.3,Cash,1,Nanda Traditions,11.76,7
3652,Premium & Jewelry,Sandalwood (Chandan),2026,5,No,Thursday,Central,Local Street Vendor,33.2,Cash,7,Khanna Rakhi Point,184.76,22
832,Kids & Cartoon,Silk Thread,2026,7,#Yes,Sunday,West,Local Street Vendor,29.7,Cash,2,Chawla Handicrafts,10.54,6
5021,Eco-Friendly,Sandalwood (Chandan),2026,3,No,Thursday,West,Supermarket,30.5,Cash,6,Aggarwal Rakhi Hub 212,75.61,28
1457,Premium & Jewelry,Silk Thread,2026,3,nO,Thursday,West,Local Street Vendor,35.3,Cash,34,Jain Emporium,68.54,109
4014,Premium & Jewelry,Sterling Silver,2026,7,No,Wednesday,Central,Supermarket,30.5,Cash,1,Chopra Gift House,660.72,7
4900,Eco-Friendly,Silk Thread,2026,6,Yes,Sunday,Central,Online,30.5,UPI,4,Bansal Rakhi Hub 237,34.55,9
239,Premium & Jewelry,Sandalwood (Chandan),2026,5,No,Thursday,East,Online,30.5,UPI,1,Goel Festive Mart,247.92,8
93,Kids & Cartoon,Silk Thread,2026,4,Yes,Sunday,East,Supermarket,35.6,Credit Card,4,Aggarwal Festive Mart,15.98,11
2978,Eco-Friendly,Sandalwood (Chandan),2026,4,No,Friday,Central,Online,32.0,Cash,20,Jain Traditions,67.57,18
3464,Premium & Jewelry,Sterling Silver,2026,3,No,Thursday,Central,Local Street Vendor,31.8,Credit Card,6,Aggarwal Traditions,630.71,32
3938,Kids & Cartoon,Silk Thread,2026,2,No,Monday,East,Supermarket,37.4,Cash,5,Sethi Emporium,19.74,27
22,Kids & Cartoon,Silk Thread,2026,7,nO,Thursday,East,Local Street Vendor,39.2,Credit Card,18,Mehra Rakhi Hub 273,11.22,68
4152,Kids & Cartoon,Silk Thread,2026,3,No,Monday,East,Online,28.1,Credit Card,7,Mehra Rakhi Hub 285,24.5,22
1945,Eco-Friendly,Sandalwood (Chandan),2026,1,No,Thursday,West,Supermarket,30.4,UPI,7,Saxena Rakhi Hub 41,57.66,47
3411,Kids & Cartoon,Silk Thread,2026,1,No,Friday,Central,Local Street Vendor,35.1,Cash,5,Gupta Rakhi Hub 291,11.65,20
4225,Premium & Jewelry,Silk Thread,2026,4,#Yes,Saturday,East,Local Street Vendor,33.8,UPI,6,Verma Rakhi Hub 95,102.33,29
511,Premium & Jewelry,Silk Thread,2026,3,#Yes,Saturday,Central,Supermarket,29.2,Cash,7,Verma Rakhi Hub 92,87.91,26
1002,Kids & Cartoon,Sandalwood (Chandan),2026,6,nO,Wednesday,East,Supermarket,29.5,Cash,2,Bansal Rakhi Bazaar,42.4,7
4142,Kids & Cartoon,Silk Thread,2026,6,No,Wednesday,Central,Online,38.7,Cash,2,Chopra Rakhi Hub 248,21.02,14
975,Kids & Cartoon,Silk Thread,2026,5,No,Monday,Central,Online,30.7,UPI,4,Goel Rakhi Hub 181,26.06,15
2378,Kids & Cartoon,Silk Thread,2026,1,No,Thursday,East,Local Street Vendor,35.3,Credit Card,6,Chawla Rakhi Hub 283,15.82,27
5273,Eco-Friendly,Sandalwood (Chandan),2026,7,Yes,Saturday,West,Supermarket,35.7,UPI,8,Chawla Rakhi Hub 295,67.62,18
4996,Premium & Jewelry,Sandalwood (Chandan),2026,2,No,Thursday,Central,Online,30.7,Cash,47,Chawla Handicrafts,158.36,51
699,Kids & Cartoon,Silk Thread,2026,7,nO,Tuesday,Central,Local Street Vendor,33.7,UPI,2,Nanda Emporium,13.79,8
4855,Premium & Jewelry,Sandalwood (Chandan),2026,4,Yes,Sunday,Central,Supermarket,31.6,Cash,9,Bhatia Rakhi Hub 254,191.01,26
1533,Kids & Cartoon,Silk Thread,2026,1,No,Thursday,Central,Supermarket,33.4,Credit Card,18,Gupta Rakhi Hub 68,19.06,60
2411,Kids & Cartoon,Silk Thread,2026,3,No,Tuesday,North,Supermarket,31.3,UPI,11,Chopra Rakhi Store,17.1,42
4864,Eco-Friendly,Silk Thread,2026,5,No,Friday,West,Supermarket,,Cash,2,Arora Rakhi Hub 219,24.44,8
412,Kids & Cartoon,Silk Thread,2026,5,No,Monday,East,Online,35.4,UPI,5,Aggarwal Rakhi Hub 205,19.45,26
3594,Premium & Jewelry,Sterling Silver,2026,1,#Yes,Sunday,West,Local Street Vendor,35.1,Cash,12,Khanna Rakhi & Gifts,335.48,33
4550,Premium & Jewelry,Sterling Silver,2026,3,Yes,Sunday,,Supermarket,28.1,Credit Card,3,Arora Rakhi Hub 210,716.72,13
921,Premium & Jewelry,Silk Thread,2026,1,Yes,Sunday,Central,Local Street Vendor,34.8,Credit Card,10,Jain Rakhi Bazaar,92.37,49
2806,Premium & Jewelry,Sterling Silver,2026,3,No,Tuesday,North,Supermarket,25.0,Cash,9,Mehra Festive Mart,822.0,29
5476,Premium & Jewelry,Sterling Silver,2026,4,nO,Thursday,Central,Supermarket,37.0,Credit Card,18,Kapoor Rakhi Hub 36,793.87,62
527,Eco-Friendly,Sandalwood (Chandan),2026,3,No,Thursday,North,Online,30.3,Cash,12,Rastogi Handicrafts,77.56,44
3083,Kids & Cartoon,Silk Thread,2026,6,No,Thursday,Central,Online,34.7,Cash,2,Sethi Rakhi Hub 76,22.15,8
5902,Premium & Jewelry,Sterling Silver,2026,6,No,Wednesday,West,Supermarket,34.9,Cash,3,Saxena Rakhi Point,700.34,13
1737,Eco-Friendly,Sandalwood (Chandan),2026,3,No,Monday,North,Online,25.5,Cash,4,Malhotra Rakhi Hub 281,87.36,12
1461,Eco-Friendly,Sandalwood (Chandan),2026,3,Yes,Sunday,West,Online,26.5,Cash,10,Nanda Rakhi Hub 28,92.4,38
5031,Premium & Jewelry,Sterling Silver,2026,1,Yes,Saturday,East,Local Street Vendor,33.0,Credit Card,4,Bansal Gift House,455.99,22
833,Kids & Cartoon,Silk Thread,2026,4,nO,Thursday,North,Supermarket,39.7,Cash,3,Sharma Rakhi Hub 185,17.15,14
3355,Kids & Cartoon,Silk Thread,2026,5,#Yes,Sunday,East,Online,31.0,UPI,8,Chawla Traditions,18.82,18
5178,Premium & Jewelry,Silk Thread,2026,5,No,Wednesday,Central,Supermarket,34.7,Cash,19,Goel Rakhi Hub 86,141.46,59
3401,Premium & Jewelry,Sterling Silver,2026,1,No,Tuesday,West,Supermarket,28.7,UPI,16,Chawla Festive Mart,709.63,55
634,Kids & Cartoon,Silk Thread,2026,6,nO,Friday,West,Supermarket,30.6,UPI,4,Saxena Festive Mart,15.06,13
3022,Eco-Friendly,Sandalwood (Chandan),2026,3,No,Friday,East,Supermarket,34.3,Credit Card,5,Chopra Rakhi Hub 69,60.36,21
499,Kids & Cartoon,Silk Thread,2026,5,No,Tuesday,East,Online,30.9,Credit Card,2,Malhotra Handicrafts,19.32,6
4824,Eco-Friendly,Sandalwood (Chandan),2026,1,No,Wednesday,West,Online,34.6,Credit Card,7,Gupta Rakhi Hub 68,52.6,20
2464,Kids & Cartoon,Silk Thread,2026,4,yES,Sunday,Central,Online,31.1,Cash,9,Nanda Rakhi Hub 129,23.15,38
4509,Eco-Friendly,Sterling Silver,2026,1,yES,Sunday,East,Local Street Vendor,32.0,Cash,11,Chopra Rakhi Hub 153,152.67,31
638,Eco-Friendly,Sandalwood (Chandan),2026,4,yES,Sunday,East,Supermarket,32.8,Cash,4,Chawla Rakhi Hub 102,58.24,12
721,Kids & Cartoon,Silk Thread,2026,2,No,Monday,North,Online,39.8,Credit Card,7,Tandon Rakhi Hub 296,20.95,42
289,Kids & Cartoon,Silk Thread,2026,7,nO,Wednesday,Central,Supermarket,31.7,Cash,1,Goel Rakhi Hub 107,16.89,4
758,Eco-Friendly,Sandalwood (Chandan),2026,6,Yes,Saturday,West,Supermarket,37.0,Credit Card,5,Bansal Gift House,51.61,14
4691,Kids & Cartoon,Silk Thread,2026,7,No,Thursday,Central,Supermarket,32.8,Credit Card,4,Gupta Rakhi Store,16.48,14
4560,Eco-Friendly,Sandalwood (Chandan),2026,3,Yes,Sunday,North,Local Street Vendor,34.1,UPI,7,Khanna Rakhi Hub 188,36.31,17
3090,Eco-Friendly,Sandalwood (Chandan),2026,1,No,Wednesday,Central,Supermarket,31.5,Credit Card,4,Gupta Rakhi Hub 139,59.2,19
4685,Eco-Friendly,Sandalwood (Chandan),2026,5,No,Wednesday,North,Local Street Vendor,25.7,Cash,6,Gupta Rakhi Hub 27,49.37,22
5462,Premium & Jewelry,Sterling Silver,2026,6,nO,Tuesday,Central,Local Street Vendor,38.5,UPI,4,Goel Rakhi Hub 100,446.69,15
5554,Premium & Jewelry,Sterling Silver,2026,6,No,Tuesday,East,Local Street Vendor,33.2,Cash,5,Bansal Rakhi Hub 217,643.32,15
450,Kids & Cartoon,Silk Thread,2026,1,Yes,Sunday,Central,Local Street Vendor,32.0,Credit Card,5,Chawla Rakhi Hub 295,17.58,18
597,Eco-Friendly,Silk Thread,2026,3,Yes,Sunday,Central,Online,34.6,UPI,16,Kapoor Rakhi Hub 109,37.01,41
3602,Premium & Jewelry,Sterling Silver,2026,3,Yes,Sunday,North,Local Street Vendor,30.8,UPI,8,Tandon Rakhi Point,502.02,20
1069,Premium & Jewelry,Sterling Silver,2026,5,Yes,Sunday,East,Local Street Vendor,34.1,UPI,3,Kapoor Rakhi Hub 258,385.22,16
1943,Kids & Cartoon,Silk Thread,2026,3,Yes,Saturday,East,Local Street Vendor,30.8,Cash,8,Arora Emporium,14.52,25
1648,Eco-Friendly,Sandalwood (Chandan),2026,5,Yes,Sunday,North,Local Street Vendor,29.7,Cash,10,Chawla Rakhi Store,53.82,25
3972,Premium & Jewelry,Sterling Silver,2026,3,Yes,Sunday,North,Local Street Vendor,35.1,Cash,4,Nanda Rakhi Hub 28,536.57,18
5272,Eco-Friendly,Sandalwood (Chandan),2026,5,No,Monday,Central,Local Street Vendor,37.9,Credit Card,3,Bhatia Rakhi Point,45.88,14
2701,Kids & Cartoon,Silk Thread,2026,2,nO,Thursday,East,Online,37.3,Cash,7,Saxena Rakhi Hub 158,21.1,31
1701,Eco-Friendly,Silk Thread,2026,5,No,Monday,West,Local Street Vendor,25.8,Cash,4,Nanda Rakhi Hub 129,26.83,16
3703,Kids & Cartoon,Sandalwood (Chandan),2026,5,No,Thursday,North,Online,32.2,Cash,5,Nanda Rakhi Hub 195,35.49,15
4756,Kids & Cartoon,Silk Thread,2026,5,nO,Wednesday,North,Local Street Vendor,30.9,UPI,4,Saxena Rakhi Hub 193,14.84,11
4376,Premium & Jewelry,Silk Thread,2026,4,nO,Monday,,Local Street Vendor,31.1,Credit Card,6,Rastogi Rakhi Hub 50,376.17,22
2943,Eco-Friendly,Silk Thread,2026,6,Yes,Sunday,Central,Local Street Vendor,26.0,Cash,1,Verma Rakhi Hub 95,25.71,5
1959,Eco-Friendly,Silk Thread,2026,1,No,Wednesday,North,Local Street Vendor,32.3,UPI,8,Bansal Handicrafts,25.93,41
3466,Eco-Friendly,Silk Thread,2026,4,No,Wednesday,Central,Local Street Vendor,26.5,Cash,4,Arora Gift House,25.88,17
5744,Eco-Friendly,Silk Thread,2026,7,Yes,Sunday,East,Supermarket,38.2,Cash,7,Kapoor Rakhi Hub 287,31.3,36
2124,Premium & Jewelry,Sterling Silver,2026,7,No,Friday,Central,Supermarket,37.2,Cash,3,Goel Handicrafts,612.56,10
4148,Kids & Cartoon,Silk Thread,2026,4,No,Friday,West,Supermarket,25.9,UPI,5,Mehra Rakhi Hub 183,19.42,33
87,Eco-Friendly,Sandalwood (Chandan),2026,3,Yes,Saturday,Central,Online,39.9,Cash,7,Aggarwal Gift House,94.42,25
2309,Kids & Cartoon,Silk Thread,2026,2,No,Monday,Central,Supermarket,18.9,Cash,14,Sharma Rakhi Hub 136,16.56,44
2678,Eco-Friendly,Sandalwood (Chandan),2026,5,No,Wednesday,West,Supermarket,33.5,Cash,2,Goel Rakhi Hub 239,72.8,11
5404,Premium & Jewelry,Sterling Silver,2026,5,Yes,Sunday,East,Local Street Vendor,37.5,Cash,10,Sethi Rakhi Hub 173,429.65,28
5604,Eco-Friendly,Sandalwood (Chandan),2026,5,No,Wednesday,Central,Local Street Vendor,34.0,Credit Card,4,Bansal Traditions,43.08,19
4187,Premium & Jewelry,Sterling Silver,2026,7,No,Tuesday,East,Supermarket,18.9,Cash,1,Mehra Rakhi Hub 148,582.96,4
2595,Premium & Jewelry,Sterling Silver,2026,3,No,Tuesday,West,Online,39.3,UPI,9,Saxena Rakhi Bazaar,951.56,40
5342,Premium & Jewelry,Sterling Silver,2026,4,No,Monday,East,Online,33.2,Cash,7,Jain Rakhi Hub 87,748.29,23
3059,Premium & Jewelry,Sterling Silver,2026,7,No,Thursday,East,Local Street Vendor,39.0,Cash,1,Mehra Festive Mart,493.0,4
1030,Kids & Cartoon,Silk Thread,2026,4,nO,Wednesday,North,Local Street Vendor,29.8,UPI,2,Jain Rakhi Hub 159,12.93,8
5475,Kids & Cartoon,Silk Thread,2026,6,No,Tuesday,East,Supermarket,29.5,Credit Card,4,Nanda Gift House,16.5,16
2877,Premium & Jewelry,Sandalwood (Chandan),2026,3,yES,Saturday,West,Supermarket,33.0,UPI,3,Saxena Rakhi Hub 111,1273.89,10
4506,Kids & Cartoon,Silk Thread,2026,5,nO,Wednesday,Central,Online,26.7,Credit Card,5,Tandon Rakhi Hub 147,19.5,25
4904,Eco-Friendly,Sandalwood (Chandan),2026,7,Yes,Sunday,West,Local Street Vendor,33.4,Cash,3,Khanna Rakhi Point,50.62,8
2145,Kids & Cartoon,Silk Thread,2026,6,No,Tuesday,East,Online,33.2,Credit Card,6,Jain Traditions,18.51,38
3983,Kids & Cartoon,Sandalwood (Chandan),2026,3,Yes,Saturday,West,Local Street Vendor,29.4,Credit Card,6,Kapoor Rakhi Point,24.17,23
896,Eco-Friendly,Silk Thread,2026,5,No,Thursday,North,Local Street Vendor,30.5,Cash,3,Kapoor Rakhi Bazaar,27.78,16
5028,Kids & Cartoon,Silk Thread,2026,5,Yes,Sunday,Central,Supermarket,37.9,UPI,7,Mehra Rakhi Hub 209,15.27,32
1201,Kids & Cartoon,Silk Thread,2026,3,yES,Sunday,East,Supermarket,31.4,Cash,35,Mehra Rakhi Store,17.45,26
2026,Kids & Cartoon,Silk Thread,2026,7,Yes,Sunday,East,Online,37.2,Cash,1,Gupta Rakhi Corner,17.36,7
622,Kids & Cartoon,Silk Thread,2026,7,No,Thursday,,Online,36.3,UPI,2,Mehra Rakhi Point,18.82,10
3058,Premium & Jewelry,Sandalwood (Chandan),2026,5,No,Thursday,West,Supermarket,42.6,Cash,4,Bhatia Rakhi Hub 51,174.82,19
567,Eco-Friendly,Sandalwood (Chandan),2026,4,No,Monday,Central,Local Street Vendor,36.4,Cash,8,Sethi Rakhi Hub 160,44.97,26
2833,Kids & Cartoon,Silk Thread,2026,1,No,Thursday,North,Local Street Vendor,35.7,Cash,5,Nanda Rakhi Hub 206,16.31,15
1838,Kids & Cartoon,Silk Thread,2026,2,No,Thursday,Central,Local Street Vendor,27.4,UPI,9,Khanna Festive Mart,15.87,42
1335,Eco-Friendly,Sandalwood (Chandan),2026,5,No,Monday,North,Local Street Vendor,35.5,UPI,2,Arora Gift House,66.74,5
3876,Kids & Cartoon,Silk Thread,2026,3,No,Monday,Central,Online,26.4,Credit Card,5,Mehra Gift House,20.79,22
4868,Premium & Jewelry,Sterling Silver,2026,7,#Yes,Saturday,West,Local Street Vendor,30.7,Cash,35,Rastogi Traditions,470.14,116
2100,Premium & Jewelry,Sandalwood (Chandan),2026,1,No,Monday,North,Online,31.0,Cash,9,Goel Rakhi Hub 243,243.49,39
4860,Premium & Jewelry,Sterling Silver,2026,5,Yes,Sunday,West,Local Street Vendor,30.9,Credit Card,4,Nanda Rakhi Hub 28,509.54,15
3412,Premium & Jewelry,Sterling Silver,2026,6,No,Monday,North,Local Street Vendor,28.5,UPI,3,Nanda Rakhi Hub 98,566.8,9
4330,Eco-Friendly,Sandalwood (Chandan),2026,1,No,Thursday,East,Online,29.2,UPI,11,Chopra Handicrafts,59.08,33
1689,Kids & Cartoon,Silk Thread,2026,4,No,Monday,North,Local Street Vendor,32.2,UPI,5,Chopra Rakhi Hub 216,11.12,15
746,Kids & Cartoon,Silk Thread,2026,2,#Yes,Sunday,East,Supermarket,,UPI,4,Aggarwal Rakhi Hub 162,80.77,17
5481,Premium & Jewelry,Sterling Silver,2026,4,No,Monday,Central,Local Street Vendor,36.6,Cash,6,Bansal Rakhi Hub 82,525.65,18
1251,Premium & Jewelry,Sterling Silver,2026,6,Yes,Saturday,West,Supermarket,32.7,Cash,7,Rastogi Rakhi Hub 42,798.88,18
2188,Kids & Cartoon,Silk Thread,2026,6,No,Monday,Central,Local Street Vendor,27.5,UPI,2,Sethi Rakhi & Gifts,11.18,9
196,Premium & Jewelry,Sterling Silver,2026,1,nO,Wednesday,East,Local Street Vendor,28.4,Credit Card,6,Gupta Emporium,432.79,17
1153,Premium & Jewelry,Sandalwood (Chandan),2026,5,nO,Thursday,West,Supermarket,,Credit Card,4,Khanna Rakhi Hub 146,233.24,13
676,Kids & Cartoon,Silk Thread,2026,4,#Yes,Sunday,West,Supermarket,30.2,Credit Card,9,Mehra Rakhi Hub 25,13.03,35
5284,Kids & Cartoon,Silk Thread,2026,6,yES,Sunday,Central,Online,29.2,UPI,2,Verma Gift House,15.4,9
803,Eco-Friendly,Sandalwood (Chandan),2026,1,No,Friday,East,Supermarket,28.4,UPI,11,Bansal Rakhi & Gifts,49.17,44
5009,Eco-Friendly,Sandalwood (Chandan),2026,2,No,Wednesday,Central,Supermarket,36.3,Credit Card,9,Chawla Rakhi Hub 283,65.53,27
2351,Premium & Jewelry,Sandalwood (Chandan),2026,1,Yes,Sunday,West,Local Street Vendor,28.0,Credit Card,21,Goel Rakhi Hub 244,122.46,62
3156,Kids & Cartoon,Sandalwood (Chandan),2026,7,Yes,Saturday,Central,Local Street Vendor,48.3,Cash,3,Sharma Rakhi Hub 84,24.63,12
3410,Premium & Jewelry,Sterling Silver,2026,1,No,Friday,East,Local Street Vendor,37.4,Cash,10,Saxena Rakhi & Gifts,544.48,38
967,Eco-Friendly,Sandalwood (Chandan),2026,6,No,Tuesday,West,Local Street Vendor,30.1,UPI,2,Gupta Rakhi Hub 187,37.31,9
5185,Premium & Jewelry,Sterling Silver,2026,5,Yes,Saturday,West,Local Street Vendor,27.8,UPI,8,Sethi Rakhi Hub 286,572.92,25
2069,Premium & Jewelry,Sterling Silver,2026,5,Yes,Saturday,Central,Supermarket,26.4,UPI,10,Bansal Rakhi Hub 237,671.3,30
2908,Premium & Jewelry,Sandalwood (Chandan),2026,4,No,Wednesday,Central,Local Street Vendor,32.9,Credit Card,4,Mehra Rakhi Hub 88,110.96,12
4925,Kids & Cartoon,Silk Thread,2026,7,Yes,Saturday,Central,Local Street Vendor,,Cash,2,Rastogi Emporium,11.48,4
4227,Kids & Cartoon,Silk Thread,2026,4,Yes,Saturday,North,Supermarket,42.3,Credit Card,7,Verma Emporium,16.87,24
645,Kids & Cartoon,Silk Thread,2026,1,nO,Wednesday,East,Online,30.9,UPI,11,Khanna Rakhi Hub 184,19.84,40
2855,Eco-Friendly,Sandalwood (Chandan),2026,2,No,Tuesday,North,Online,30.8,Credit Card,4,Aggarwal Rakhi Hub 90,76.31,17
3093,Eco-Friendly,Silk Thread,2026,2,Yes,Sunday,West,Supermarket,31.3,Cash,12,Goel Rakhi Hub 221,33.46,35
3625,Kids & Cartoon,Silk Thread,2026,7,nO,Thursday,,Online,29.7,Credit Card,4,Khanna Emporium,20.62,20
3780,Eco-Friendly,Sandalwood (Chandan),2026,2,Yes,Sunday,East,Local Street Vendor,32.6,Credit Card,24,Goel Rakhi Hub 100,57.33,55
67,Kids & Cartoon,Silk Thread,2026,1,No,Monday,East,Local Street Vendor,31.8,Cash,4,Chopra Rakhi Hub 12,10.71,28
121,Kids & Cartoon,Silk Thread,2026,1,Yes,Sunday,East,Online,34.5,Cash,13,Nanda Rakhi Hub 232,23.75,36
1778,Kids & Cartoon,Silk Thread,2026,7,No,Thursday,Central,Supermarket,35.1,Cash,3,Gupta Rakhi Hub 297,24.15,13
2982,Premium & Jewelry,Sterling Silver,2026,2,No,Thursday,Central,Local Street Vendor,30.4,Cash,3,Sharma Rakhi Hub 259,583.73,15
4274,Eco-Friendly,Sandalwood (Chandan),2026,5,Yes,Sunday,Central,Supermarket,32.7,Credit Card,5,Saxena Rakhi Store,68.51,19
3075,Eco-Friendly,Sandalwood (Chandan),2026,1,No,Friday,West,Online,30.6,Cash,11,Arora Rakhi Hub 46,70.2,31
3125,Premium & Jewelry,Sandalwood (Chandan),2026,2,nO,Friday,West,Local Street Vendor,33.3,Credit Card,15,Mehra Rakhi & Gifts,172.95,66
1283,Kids & Cartoon,Silk Thread,2026,5,Yes,Saturday,East,Online,23.6,Credit Card,4,Nanda Rakhi Hub 261,23.23,20
1064,Kids & Cartoon,Silk Thread,2026,4,No,Thursday,West,Supermarket,35.7,Cash,3,Chawla Gift House,20.18,11
3036,Eco-Friendly,Silk Thread,2026,1,Yes,Sunday,West,Online,34.5,Credit Card,10,Goel Rakhi Hub 208,49.35,45
2136,Kids & Cartoon,Silk Thread,2026,6,No,Thursday,Central,Local Street Vendor,36.2,UPI,2,Verma Rakhi Hub 151,79.22,8
1634,Kids & Cartoon,Silk Thread,2026,7,Yes,Sunday,Central,Online,37.8,Cash,2,Goel Rakhi Hub 15,19.83,7
4125,Eco-Friendly,Silk Thread,2026,3,yES,Sunday,East,Online,27.0,Cash,6,Rastogi Rakhi Hub 231,50.85,19
135,Kids & Cartoon,Silk Thread,2026,5,No,Tuesday,Central,Local Street Vendor,31.7,UPI,10,Arora Traditions,9.62,11
5469,Kids & Cartoon,Silk Thread,2026,2,No,Friday,West,Local Street Vendor,35.1,Cash,6,Khanna Rakhi Hub 271,10.36,18
4123,Eco-Friendly,Silk Thread,2026,7,No,Monday,,Online,36.3,Credit Card,4,Mehra Rakhi Hub 209,29.84,21
4354,Premium & Jewelry,Silk Thread,2026,4,Yes,Saturday,,Online,30.3,Cash,4,Goel Rakhi Hub 116,142.67,11
4251,Kids & Cartoon,Silk Thread,2026,4,No,Thursday,West,Online,30.3,Cash,6,Gupta Rakhi Hub 291,17.76,24
3509,Kids & Cartoon,Silk Thread,2026,4,No,Thursday,East,Online,33.6,Credit Card,9,Bhatia Rakhi Bazaar,19.76,28
4604,Kids & Cartoon,Silk Thread,2026,5,No,Tuesday,North,Local Street Vendor,35.4,Cash,3,Nanda Rakhi Hub 279,15.97,16
2560,Premium & Jewelry,Sandalwood (Chandan),2026,4,nO,Tuesday,Central,Local Street Vendor,31.7,Cash,3,Mehra Rakhi Hub 167,156.37,12
63,Kids & Cartoon,Silk Thread,2026,3,No,Thursday,West,Supermarket,30.8,Credit Card,10,Bansal Rakhi Hub 260,97.83,39
2295,Premium & Jewelry,Sterling Silver,2026,2,Yes,Sunday,East,Online,30.9,Credit Card,10,Chopra Rakhi Hub 127,889.74,26
1751,Kids & Cartoon,Silk Thread,2026,3,yES,Sunday,West,Local Street Vendor,39.5,Cash,4,Kapoor Rakhi Corner,12.02,11
4310,Kids & Cartoon,Silk Thread,2026,3,nO,Friday,,Local Street Vendor,34.2,UPI,1,Bhatia Rakhi Store,14.68,3
1643,Kids & Cartoon,Silk Thread,2026,5,nO,Friday,East,Local Street Vendor,29.3,UPI,2,Khanna Rakhi Hub 121,12.7,11
5693,Kids & Cartoon,Silk Thread,2026,6,Yes,Saturday,West,Local Street Vendor,33.6,Cash,4,Verma Rakhi Hub 73,14.92,11
2468,Kids & Cartoon,Silk Thread,2026,5,No,Thursday,North,Local Street Vendor,27.8,Cash,3,Rastogi Rakhi Hub 178,9.64,14
680,Kids & Cartoon,Silk Thread,2026,5,No,Thursday,Central,Supermarket,32.1,Cash,8,Mehra Emporium,18.27,39
4481,Kids & Cartoon,Sandalwood (Chandan),2026,3,No,Friday,Central,Local Street Vendor,32.8,UPI,7,Khanna Rakhi Hub 132,20.2,29
742,Premium & Jewelry,Sterling Silver,2026,7,No,Wednesday,East,Online,34.7,Credit Card,5,Bhatia Rakhi Hub 80,577.29,15
1212,Eco-Friendly,Sandalwood (Chandan),2026,6,No,Monday,,Local Street Vendor,39.1,Credit Card,1,Khanna Rakhi Hub 121,45.66,10
2171,Kids & Cartoon,Sandalwood (Chandan),2026,2,No,Wednesday,,Supermarket,29.6,Cash,8,Chopra Rakhi Hub 69,24.87,28
3557,Kids & Cartoon,Silk Thread,2026,3,No,Thursday,East,Supermarket,31.9,Cash,8,Verma Rakhi Hub 236,17.18,34
1758,Eco-Friendly,Sterling Silver,2026,5,No,Tuesday,North,Local Street Vendor,31.8,Cash,2,Chopra Gift House,158.49,9
5330,Kids & Cartoon,Sandalwood (Chandan),2026,1,No,Wednesday,Central,Local Street Vendor,33.9,UPI,9,Bansal Rakhi Hub 288,26.44,43
2901,Kids & Cartoon,Silk Thread,2026,1,No,Thursday,Central,Supermarket,31.8,Credit Card,5,Rastogi Rakhi Hub 231,118.99,27
3259,Kids & Cartoon,Silk Thread,2026,4,Yes,Saturday,East,Online,33.1,UPI,15,Nanda Festive Mart,19.71,53
568,Premium & Jewelry,Sterling Silver,2026,2,No,Monday,Central,Local Street Vendor,36.7,Cash,6,Chopra Festive Mart,437.14,18
1874,Eco-Friendly,Silk Thread,2026,3,No,Tuesday,Central,Local Street Vendor,32.1,UPI,4,Sethi Rakhi Hub 131,100.86,19
649,Kids & Cartoon,Sandalwood (Chandan),2026,6,nO,Friday,,Local Street Vendor,38.1,Cash,4,Saxena Festive Mart,19.51,15
2597,Premium & Jewelry,Sterling Silver,2026,6,Yes,Sunday,North,Local Street Vendor,31.7,Credit Card,6,Mehra Rakhi Hub 6,577.03,19
1718,Kids & Cartoon,Silk Thread,2026,6,Yes,Saturday,North,Online,31.4,UPI,9,Sethi Rakhi Hub 76,19.21,38
5294,Kids & Cartoon,Silk Thread,2026,3,Yes,Saturday,East,Local Street Vendor,32.7,UPI,12,Goel Rakhi Hub 116,11.88,29
2844,Premium & Jewelry,Sterling Silver,2026,6,nO,Friday,North,Supermarket,31.7,Credit Card,4,Sharma Rakhi Hub 259,773.97,13
1393,Premium & Jewelry,Sterling Silver,2026,2,No,Friday,East,Supermarket,32.9,Cash,4,Rastogi Handicrafts,682.64,27
5612,Eco-Friendly,Sandalwood (Chandan),2026,6,No,Friday,Central,Online,34.4,Cash,2,Bansal Rakhi Bazaar,68.35,9
3642,Premium & Jewelry,Sterling Silver,2026,7,#Yes,Saturday,East,Local Street Vendor,35.8,UPI,3,Chawla Rakhi Hub 250,569.98,8
5336,Eco-Friendly,Sterling Silver,2026,6,nO,Friday,Central,Local Street Vendor,28.9,Cash,2,Mehra Rakhi Corner,202.06,7
5270,Kids & Cartoon,Silk Thread,2026,2,Yes,Sunday,North,Local Street Vendor,28.6,UPI,4,Sethi Rakhi Hub 33,10.41,10
5876,Kids & Cartoon,Silk Thread,2026,1,No,Tuesday,West,Local Street Vendor,33.8,UPI,10,Kapoor Rakhi Store,11.24,32
490,Kids & Cartoon,Sandalwood (Chandan),2026,7,nO,Wednesday,West,Supermarket,35.3,UPI,2,Goel Rakhi Hub 243,43.9,9
494,Kids & Cartoon,Silk Thread,2026,4,No,Friday,North,Online,29.0,Credit Card,4,Bhatia Rakhi Hub 211,18.33,13
691,Premium & Jewelry,Sterling Silver,2026,4,Yes,Saturday,Central,Online,31.1,Credit Card,4,Sethi Rakhi Bazaar,744.54,11
5613,Premium & Jewelry,Sterling Silver,2026,6,Yes,Saturday,East,Supermarket,22.4,UPI,7,Nanda Rakhi Hub 232,784.82,22
603,Eco-Friendly,Silk Thread,2026,5,No,Thursday,Central,Local Street Vendor,34.4,Cash,2,Bansal Rakhi Hub 161,23.53,13
1912,Premium & Jewelry,Sterling Silver,2026,3,No,Thursday,East,Local Street Vendor,26.7,Credit Card,4,Tandon Gift House,497.36,15
5515,Premium & Jewelry,Sterling Silver,2026,7,No,Thursday,Central,Supermarket,29.5,Cash,5,Nanda Rakhi Bazaar,817.76,21
5208,Eco-Friendly,Sandalwood (Chandan),2026,7,No,Wednesday,East,Supermarket,34.5,Cash,2,Rastogi Rakhi Hub 298,76.78,12
4118,Eco-Friendly,Sandalwood (Chandan),2026,1,Yes,Saturday,North,Supermarket,38.1,Cash,6,Jain Rakhi Hub 154,391.43,24
5679,Eco-Friendly,Sandalwood (Chandan),2026,1,No,Thursday,West,Online,36.8,Cash,18,Gupta Rakhi Hub 191,62.17,53
3540,Kids & Cartoon,Silk Thread,2026,3,yES,Sunday,West,Local Street Vendor,31.7,Credit Card,9,Sharma Rakhi Corner,12.54,24
5060,Premium & Jewelry,Sterling Silver,2026,2,No,Monday,East,Online,31.7,Cash,2,Nanda Rakhi Hub 229,894.59,14
5490,Eco-Friendly,Sandalwood (Chandan),2026,7,No,Thursday,North,Supermarket,32.8,Cash,3,Kapoor Rakhi Hub 270,66.56,9
2367,Premium & Jewelry,Sterling Silver,2026,5,No,Thursday,North,Local Street Vendor,35.8,Credit Card,3,Goel Rakhi Hub 181,599.48,13
1188,Eco-Friendly,Sandalwood (Chandan),2026,3,No,Wednesday,East,Local Street Vendor,33.2,Credit Card,9,Jain Rakhi Hub 253,41.01,43
275,Kids & Cartoon,Silk Thread,2026,3,No,Tuesday,North,Local Street Vendor,34.8,Credit Card,3,Khanna Rakhi Hub 194,12.7,16
4542,Premium & Jewelry,Sterling Silver,2026,7,No,Thursday,North,Local Street Vendor,31.8,Credit Card,11,Chopra Rakhi Store,525.59,7
4997,Premium & Jewelry,Sterling Silver,2026,4,nO,Friday,East,Supermarket,29.0,Credit Card,7,Verma Rakhi Corner,670.54,13
1362,Kids & Cartoon,Silk Thread,2026,7,#Yes,Sunday,East,Online,34.3,UPI,2,Bhatia Rakhi Hub 18,22.37,5
3795,Kids & Cartoon,Silk Thread,2026,4,#Yes,Saturday,West,Supermarket,27.6,Credit Card,6,Verma Rakhi Hub 30,16.65,15
1527,Kids & Cartoon,Silk Thread,2026,6,yES,Saturday,North,Supermarket,34.8,Cash,4,Sethi Rakhi Hub 76,19.03,10
5591,Kids & Cartoon,Silk Thread,2026,5,No,Monday,West,Local Street Vendor,26.4,Credit Card,6,Nanda Rakhi Hub 195,12.0,22
3913,Eco-Friendly,Sandalwood (Chandan),2026,6,No,Thursday,,Local Street Vendor,28.6,Credit Card,5,Arora Rakhi Hub 235,271.29,14
1568,Premium & Jewelry,Sterling Silver,2026,4,nO,Tuesday,Central,Local Street Vendor,25.9,UPI,12,Rastogi Traditions,627.16,33
1552,Kids & Cartoon,Silk Thread,2026,1,No,Monday,West,Online,31.3,Cash,74,Saxena Rakhi Hub 49,25.76,289
331,Eco-Friendly,Sandalwood (Chandan),2026,4,No,Wednesday,West,Supermarket,27.8,Cash,2,Bansal Rakhi Hub 99,66.51,12
4498,Kids & Cartoon,Silk Thread,2026,1,No,Monday,East,Supermarket,35.8,Cash,46,Chopra Emporium,12.97,138
1338,Kids & Cartoon,Silk Thread,2026,3,No,Thursday,,Local Street Vendor,49.2,Cash,2,Mehra Rakhi Hub 256,15.86,7
5453,Eco-Friendly,Sandalwood (Chandan),2026,7,Yes,Saturday,West,Local Street Vendor,25.2,UPI,2,Gupta Rakhi Hub 299,44.31,5
946,Premium & Jewelry,Silk Thread,2026,2,yES,Saturday,East,Supermarket,25.4,Cash,9,Kapoor Rakhi Point,112.66,22
3184,Premium & Jewelry,Sandalwood (Chandan),2026,5,nO,Monday,East,Online,,Credit Card,5,Sethi Rakhi Hub 242,233.27,26
2251,Kids & Cartoon,Silk Thread,2026,7,No,Monday,North,Local Street Vendor,28.8,Cash,2,Bhatia Rakhi Hub 204,12.74,5
2201,Premium & Jewelry,Sterling Silver,2026,7,No,Tuesday,North,Local Street Vendor,35.0,Cash,1,Khanna Rakhi Hub 271,474.79,5
802,Kids & Cartoon,Silk Thread,2026,5,No,Wednesday,Central,Online,16.5,Cash,13,Aggarwal Rakhi Hub 263,22.58,39
3942,Premium & Jewelry,Sterling Silver,2026,6,Yes,Sunday,East,Supermarket,37.7,Cash,10,Sharma Rakhi Hub 141,707.86,24
2347,Eco-Friendly,Sandalwood (Chandan),2026,1,No,Wednesday,West,Online,34.9,Cash,3,Chawla Rakhi Hub 155,79.61,16
69,Premium & Jewelry,Sterling Silver,2026,3,Yes,Sunday,North,Local Street Vendor,39.6,UPI,4,Khanna Rakhi Hub 188,543.78,26
796,Kids & Cartoon,Silk Thread,2026,3,nO,Monday,Central,Local Street Vendor,31.1,Cash,7,Bansal Rakhi Hub 124,10.47,22
5697,Premium & Jewelry,Silk Thread,2026,7,nO,Friday,Central,Supermarket,31.3,UPI,8,Chawla Rakhi Hub 295,111.8,24
2785,Premium & Jewelry,Silk Thread,2026,4,No,Friday,North,Supermarket,32.0,Cash,3,Sharma Rakhi Hub 149,105.55,11
1599,Eco-Friendly,Sandalwood (Chandan),2026,2,No,Monday,East,Online,37.2,Cash,9,Tandon Rakhi Hub 147,58.13,39
4208,Premium & Jewelry,Sterling Silver,2026,7,No,Wednesday,East,Supermarket,19.1,Credit Card,7,Jain Rakhi Hub 159,704.78,23
4723,Premium & Jewelry,Sterling Silver,2026,7,Yes,Saturday,North,Online,29.8,Cash,2,Malhotra Rakhi Store,698.62,6
2056,Kids & Cartoon,Silk Thread,2026,4,Yes,Saturday,East,Local Street Vendor,29.6,Credit Card,4,Sharma Rakhi Hub 180,13.69,18
1504,Kids & Cartoon,Silk Thread,2026,1,No,Wednesday,North,Supermarket,32.7,Cash,13,Sharma Rakhi Hub 259,17.09,40
5046,Eco-Friendly,Sandalwood (Chandan),2026,2,No,Wednesday,North,Supermarket,28.6,Credit Card,10,Saxena Rakhi Hub 252,57.59,32
151,Eco-Friendly,Sandalwood (Chandan),2026,7,Yes,Saturday,North,Local Street Vendor,28.8,Credit Card,3,Rastogi Rakhi Store,41.32,9
2805,Premium & Jewelry,Silk Thread,2026,1,Yes,Sunday,West,Local Street Vendor,30.7,Cash,25,Gupta Rakhi Store,89.73,58
3965,Kids & Cartoon,Sterling Silver,2026,1,nO,Wednesday,Central,Supermarket,30.3,UPI,37,Rastogi Emporium,92.14,52
2087,Kids & Cartoon,Sandalwood (Chandan),2026,7,No,Tuesday,East,Online,35.4,Credit Card,1,Gupta Traditions,31.18,5
4065,Premium & Jewelry,Sterling Silver,2026,2,No,Tuesday,East,Local Street Vendor,32.0,Cash,5,Mehra Rakhi Store,443.02,19
2260,Kids & Cartoon,Silk Thread,2026,1,No,Tuesday,West,Online,29.3,Credit Card,4,Sharma Rakhi Hub 59,14.79,24
3948,Premium & Jewelry,Sterling Silver,2026,4,Yes,Sunday,West,Supermarket,29.9,Cash,11,Chawla Rakhi Hub 186,720.35,34
5184,Kids & Cartoon,Silk Thread,2026,7,No,Tuesday,East,Local Street Vendor,27.1,UPI,1,Chawla Emporium,12.04,5
1307,Kids & Cartoon,Silk Thread,2026,3,nO,Monday,,Supermarket,32.6,Cash,5,Mehra Rakhi Hub 256,16.62,28
5774,Kids & Cartoon,Silk Thread,2026,4,No,Wednesday,East,Local Street Vendor,31.2,Credit Card,3,Arora Rakhi Hub 169,12.21,16
860,Kids & Cartoon,Silk Thread,2026,4,No,Monday,,Online,31.2,Cash,5,Bansal Rakhi Point,22.86,23
3481,Kids & Cartoon,Sandalwood (Chandan),2026,7,No,Monday,North,Supermarket,31.4,Cash,2,Khanna Traditions,29.93,11
4986,Kids & Cartoon,Silk Thread,2026,7,No,Friday,East,Online,25.0,Credit Card,3,Bansal Rakhi Hub 124,19.52,10
3506,Kids & Cartoon,Silk Thread,2026,7,No,Tuesday,North,Online,31.3,Cash,1,Bansal Rakhi Hub 67,21.11,7
4815,Kids & Cartoon,Silk Thread,2026,6,No,Tuesday,East,Local Street Vendor,31.9,Cash,4,Khanna Handicrafts,14.13,20
4122,Eco-Friendly,Silk Thread,2026,2,yES,Sunday,North,Local Street Vendor,30.4,UPI,6,Chawla Rakhi Hub 94,20.67,25
3112,Premium & Jewelry,Sterling Silver,2026,1,nO,Wednesday,North,Supermarket,37.8,UPI,3,Mehra Traditions,580.1,9
367,Eco-Friendly,Sandalwood (Chandan),2026,1,nO,Friday,East,Online,29.7,UPI,14,Sethi Rakhi Hub 22,67.63,50
1433,Premium & Jewelry,Silk Thread,2026,1,No,Thursday,East,Supermarket,31.8,Cash,8,Khanna Rakhi Hub 293,121.04,47
4304,Kids & Cartoon,Silk Thread,2026,4,No,Tuesday,West,Online,29.9,Credit Card,12,Sethi Rakhi Corner,18.44,39
3368,Kids & Cartoon,Silk Thread,2026,6,No,Wednesday,East,Supermarket,27.0,UPI,18,Tandon Rakhi Hub 163,16.01,65
1780,Kids & Cartoon,Silk Thread,2026,4,Yes,Saturday,North,Online,29.3,Cash,5,Sethi Rakhi Hub 175,27.11,26
2740,Kids & Cartoon,Silk Thread,2026,5,No,Wednesday,Central,Online,31.6,UPI,2,Tandon Rakhi Hub 62,17.63,12
4174,Premium & Jewelry,Sterling Silver,2026,1,#Yes,Sunday,East,Online,29.0,UPI,19,Chopra Rakhi Hub 248,860.95,49
1819,Kids & Cartoon,Sandalwood (Chandan),2026,4,No,Thursday,West,Online,31.5,Cash,4,Bhatia Rakhi Hub 80,35.82,18
5121,Kids & Cartoon,Sandalwood (Chandan),2026,4,No,Monday,West,Local Street Vendor,27.8,UPI,4,Arora Rakhi Hub 114,27.76,13
842,Eco-Friendly,Sandalwood (Chandan),2026,3,nO,Monday,West,Local Street Vendor,27.7,Cash,10,Jain Rakhi Corner,42.57,46
2705,Eco-Friendly,Sandalwood (Chandan),2026,6,No,Thursday,East,Online,27.1,Cash,8,Rastogi Emporium,81.22,24
1190,Kids & Cartoon,Silk Thread,2026,5,Yes,Sunday,North,Local Street Vendor,28.4,UPI,2,Aggarwal Rakhi & Gifts,12.56,11
176,Premium & Jewelry,Sandalwood (Chandan),2026,2,No,Wednesday,Central,Supermarket,36.5,Cash,6,Goel Rakhi Hub 52,158.63,39
4442,Kids & Cartoon,Silk Thread,2026,3,Yes,Sunday,West,Supermarket,31.2,UPI,6,Bansal Rakhi Hub 99,14.56,16
3562,Kids & Cartoon,Silk Thread,2026,3,No,Tuesday,,Online,30.7,UPI,6,Chopra Rakhi Hub 153,19.31,23
618,Kids & Cartoon,Silk Thread,2026,5,Yes,Sunday,Central,Online,29.5,Cash,3,Malhotra Traditions,88.22,11
2094,Premium & Jewelry,Sandalwood (Chandan),2026,5,Yes,Saturday,West,Online,27.2,Cash,2,Sharma Rakhi Store,247.22,9
3309,Kids & Cartoon,Silk Thread,2026,6,No,Monday,West,Local Street Vendor,34.2,Cash,1,Goel Emporium,11.34,6
5821,Kids & Cartoon,Silk Thread,2026,5,No,Tuesday,West,Online,29.8,Credit Card,5,Rastogi Rakhi Hub 298,21.0,21
3828,Kids & Cartoon,Silk Thread,2026,1,nO,Thursday,West,Local Street Vendor,21.2,Cash,7,Goel Rakhi Hub 116,14.53,31
83,Eco-Friendly,Sandalwood (Chandan),2026,5,Yes,Sunday,East,Local Street Vendor,30.1,Cash,7,Mehra Rakhi Hub 246,43.25,20
3820,Eco-Friendly,Sandalwood (Chandan),2026,3,nO,Monday,North,Online,32.8,UPI,6,Mehra Rakhi Hub 101,82.32,7
3209,Premium & Jewelry,Sterling Silver,2026,1,Yes,Sunday,Central,Local Street Vendor,28.8,UPI,6,Tandon Gift House,441.58,22
817,Eco-Friendly,Sandalwood (Chandan),2026,7,No,Monday,East,Local Street Vendor,33.4,Cash,3,Khanna Emporium,45.09,10
1031,Kids & Cartoon,Sterling Silver,2026,4,No,Wednesday,East,Local Street Vendor,38.3,Cash,4,Mehra Rakhi Bazaar,522.52,29
4093,Eco-Friendly,Silk Thread,2026,1,Yes,Saturday,Central,Supermarket,30.2,Cash,17,Chawla Rakhi Hub 24,48.54,56
301,Eco-Friendly,Silk Thread,2026,4,Yes,Saturday,Central,Local Street Vendor,33.1,Cash,5,Mehra Rakhi Hub 6,113.39,15
2870,Premium & Jewelry,Sterling Silver,2026,6,nO,Wednesday,,Local Street Vendor,27.4,Cash,6,Goel Rakhi Hub 133,370.93,30
1473,Premium & Jewelry,Sterling Silver,2026,5,Yes,Saturday,West,Online,29.2,Cash,10,Chawla Rakhi Hub 269,788.45,25
284,Premium & Jewelry,Sterling Silver,2026,5,No,Friday,North,Supermarket,30.7,UPI,5,Tandon Rakhi Point,709.62,19
2029,Kids & Cartoon,Sandalwood (Chandan),2026,6,No,Friday,North,Online,31.6,Cash,4,Mehra Rakhi Hub 207,36.98,16
4311,Kids & Cartoon,Sterling Silver,2026,6,#Yes,Sunday,West,Local Street Vendor,26.8,Credit Card,14,Verma Festive Mart,64.01,36
4913,Kids & Cartoon,Silk Thread,2026,5,Yes,Sunday,East,Local Street Vendor,30.1,Credit Card,2,Khanna Rakhi Hub 184,13.88,11
2206,Kids & Cartoon,Silk Thread,2026,3,No,Thursday,East,Supermarket,28.5,Cash,3,Goel Rakhi Hub 239,19.51,15
2916,Premium & Jewelry,Sterling Silver,2026,6,No,Monday,West,Local Street Vendor,32.7,Credit Card,5,Sethi Rakhi & Gifts,502.49,18
1814,Premium & Jewelry,Sterling Silver,2026,6,No,Thursday,West,Local Street Vendor,37.0,UPI,3,Saxena Rakhi Hub 227,428.48,11
1272,Kids & Cartoon,Sandalwood (Chandan),2026,5,No,Monday,North,Local Street Vendor,31.1,Cash,3,Saxena Rakhi Corner,23.85,12
2161,Kids & Cartoon,Silk Thread,2026,7,No,Thursday,East,Online,,Cash,1,Malhotra Gift House,21.36,9
5279,Premium & Jewelry,Sterling Silver,2026,4,yES,Saturday,West,Online,28.4,Cash,5,Bhatia Rakhi Hub 18,826.31,25
3070,Kids & Cartoon,Silk Thread,2026,5,yES,Sunday,North,Online,35.1,Cash,12,Gupta Handicrafts,23.47,41
4981,Eco-Friendly,Sandalwood (Chandan),2026,7,yES,Saturday,Central,Supermarket,35.6,UPI,1,Gupta Handicrafts,57.52,7
5076,Premium & Jewelry,Sterling Silver,2026,7,No,Friday,East,Local Street Vendor,27.4,Credit Card,2,Goel Rakhi Hub 52,533.85,9
5108,Premium & Jewelry,Sterling Silver,2026,6,No,Wednesday,East,Supermarket,28.7,UPI,4,Chawla Rakhi Hub 155,666.45,19
3151,Premium & Jewelry,Sterling Silver,2026,7,No,Thursday,North,Supermarket,16.6,Cash,4,Nanda Gift House,589.91,18
821,Premium & Jewelry,Sterling Silver,2026,6,No,Tuesday,East,Local Street Vendor,35.3,Credit Card,2,Chopra Rakhi Point,421.97,10
2314,Premium & Jewelry,Sterling Silver,2026,3,No,Wednesday,Central,Local Street Vendor,32.5,Credit Card,12,Kapoor Emporium,596.43,51
2009,Premium & Jewelry,Sandalwood (Chandan),2026,7,No,Wednesday,East,Local Street Vendor,,UPI,2,Bansal Rakhi Hub 99,121.34,9
4833,Kids & Cartoon,Silk Thread,2026,6,No,Wednesday,East,Supermarket,32.6,Cash,5,Saxena Rakhi Hub 111,23.51,15
2643,Kids & Cartoon,Silk Thread,2026,7,No,Monday,West,Local Street Vendor,29.6,Credit Card,2,Sharma Rakhi Hub 35,47.43,9
3288,Kids & Cartoon,Silk Thread,2026,2,No,Monday,Central,Online,35.8,UPI,11,Kapoor Rakhi Hub 109,19.29,52
1902,Premium & Jewelry,Sterling Silver,2026,3,Yes,Saturday,East,Supermarket,37.0,Cash,4,Aggarwal Traditions,3044.45,17
2306,Kids & Cartoon,Silk Thread,2026,3,nO,Friday,,Supermarket,27.6,Credit Card,2,Goel Handicrafts,73.22,10
3052,Premium & Jewelry,Sterling Silver,2026,1,#Yes,Saturday,Central,Local Street Vendor,31.5,UPI,6,Bhatia Rakhi Hub 300,482.2,17
5768,Kids & Cartoon,Silk Thread,2026,1,Yes,Sunday,West,Online,26.7,Cash,6,Arora Rakhi Hub 219,15.14,31
100,Eco-Friendly,Silk Thread,2026,5,Yes,Sunday,North,Supermarket,33.9,Cash,11,Malhotra Traditions,35.2,27
4699,Kids & Cartoon,Silk Thread,2026,1,yES,Saturday,North,Supermarket,32.1,UPI,15,Chopra Rakhi Hub 166,19.19,41
745,Kids & Cartoon,Silk Thread,2026,6,Yes,Sunday,East,Supermarket,30.8,Credit Card,3,Aggarwal Rakhi Hub 157,14.93,7
318,Kids & Cartoon,Silk Thread,2026,1,Yes,Saturday,West,Supermarket,34.3,Cash,7,Goel Gift House,18.69,24
4264,Eco-Friendly,Silk Thread,2026,7,#Yes,Sunday,East,Local Street Vendor,38.3,Credit Card,2,Rastogi Rakhi Corner,22.95,7
3974,Premium & Jewelry,Sterling Silver,2026,1,Yes,Sunday,West,Local Street Vendor,31.6,Credit Card,36,Aggarwal Rakhi Hub 144,557.53,138
481,Kids & Cartoon,Silk Thread,2026,4,Yes,Saturday,Central,Online,32.6,Credit Card,6,Mehra Rakhi Hub 88,18.91,20
828,Premium & Jewelry,Sandalwood (Chandan),2026,7,No,Tuesday,West,Online,29.4,Credit Card,3,Bhatia Rakhi Hub 182,224.14,17
886,Kids & Cartoon,Sandalwood (Chandan),2026,4,No,Thursday,North,Supermarket,31.2,Cash,5,Sethi Rakhi Hub 242,26.88,18
5661,Kids & Cartoon,Silk Thread,2026,7,Yes,Sunday,West,Online,27.0,Cash,7,Jain Rakhi Bazaar,18.85,21
1158,Premium & Jewelry,Sandalwood (Chandan),2026,2,nO,Monday,East,Supermarket,36.8,Credit Card,11,Jain Gift House,202.93,31
5779,Eco-Friendly,Sandalwood (Chandan),2026,4,Yes,Sunday,West,Supermarket,35.9,Cash,4,Rastogi Rakhi Hub 189,54.14,13
3777,Eco-Friendly,Silk Thread,2026,3,Yes,Saturday,East,Supermarket,34.0,Cash,11,Nanda Emporium,33.9,43
5908,Kids & Cartoon,Silk Thread,2026,3,No,Friday,East,Local Street Vendor,33.0,Credit Card,5,Chopra Rakhi Hub 241,14.46,21
1438,Kids & Cartoon,Silk Thread,2026,3,No,Tuesday,Central,Supermarket,28.3,Cash,9,Khanna Rakhi Hub 188,14.36,44
2415,Kids & Cartoon,Silk Thread,2026,4,No,Tuesday,West,Supermarket,28.0,Credit Card,7,Tandon Traditions,16.21,34
4865,Kids & Cartoon,Silk Thread,2026,4,No,Monday,North,Local Street Vendor,33.2,Credit Card,3,Arora Handicrafts,13.35,11
403,Eco-Friendly,Sterling Silver,2026,2,Yes,Saturday,West,Local Street Vendor,31.5,Credit Card,11,Gupta Rakhi Bazaar,162.03,32
5487,Eco-Friendly,Sandalwood (Chandan),2026,3,No,Tuesday,West,Local Street Vendor,32.1,Cash,3,Saxena Rakhi Hub 17,52.83,9
2196,Eco-Friendly,Sandalwood (Chandan),2026,2,nO,Thursday,East,Local Street Vendor,33.1,Credit Card,11,Chawla Rakhi Hub 230,56.62,43
950,Kids & Cartoon,Silk Thread,2026,5,No,Friday,West,Supermarket,29.4,Cash,7,Sharma Rakhi Store,18.73,29
4166,Premium & Jewelry,Sandalwood (Chandan),2026,3,nO,Friday,West,Online,33.7,UPI,3,Malhotra Rakhi Bazaar,259.24,10
2068,Eco-Friendly,Sandalwood (Chandan),2026,1,Yes,Saturday,East,Online,32.8,Cash,6,Nanda Rakhi Corner,69.4,15
2683,Premium & Jewelry,Silk Thread,2026,3,No,Monday,North,Supermarket,32.3,UPI,13,Rastogi Rakhi Store,109.79,40
5610,Eco-Friendly,Sterling Silver,2026,5,No,Monday,West,Local Street Vendor,25.6,Credit Card,3,Bansal Rakhi Hub 134,188.0,10
669,Premium & Jewelry,Sterling Silver,2026,1,Yes,Sunday,West,Local Street Vendor,31.8,Cash,26,Chopra Rakhi Hub 153,436.12,60
219,Eco-Friendly,Silk Thread,2026,1,yES,Sunday,East,Local Street Vendor,29.7,Cash,5,Arora Rakhi Hub 117,24.99,22
3367,Kids & Cartoon,Silk Thread,2026,3,No,Monday,Central,Online,33.9,UPI,3,Aggarwal Rakhi Hub 157,24.43,21
2605,Premium & Jewelry,Sterling Silver,2026,7,Yes,Saturday,Central,Local Street Vendor,24.5,UPI,2,Sharma Rakhi Hub 84,555.48,10
1963,Kids & Cartoon,Silk Thread,2026,1,Yes,Saturday,North,Online,27.4,Cash,17,Bansal Rakhi Hub 274,21.91,53
3892,Kids & Cartoon,Silk Thread,2026,6,No,Wednesday,Central,Local Street Vendor,27.0,Cash,4,Aggarwal Rakhi Hub 247,12.72,27
5800,Kids & Cartoon,Silk Thread,2026,5,#Yes,Saturday,Central,Supermarket,32.4,UPI,1,Bansal Rakhi Hub 67,18.01,5
2214,Kids & Cartoon,Silk Thread,2026,7,No,Tuesday,East,Local Street Vendor,35.5,Credit Card,1,Mehra Rakhi Hub 209,18.26,5
2634,Kids & Cartoon,Silk Thread,2026,3,No,Thursday,West,Online,40.8,Credit Card,6,Mehra Rakhi Hub 75,22.47,21
1660,Premium & Jewelry,Sterling Silver,2026,1,No,Wednesday,East,Online,32.5,Cash,2,Bansal Rakhi Hub 124,882.91,14
3626,Kids & Cartoon,Silk Thread,2026,5,Yes,Saturday,West,Online,33.8,Credit Card,6,Tandon Rakhi Hub 296,19.62,30
5368,Eco-Friendly,Sandalwood (Chandan),2026,6,Yes,Saturday,,Local Street Vendor,34.4,Cash,10,Sharma Rakhi Hub 172,47.07,32
5310,Premium & Jewelry,Sterling Silver,2026,1,yES,Sunday,Central,Supermarket,32.5,Credit Card,17,Jain Rakhi Hub 177,819.59,40
5488,Premium & Jewelry,Sandalwood (Chandan),2026,4,Yes,Sunday,East,Local Street Vendor,37.5,UPI,3,Sethi Rakhi Hub 10,160.52,14
2146,Eco-Friendly,Sandalwood (Chandan),2026,4,No,Tuesday,North,Local Street Vendor,41.5,Cash,3,Jain Rakhi Hub 289,50.85,15
778,Premium & Jewelry,Sterling Silver,2026,6,No,Friday,Central,Online,29.7,Credit Card,7,Arora Rakhi Hub 218,862.88,25
2435,Kids & Cartoon,Silk Thread,2026,5,Yes,Sunday,Central,Local Street Vendor,29.9,Credit Card,4,Chawla Rakhi Hub 93,13.35,19
3067,Kids & Cartoon,Silk Thread,2026,7,Yes,Saturday,Central,Local Street Vendor,28.8,Credit Card,2,Saxena Festive Mart,12.73,7
4454,Kids & Cartoon,Silk Thread,2026,1,Yes,Saturday,West,Supermarket,34.5,UPI,5,Khanna Handicrafts,19.48,25
5748,Eco-Friendly,Silk Thread,2026,5,yES,Saturday,West,Online,31.9,Cash,4,Gupta Rakhi Bazaar,41.48,9
4165,Kids & Cartoon,Silk Thread,2026,5,No,Thursday,East,Local Street Vendor,29.7,Cash,5,Gupta Rakhi Hub 68,13.19,29
4871,Kids & Cartoon,Silk Thread,2026,7,No,Thursday,West,Supermarket,35.1,UPI,3,Saxena Rakhi Hub 158,20.76,9
1492,Eco-Friendly,Sandalwood (Chandan),2026,1,Yes,Sunday,West,Supermarket,28.9,UPI,13,Bansal Rakhi Point,210.38,47
3546,Kids & Cartoon,Silk Thread,2026,5,No,Thursday,East,Online,34.6,Cash,3,Jain Rakhi Hub 289,20.66,10
3154,Premium & Jewelry,Sandalwood (Chandan),2026,3,yES,Saturday,West,Supermarket,31.0,Cash,7,Sethi Rakhi Hub 19,237.95,39
3775,Eco-Friendly,Sandalwood (Chandan),2026,4,No,Friday,East,Local Street Vendor,26.2,Cash,7,Saxena Rakhi Hub 262,47.69,23
3262,Kids & Cartoon,Silk Thread,2026,2,No,Friday,East,Supermarket,35.2,Credit Card,7,Gupta Rakhi Hub 165,15.15,34
3590,Premium & Jewelry,Sterling Silver,2026,2,Yes,Saturday,,Supermarket,32.7,Cash,11,Gupta Rakhi Hub 27,709.03,28
4847,Premium & Jewelry,Silk Thread,2026,2,No,Friday,East,Online,27.8,UPI,16,Aggarwal Rakhi Bazaar,353.93,49
4642,Premium & Jewelry,Sandalwood (Chandan),2026,5,No,Friday,East,Online,29.3,UPI,12,Sethi Gift House,249.64,37
518,Eco-Friendly,Sandalwood (Chandan),2026,3,No,Wednesday,,Supermarket,32.8,Credit Card,1,Mehra Rakhi Hub 240,69.52,4
3945,Premium & Jewelry,Sterling Silver,2026,3,No,Monday,East,Supermarket,48.4,UPI,1,Kapoor Emporium,571.98,6
4160,Premium & Jewelry,Silk Thread,2026,5,No,Thursday,East,Online,26.5,Cash,5,Mehra Rakhi & Gifts,135.72,19
4529,Premium & Jewelry,Sterling Silver,2026,3,No,Friday,North,Supermarket,27.2,Credit Card,7,Khanna Festive Mart,654.5,42
5496,Premium & Jewelry,Sterling Silver,2026,4,No,Monday,West,Online,31.8,Cash,5,Nanda Rakhi Hub 195,932.65,21
4000,Premium & Jewelry,Sterling Silver,2026,4,No,Friday,West,Supermarket,31.4,Cash,4,Tandon Rakhi Hub 62,589.14,23
2691,Eco-Friendly,Sandalwood (Chandan),2026,7,Yes,Saturday,North,Supermarket,33.3,Cash,2,Chopra Rakhi Hub 166,55.13,7
1416,Eco-Friendly,Sandalwood (Chandan),2026,2,No,Tuesday,West,Supermarket,31.1,Credit Card,4,Bhatia Rakhi Hub 211,65.4,15
569,Kids & Cartoon,Silk Thread,2026,5,No,Wednesday,North,Supermarket,32.0,Credit Card,2,Aggarwal Rakhi Hub 263,16.83,12
361,Eco-Friendly,Sandalwood (Chandan),2026,2,No,Friday,East,Local Street Vendor,33.5,Credit Card,10,Tandon Rakhi Hub 47,47.99,31
4044,Eco-Friendly,Sandalwood (Chandan),2026,2,nO,Tuesday,North,Online,30.5,Cash,10,Goel Rakhi Hub 208,283.24,29
5241,Premium & Jewelry,Silk Thread,2026,2,No,Monday,West,Online,30.2,Cash,9,Nanda Rakhi Hub 279,152.94,27
5173,Eco-Friendly,Sandalwood (Chandan),2026,3,No,Thursday,,Supermarket,32.5,UPI,6,Verma Rakhi Hub 73,67.29,22
4167,Premium & Jewelry,Sandalwood (Chandan),2026,5,No,Wednesday,East,Local Street Vendor,,Cash,6,Verma Handicrafts,163.65,18
3101,Eco-Friendly,Sandalwood (Chandan),2026,7,No,Thursday,North,Supermarket,33.8,Cash,1,Goel Rakhi Hub 244,65.08,7
3915,Kids & Cartoon,Silk Thread,2026,2,nO,Wednesday,East,Local Street Vendor,33.2,UPI,4,Gupta Rakhi Hub 297,13.37,15
760,Kids & Cartoon,Silk Thread,2026,2,yES,Saturday,East,Supermarket,33.6,UPI,5,Jain Rakhi Hub 197,14.92,20
3549,Premium & Jewelry,Sterling Silver,2026,6,yES,Saturday,North,Local Street Vendor,28.7,Cash,4,Aggarwal Rakhi Hub 162,475.42,10
4593,Eco-Friendly,Sandalwood (Chandan),2026,4,Yes,Sunday,East,Online,33.4,Credit Card,10,Malhotra Rakhi Store,69.75,26
2420,Eco-Friendly,Silk Thread,2026,7,nO,Tuesday,East,Supermarket,35.6,Cash,6,Bhatia Traditions,31.46,20
5151,Kids & Cartoon,Silk Thread,2026,1,No,Thursday,Central,Supermarket,34.8,Credit Card,4,Kapoor Rakhi Hub 270,16.47,18
2960,Eco-Friendly,Sandalwood (Chandan),2026,7,nO,Thursday,East,Supermarket,29.9,UPI,2,Malhotra Rakhi Hub 281,68.05,9
5231,Eco-Friendly,Silk Thread,2026,3,Yes,Saturday,Central,Local Street Vendor,29.0,UPI,6,Gupta Rakhi Hub 27,25.32,25
215,Eco-Friendly,Silk Thread,2026,1,Yes,Sunday,Central,Supermarket,33.3,UPI,13,Saxena Rakhi Point,31.58,33
4029,Kids & Cartoon,Silk Thread,2026,5,Yes,Saturday,East,Local Street Vendor,31.9,Cash,4,Bhatia Rakhi Hub 80,12.23,16
5525,Premium & Jewelry,Sandalwood (Chandan),2026,1,No,Tuesday,East,Online,29.6,Cash,8,Verma Rakhi Bazaar,215.02,45
3693,Premium & Jewelry,Silk Thread,2026,3,No,Monday,North,Local Street Vendor,26.8,Cash,4,Goel Rakhi Hub 54,70.02,15
5944,Eco-Friendly,Silk Thread,2026,5,No,Friday,East,Supermarket,32.7,Cash,4,Arora Rakhi Hub 115,32.45,15
4565,Premium & Jewelry,Sterling Silver,2026,5,Yes,Sunday,West,Supermarket,28.8,Cash,7,Saxena Rakhi Hub 41,632.76,32
4078,Kids & Cartoon,Silk Thread,2026,6,No,Tuesday,West,Online,32.0,UPI,32,Sethi Rakhi Hub 242,17.3,28
1474,Kids & Cartoon,Silk Thread,2026,3,No,Monday,East,Online,33.2,Cash,8,Mehra Rakhi Hub 75,14.34,30
2245,Kids & Cartoon,Sandalwood (Chandan),2026,2,nO,Friday,East,Local Street Vendor,36.2,UPI,5,Gupta Rakhi Hub 299,17.03,27
726,Premium & Jewelry,Sterling Silver,2026,2,Yes,Saturday,West,Supermarket,30.3,Cash,10,Aggarwal Rakhi Hub 234,510.12,30
4561,Eco-Friendly,Sandalwood (Chandan),2026,7,Yes,Saturday,Central,Online,32.8,Cash,2,Verma Rakhi & Gifts,69.28,6
3561,Eco-Friendly,Sandalwood (Chandan),2026,2,No,Tuesday,Central,Online,29.8,Cash,11,Gupta Emporium,54.21,37
50,Premium & Jewelry,Sterling Silver,2026,5,No,Tuesday,North,Local Street Vendor,37.9,UPI,21,Arora Traditions,535.59,17
4977,Kids & Cartoon,Silk Thread,2026,6,No,Friday,Central,Supermarket,33.3,UPI,10,Khanna Rakhi Hub 45,15.54,34
5964,Kids & Cartoon,Silk Thread,2026,6,Yes,Saturday,Central,Online,32.0,Cash,1,Chawla Rakhi Bazaar,20.09,6
3131,Kids & Cartoon,Silk Thread,2026,7,No,Monday,East,Supermarket,35.0,UPI,3,Chopra Gift House,18.82,9
888,Premium & Jewelry,Sterling Silver,2026,2,Yes,Sunday,West,Local Street Vendor,32.0,Cash,7,Mehra Rakhi Hub 170,415.87,24
2552,Kids & Cartoon,Silk Thread,2026,7,#Yes,Saturday,Central,Local Street Vendor,32.9,Cash,3,Tandon Rakhi Hub 168,13.73,9
4424,Premium & Jewelry,Sterling Silver,2026,4,No,Thursday,East,Supermarket,30.5,Cash,3,Chopra Festive Mart,548.52,12
2894,Kids & Cartoon,Silk Thread,2026,7,Yes,Sunday,East,Supermarket,37.6,Cash,5,Saxena Handicrafts,18.77,17
5017,Kids & Cartoon,Silk Thread,2026,5,No,Monday,East,Online,35.5,Cash,9,Nanda Rakhi Hub 79,21.55,36
5299,Premium & Jewelry,Silk Thread,2026,7,No,Wednesday,North,Online,32.3,Credit Card,4,Verma Festive Mart,131.36,20
517,Kids & Cartoon,Silk Thread,2026,6,No,Wednesday,East,Supermarket,33.3,UPI,2,Tandon Rakhi Hub 292,15.12,8
3169,Premium & Jewelry,Sterling Silver,2026,5,No,Friday,West,Supermarket,25.7,Cash,47,Chopra Rakhi Hub 216,540.05,156
2950,Eco-Friendly,Silk Thread,2026,4,nO,Wednesday,East,Supermarket,36.8,Cash,14,Goel Rakhi Hub 116,29.82,40
3880,Kids & Cartoon,Silk Thread,2026,7,No,Wednesday,North,Online,31.7,Credit Card,5,Bhatia Rakhi Store,21.66,20
140,Premium & Jewelry,Sterling Silver,2026,5,No,Tuesday,North,Local Street Vendor,34.5,Cash,10,Bansal Rakhi Hub 58,487.79,53
471,Kids & Cartoon,Silk Thread,2026,6,Yes,Sunday,West,Local Street Vendor,35.9,Credit Card,6,Tandon Rakhi Corner,11.91,14
3883,Eco-Friendly,Sandalwood (Chandan),2026,4,No,Friday,North,Online,36.3,UPI,7,Goel Gift House,69.59,30
5260,Premium & Jewelry,Sterling Silver,2026,4,nO,Wednesday,East,Supermarket,32.6,Cash,6,Sharma Rakhi & Gifts,619.55,17
3198,Premium & Jewelry,Sterling Silver,2026,3,#Yes,Saturday,East,Local Street Vendor,33.2,Cash,13,Malhotra Rakhi Hub 64,426.21,15
1772,Eco-Friendly,Silk Thread,2026,6,nO,Friday,,Supermarket,28.3,Credit Card,5,Tandon Emporium,38.44,17
113,Kids & Cartoon,Silk Thread,2026,2,No,Monday,North,Local Street Vendor,29.0,Credit Card,5,Arora Rakhi Hub 220,13.08,25
3196,Kids & Cartoon,Silk Thread,2026,6,nO,Thursday,East,Supermarket,30.1,Credit Card,5,Verma Rakhi Corner,14.52,16
464,Kids & Cartoon,Silk Thread,2026,7,#Yes,Sunday,Central,Local Street Vendor,36.1,Credit Card,4,Bhatia Rakhi Hub 211,13.49,10
2714,Premium & Jewelry,Silk Thread,2026,2,No,Tuesday,North,Local Street Vendor,33.9,Credit Card,16,Saxena Rakhi Corner,103.54,55
1234,Kids & Cartoon,Silk Thread,2026,4,nO,Thursday,West,Local Street Vendor,40.3,Credit Card,5,Kapoor Rakhi Point,15.81,18
3251,Eco-Friendly,Silk Thread,2026,3,Yes,Saturday,East,Supermarket,26.1,UPI,4,Saxena Rakhi Hub 255,34.23,18
595,Premium & Jewelry,Sandalwood (Chandan),2026,7,nO,Monday,,Supermarket,30.3,Cash,10,Saxena Rakhi Hub 83,218.75,7
4867,Premium & Jewelry,Sterling Silver,2026,1,No,Friday,North,Local Street Vendor,27.4,Cash,6,Sharma Rakhi Hub 84,600.32,41
451,Premium & Jewelry,Sterling Silver,2026,4,Yes,Saturday,Central,Local Street Vendor,33.1,UPI,8,Rastogi Rakhi Hub 143,570.49,25
4108,Eco-Friendly,Sandalwood (Chandan),2026,6,No,Friday,East,Supermarket,27.8,Cash,3,Kapoor Rakhi Store,68.34,15
3278,Kids & Cartoon,Silk Thread,2026,6,No,Thursday,East,Supermarket,31.9,UPI,5,Aggarwal Rakhi & Gifts,17.91,18
996,Kids & Cartoon,Silk Thread,2026,3,No,Friday,Central,Supermarket,21.5,Credit Card,5,Arora Festive Mart,18.88,30
4692,Premium & Jewelry,Sterling Silver,2026,3,nO,Thursday,East,Local Street Vendor,27.4,Cash,6,Mehra Rakhi Hub 207,475.91,33
313,Premium & Jewelry,Sandalwood (Chandan),2026,3,nO,Thursday,Central,Local Street Vendor,24.4,Credit Card,3,Bhatia Traditions,144.53,16
3846,Kids & Cartoon,Silk Thread,2026,4,No,Thursday,West,Local Street Vendor,26.5,UPI,3,Rastogi Traditions,16.09,10
2162,Premium & Jewelry,Sterling Silver,2026,4,nO,Wednesday,North,Local Street Vendor,33.1,Cash,14,Saxena Rakhi Hub 138,508.4,64
4662,Eco-Friendly,Sandalwood (Chandan),2026,2,nO,Tuesday,West,Supermarket,38.1,Cash,4,Mehra Rakhi Bazaar,55.09,29
4852,Eco-Friendly,Sandalwood (Chandan),2026,4,No,Monday,East,Supermarket,36.0,UPI,13,Chawla Rakhi Bazaar,72.56,43
4760,Eco-Friendly,Sandalwood (Chandan),2026,4,nO,Wednesday,East,Supermarket,29.8,UPI,6,Kapoor Rakhi Hub 270,77.01,27
5397,Kids & Cartoon,Silk Thread,2026,7,yES,Sunday,Central,Online,29.6,Credit Card,2,Gupta Rakhi Hub 165,75.41,7
452,Eco-Friendly,Silk Thread,2026,2,No,Tuesday,East,Local Street Vendor,27.2,UPI,8,Jain Rakhi Hub 150,25.59,25
3167,Premium & Jewelry,Sterling Silver,2026,2,No,Tuesday,East,Online,34.8,Credit Card,8,Mehra Rakhi Point,535.77,25
3676,Eco-Friendly,Silk Thread,2026,3,Yes,Saturday,West,Local Street Vendor,34.4,UPI,6,Bhatia Rakhi Hub 182,30.05,21
5899,Kids & Cartoon,Silk Thread,2026,1,No,Monday,Central,Local Street Vendor,27.2,Cash,9,Kapoor Rakhi Hub 31,15.4,31
3627,Eco-Friendly,Silk Thread,2026,3,No,Monday,North,Local Street Vendor,30.8,UPI,7,Saxena Rakhi Hub 23,23.59,25
891,Kids & Cartoon,Silk Thread,2026,6,Yes,Saturday,North,Supermarket,27.7,UPI,6,Saxena Rakhi Hub 111,18.33,20
2764,Kids & Cartoon,Silk Thread,2026,4,No,Friday,East,Local Street Vendor,29.4,UPI,5,Tandon Gift House,14.06,27
659,Kids & Cartoon,Silk Thread,2026,6,nO,Tuesday,Central,Local Street Vendor,33.7,Credit Card,4,Khanna Rakhi Bazaar,13.94,18
1507,Eco-Friendly,Sandalwood (Chandan),2026,4,Yes,Saturday,East,Online,33.6,Cash,5,Chawla Rakhi Hub 201,81.21,16
4012,Premium & Jewelry,Sterling Silver,2026,6,No,Thursday,North,Supermarket,29.7,UPI,2,Jain Rakhi Hub 72,675.39,8
4555,Premium & Jewelry,Silk Thread,2026,5,Yes,Saturday,East,Local Street Vendor,33.5,UPI,5,Khanna Rakhi & Gifts,89.41,15
5605,Kids & Cartoon,Silk Thread,2026,5,nO,Friday,,Local Street Vendor,26.8,Cash,6,Gupta Rakhi Hub 70,13.96,21
1000,Premium & Jewelry,Silk Thread,2026,2,No,Wednesday,North,Local Street Vendor,34.1,Cash,5,Verma Gift House,76.44,19
390,Eco-Friendly,Silk Thread,2026,2,Yes,Sunday,West,Supermarket,32.0,UPI,24,Aggarwal Rakhi Hub 205,30.0,65
3408,Premium & Jewelry,Sterling Silver,2026,4,nO,Friday,West,Local Street Vendor,40.7,Credit Card,4,Sharma Traditions,725.27,15
2331,Kids & Cartoon,Silk Thread,2026,1,No,Tuesday,Central,Supermarket,32.0,Credit Card,6,Goel Rakhi Point,16.94,28
1477,Kids & Cartoon,Silk Thread,2026,3,nO,Wednesday,North,Online,26.6,UPI,14,Chawla Rakhi Hub 24,15.5,56
2241,Premium & Jewelry,Sterling Silver,2026,6,#Yes,Sunday,,Local Street Vendor,24.0,Cash,2,Rastogi Rakhi & Gifts,505.95,10
3798,Eco-Friendly,Silk Thread,2026,3,nO,Tuesday,East,Local Street Vendor,33.9,Cash,7,Arora Rakhi Bazaar,28.29,33
3073,Eco-Friendly,Sandalwood (Chandan),2026,2,No,Wednesday,Central,Supermarket,33.0,Credit Card,10,Chopra Rakhi Store,47.31,44
5780,Premium & Jewelry,Sandalwood (Chandan),2026,4,nO,Friday,,Online,27.7,Cash,9,Sethi Rakhi Hub 76,198.39,37
3937,Kids & Cartoon,Silk Thread,2026,1,yES,Saturday,East,Local Street Vendor,32.8,Cash,7,Mehra Rakhi Hub 167,16.89,28
2957,Premium & Jewelry,Sterling Silver,2026,4,No,Thursday,East,Online,34.3,UPI,7,Sharma Rakhi Corner,736.4,21
2973,Premium & Jewelry,Sandalwood (Chandan),2026,1,Yes,Sunday,East,Supermarket,32.1,Cash,16,Goel Rakhi Hub 1,190.86,41
3387,Kids & Cartoon,Silk Thread,2026,4,nO,Friday,West,Online,29.4,UPI,2,Chawla Rakhi Hub 93,16.78,8
2776,Kids & Cartoon,Silk Thread,2026,6,Yes,Saturday,North,Local Street Vendor,30.1,UPI,2,Tandon Rakhi Store,12.95,8
1924,Kids & Cartoon,Silk Thread,2026,5,No,Wednesday,North,Local Street Vendor,25.7,Cash,6,Jain Rakhi Hub 197,15.26,19
759,Premium & Jewelry,Sterling Silver,2026,4,No,Thursday,West,Online,32.9,Cash,4,Verma Festive Mart,984.94,27
701,Premium & Jewelry,Sterling Silver,2026,6,nO,Thursday,Central,Supermarket,30.9,Credit Card,3,Rastogi Rakhi Point,630.92,9
5561,Eco-Friendly,Sandalwood (Chandan),2026,6,No,Tuesday,Central,Local Street Vendor,29.8,Cash,3,Rastogi Rakhi & Gifts,46.9,13
1294,Kids & Cartoon,Silk Thread,2026,1,No,Monday,North,Local Street Vendor,30.0,Credit Card,7,Saxena Rakhi Hub 213,58.83,28
376,Premium & Jewelry,Sterling Silver,2026,2,Yes,Sunday,West,Supermarket,36.0,Cash,10,Gupta Rakhi Bazaar,806.42,26
2874,Premium & Jewelry,Silk Thread,2026,3,No,Monday,North,Supermarket,35.9,Credit Card,6,Bansal Rakhi Store,85.18,35
3628,Kids & Cartoon,Silk Thread,2026,5,Yes,Saturday,East,Supermarket,44.6,Credit Card,9,Chawla Rakhi Hub 104,15.3,35
2536,Kids & Cartoon,Silk Thread,2026,4,No,Tuesday,East,Local Street Vendor,33.9,UPI,2,Chopra Rakhi Bazaar,49.32,16
5064,Premium & Jewelry,Sterling Silver,2026,1,Yes,Sunday,West,Local Street Vendor,31.3,UPI,22,Sharma Rakhi Hub 136,493.91,74
1908,Premium & Jewelry,Sandalwood (Chandan),2026,4,No,Tuesday,West,Local Street Vendor,32.8,Cash,6,Gupta Rakhi Hub 191,251.88,28
56,Eco-Friendly,Sterling Silver,2026,4,No,Wednesday,North,Supermarket,30.6,Cash,13,Chawla Traditions,169.06,42
225,Premium & Jewelry,Sterling Silver,2026,5,No,Tuesday,West,Local Street Vendor,35.1,UPI,5,Rastogi Rakhi Corner,525.39,21
369,Kids & Cartoon,Silk Thread,2026,4,Yes,Sunday,,Local Street Vendor,35.0,UPI,12,Sethi Rakhi Hub 160,13.94,28
1938,Kids & Cartoon,Silk Thread,2026,1,No,Wednesday,West,Local Street Vendor,35.8,Cash,4,Nanda Rakhi Hub 98,14.0,16
4214,Premium & Jewelry,Sterling Silver,2026,6,No,Monday,Central,Local Street Vendor,36.0,Cash,7,Khanna Rakhi Hub 184,645.05,20
1152,Eco-Friendly,Sandalwood (Chandan),2026,3,yES,Sunday,North,Supermarket,35.0,Cash,13,Saxena Rakhi Hub 278,58.34,35
5722,Premium & Jewelry,Sterling Silver,2026,2,No,Friday,West,Online,34.8,Cash,3,Arora Handicrafts,785.76,15
5091,Kids & Cartoon,Silk Thread,2026,7,nO,Friday,West,Local Street Vendor,28.7,Cash,5,Sharma Rakhi Bazaar,11.96,17
4193,Kids & Cartoon,Silk Thread,2026,3,No,Friday,North,Local Street Vendor,31.3,Cash,2,Khanna Rakhi Hub 146,13.46,9
4280,Eco-Friendly,Sandalwood (Chandan),2026,6,No,Monday,Central,Local Street Vendor,32.5,Credit Card,3,Chawla Traditions,36.6,17
3011,Premium & Jewelry,Sterling Silver,2026,2,No,Thursday,East,Online,39.9,UPI,8,Sharma Rakhi Hub 180,812.6,33
395,Premium & Jewelry,Sterling Silver,2026,5,Yes,Sunday,West,Local Street Vendor,27.9,UPI,4,Bansal Rakhi Store,416.64,14
192,Premium & Jewelry,Sterling Silver,2026,3,Yes,Saturday,Central,Online,21.3,Cash,4,Sharma Rakhi Hub 84,664.41,16
769,Premium & Jewelry,Sandalwood (Chandan),2026,3,No,Thursday,North,Local Street Vendor,34.0,Credit Card,10,Chawla Rakhi Point,138.6,56
4428,Premium & Jewelry,Silk Thread,2026,2,No,Wednesday,Central,Online,30.6,Credit Card,4,Goel Rakhi Hub 116,132.59,20
175,Premium & Jewelry,Sterling Silver,2026,5,Yes,Saturday,West,Supermarket,30.5,Cash,9,Khanna Rakhi Hub 184,653.07,34
1904,Premium & Jewelry,Sterling Silver,2026,1,No,Friday,West,Online,33.0,Cash,8,Bansal Rakhi Hub 67,619.68,37
1100,Premium & Jewelry,Sterling Silver,2026,3,nO,Thursday,Central,Local Street Vendor,31.2,Cash,3,Chawla Rakhi Hub 125,532.92,10
5314,Kids & Cartoon,Silk Thread,2026,7,No,Friday,Central,Local Street Vendor,26.6,UPI,1,Chopra Rakhi Hub 153,11.68,6
3647,Kids & Cartoon,Silk Thread,2026,1,Yes,Sunday,,Supermarket,33.8,UPI,17,Jain Rakhi Hub 202,17.85,49
3409,Kids & Cartoon,Silk Thread,2026,6,yES,Sunday,Central,Local Street Vendor,34.1,UPI,2,Bansal Rakhi Hub 161,11.67,8
3886,Premium & Jewelry,Sandalwood (Chandan),2026,5,No,Monday,East,Online,31.9,Cash,7,Bhatia Rakhi Hub 300,245.57,23
2293,Kids & Cartoon,Silk Thread,2026,4,nO,Thursday,East,Online,30.3,UPI,1,Sharma Traditions,21.11,8
1461,Eco-Friendly,Sandalwood (Chandan),2026,3,Yes,Sunday,West,Online,26.5,Cash,10,Nanda Rakhi Hub 28,92.4,38
5044,Kids & Cartoon,Silk Thread,2026,3,#Yes,Sunday,West,Supermarket,,UPI,10,Bhatia Rakhi Hub 2,13.7,30
5322,Kids & Cartoon,Silk Thread,2026,5,No,Monday,North,Supermarket,35.2,UPI,2,Gupta Rakhi Hub 299,16.72,10
4899,Eco-Friendly,Sterling Silver,2026,1,Yes,Sunday,East,Supermarket,47.8,Credit Card,2,Khanna Rakhi Hub 120,196.62,12
1165,Premium & Jewelry,Sandalwood (Chandan),2026,1,Yes,Saturday,North,Online,34.2,Credit Card,7,Bansal Rakhi Hub 58,166.79,22
5152,Premium & Jewelry,Sterling Silver,2026,2,No,Thursday,North,Local Street Vendor,29.8,Credit Card,7,Bhatia Festive Mart,518.43,33
4652,Eco-Friendly,Sandalwood (Chandan),2026,5,yES,Saturday,West,Local Street Vendor,27.1,UPI,21,Nanda Rakhi Hub 21,41.24,84
3802,Premium & Jewelry,Sterling Silver,2026,3,Yes,Saturday,West,Local Street Vendor,33.8,UPI,9,Jain Rakhi Hub 197,468.0,33
4207,Premium & Jewelry,Sterling Silver,2026,5,Yes,Saturday,,Local Street Vendor,29.7,UPI,5,Chopra Rakhi Hub 248,450.32,14
5023,Eco-Friendly,Sandalwood (Chandan),2026,1,Yes,Saturday,West,Online,27.9,Cash,18,Mehra Rakhi Hub 148,75.26,53
3665,Premium & Jewelry,Sterling Silver,2026,7,No,Wednesday,Central,Online,28.8,UPI,4,Bhatia Rakhi Hub 266,671.88,14
5674,Kids & Cartoon,Silk Thread,2026,5,Yes,Sunday,East,Online,33.3,Credit Card,7,Gupta Rakhi Point,17.28,16
1662,Kids & Cartoon,Sandalwood (Chandan),2026,3,No,Thursday,,Supermarket,47.6,Credit Card,3,Goel Rakhi Bazaar,30.11,13
509,Kids & Cartoon,Silk Thread,2026,2,yES,Saturday,Central,Online,28.3,Cash,9,Aggarwal Rakhi Hub 212,14.62,29
167,Eco-Friendly,Sandalwood (Chandan),2026,1,Yes,Saturday,West,Online,32.6,Cash,26,Malhotra Rakhi & Gifts,72.98,64
5519,Premium & Jewelry,Sterling Silver,2026,1,No,Thursday,East,Online,36.9,UPI,5,Sethi Rakhi Store,740.12,17
5516,Eco-Friendly,Sandalwood (Chandan),2026,7,Yes,Saturday,East,Supermarket,31.7,UPI,8,Mehra Rakhi Point,57.84,22
4092,Eco-Friendly,Silk Thread,2026,2,No,Thursday,Central,Online,29.1,Cash,5,Khanna Rakhi Hub 293,38.46,20
5594,Premium & Jewelry,Sterling Silver,2026,4,No,Friday,West,Supermarket,38.9,Cash,3,Chawla Rakhi Hub 283,559.64,15
3270,Premium & Jewelry,Sandalwood (Chandan),2026,6,No,Tuesday,East,Local Street Vendor,29.6,Credit Card,2,Arora Rakhi Hub 210,175.82,7
5406,Eco-Friendly,Sandalwood (Chandan),2026,5,nO,Thursday,East,Supermarket,34.9,Credit Card,3,Verma Rakhi Hub 30,70.56,17
3495,Premium & Jewelry,Sterling Silver,2026,5,Yes,Saturday,North,Online,34.7,UPI,16,Verma Rakhi Bazaar,806.97,51
2850,Kids & Cartoon,Sandalwood (Chandan),2026,4,No,Tuesday,Central,Local Street Vendor,29.4,Cash,4,Chopra Rakhi Hub 166,19.01,18
104,Eco-Friendly,Sandalwood (Chandan),2026,1,Yes,Sunday,Central,Online,35.5,Credit Card,5,Mehra Rakhi Hub 170,69.32,24
3266,Premium & Jewelry,Silk Thread,2026,7,No,Thursday,North,Supermarket,32.7,Credit Card,3,Tandon Handicrafts,135.7,9
1112,Kids & Cartoon,Silk Thread,2026,3,No,Monday,North,Supermarket,29.3,Credit Card,5,Goel Rakhi Hub 54,16.88,19
4869,Kids & Cartoon,Silk Thread,2026,3,No,Wednesday,Central,Supermarket,42.2,Cash,3,Jain Rakhi & Gifts,18.23,23
4076,Kids & Cartoon,Silk Thread,2026,3,Yes,Sunday,Central,Online,28.6,Cash,9,Bansal Rakhi Hub 217,22.12,25
1105,Premium & Jewelry,Sterling Silver,2026,7,No,Wednesday,East,Local Street Vendor,33.7,Credit Card,3,Nanda Rakhi Hub 225,569.61,12
4939,Kids & Cartoon,Silk Thread,2026,7,nO,Friday,Central,Local Street Vendor,31.9,Cash,2,Chopra Rakhi Point,15.03,8
1753,Eco-Friendly,Sandalwood (Chandan),2026,6,Yes,Saturday,North,Supermarket,31.5,UPI,7,Sharma Rakhi Hub 59,70.74,18
3757,Premium & Jewelry,Silk Thread,2026,2,No,Monday,Central,Supermarket,36.9,UPI,9,Chopra Rakhi Corner,104.0,29
4508,Premium & Jewelry,Sterling Silver,2026,1,No,Monday,Central,Online,31.9,Cash,11,Khanna Rakhi Hub 184,1352.94,50
4169,Kids & Cartoon,Silk Thread,2026,6,nO,Thursday,West,Online,29.4,Cash,4,Rastogi Rakhi Hub 189,21.12,23
1998,Kids & Cartoon,Silk Thread,2026,6,nO,Monday,East,Supermarket,33.4,Cash,7,Kapoor Traditions,19.25,29
2917,Premium & Jewelry,Sterling Silver,2026,7,No,Thursday,East,Online,31.9,Credit Card,2,Sharma Rakhi Hub 78,581.87,7
5285,Premium & Jewelry,Sandalwood (Chandan),2026,4,No,Monday,West,Supermarket,32.9,Credit Card,26,Mehra Gift House,238.68,18
1659,Kids & Cartoon,Silk Thread,2026,4,nO,Wednesday,North,Local Street Vendor,28.5,Cash,8,Rastogi Rakhi Hub 143,13.77,25
153,Premium & Jewelry,Sterling Silver,2026,5,No,Thursday,West,Supermarket,36.2,UPI,4,Arora Rakhi Point,768.1,11
4402,Eco-Friendly,Silk Thread,2026,4,No,Thursday,North,Local Street Vendor,51.1,Cash,5,Khanna Rakhi Hub 126,29.84,22
2484,Kids & Cartoon,Silk Thread,2026,3,nO,Monday,East,Local Street Vendor,35.1,UPI,9,Bansal Traditions,15.3,29
1584,Premium & Jewelry,Silk Thread,2026,2,No,Thursday,West,Local Street Vendor,30.4,Cash,47,Tandon Festive Mart,228.95,31
1146,Kids & Cartoon,Silk Thread,2026,5,Yes,Sunday,West,Online,31.1,UPI,5,Gupta Rakhi Hub 139,20.76,13
2553,Kids & Cartoon,Silk Thread,2026,5,No,Wednesday,North,Local Street Vendor,25.3,Cash,3,Saxena Rakhi Point,14.16,14
5391,Kids & Cartoon,Silk Thread,2026,3,No,Friday,East,Supermarket,34.1,Cash,10,Goel Rakhi Hub 221,14.83,36
3932,Kids & Cartoon,Silk Thread,2026,7,No,Monday,West,Local Street Vendor,33.6,Cash,2,Verma Rakhi Hub 151,10.99,14
3552,Kids & Cartoon,Silk Thread,2026,3,Yes,Sunday,North,Online,31.0,Cash,7,Sharma Rakhi Hub 259,19.44,23
3723,Eco-Friendly,Sandalwood (Chandan),2026,2,No,Wednesday,West,Online,33.3,Cash,6,Aggarwal Festive Mart,62.78,39
4372,Premium & Jewelry,Sterling Silver,2026,2,No,Tuesday,North,Supermarket,30.7,Cash,3,Verma Traditions,603.96,9
831,Kids & Cartoon,Silk Thread,2026,7,nO,Wednesday,East,Online,33.3,Cash,1,Khanna Rakhi Hub 271,16.51,6
3804,Premium & Jewelry,Silk Thread,2026,5,No,Friday,East,Supermarket,32.2,Cash,15,Saxena Rakhi Hub 111,89.26,49
2596,Eco-Friendly,Sandalwood (Chandan),2026,2,Yes,Sunday,West,Local Street Vendor,32.9,UPI,5,Tandon Rakhi Hub 296,53.64,17
2210,Premium & Jewelry,Sandalwood (Chandan),2026,3,No,Thursday,East,Local Street Vendor,33.3,Credit Card,2,Saxena Gift House,163.42,12
4448,Kids & Cartoon,Silk Thread,2026,7,Yes,Saturday,North,Local Street Vendor,29.8,Credit Card,2,Sharma Rakhi Hub 149,17.91,7
4975,Kids & Cartoon,Silk Thread,2026,3,Yes,Sunday,West,Supermarket,28.0,Cash,5,Chawla Rakhi Bazaar,15.32,23
4468,Kids & Cartoon,Silk Thread,2026,2,nO,Thursday,West,Online,36.9,UPI,11,Sethi Rakhi Hub 19,19.7,72
2986,Premium & Jewelry,Silk Thread,2026,6,Yes,Sunday,West,Supermarket,29.1,Credit Card,4,Arora Rakhi Corner,170.21,16
1823,Kids & Cartoon,Silk Thread,2026,2,nO,Thursday,East,Online,32.2,Credit Card,11,Chawla Rakhi Hub 94,18.54,34
3990,Eco-Friendly,Sandalwood (Chandan),2026,3,Yes,Saturday,North,Local Street Vendor,34.7,Credit Card,2,Nanda Rakhi Hub 225,46.49,12
5865,Kids & Cartoon,Silk Thread,2026,5,Yes,Saturday,North,Online,30.5,Credit Card,7,Arora Festive Mart,18.92,32
4591,Premium & Jewelry,Sterling Silver,2026,1,#Yes,Sunday,West,Local Street Vendor,32.9,Credit Card,9,Sharma Rakhi Point,605.39,27
4911,Premium & Jewelry,Silk Thread,2026,4,yES,Saturday,West,Local Street Vendor,25.5,Credit Card,5,Jain Rakhi Hub 72,75.18,22
5083,Kids & Cartoon,Silk Thread,2026,2,No,Monday,West,Online,31.0,Credit Card,7,Aggarwal Gift House,21.77,34
310,Premium & Jewelry,Silk Thread,2026,5,Yes,Saturday,West,Supermarket,32.0,Cash,5,Tandon Rakhi Point,124.73,12
213,Premium & Jewelry,Sterling Silver,2026,1,No,Thursday,Central,Supermarket,33.9,Cash,8,Jain Rakhi Hub 197,686.79,40
1824,Kids & Cartoon,Silk Thread,2026,3,nO,Thursday,East,Local Street Vendor,29.3,Cash,3,Khanna Rakhi Hub 45,11.65,9
4813,Kids & Cartoon,Silk Thread,2026,6,No,Wednesday,West,Online,33.6,Cash,3,Bhatia Rakhi Hub 204,20.78,18
3600,Kids & Cartoon,Silk Thread,2026,5,nO,Thursday,West,Supermarket,31.5,Cash,11,Sharma Rakhi Bazaar,14.89,33
3623,Kids & Cartoon,Sandalwood (Chandan),2026,5,Yes,Sunday,North,Local Street Vendor,31.4,Credit Card,3,Goel Rakhi Hub 52,32.71,8
4387,Kids & Cartoon,Silk Thread,2026,4,No,Wednesday,West,Supermarket,29.7,Cash,14,Bhatia Rakhi Hub 2,18.77,60
2542,Kids & Cartoon,Sterling Silver,2026,3,Yes,Saturday,North,Local Street Vendor,37.2,Credit Card,10,Bansal Rakhi Hub 106,79.95,27
3451,Kids & Cartoon,Sandalwood (Chandan),2026,2,#Yes,Sunday,North,Supermarket,46.7,UPI,5,Sharma Rakhi Store,38.24,28
496,Kids & Cartoon,Sterling Silver,2026,5,No,Monday,East,Local Street Vendor,31.9,Cash,3,Sharma Rakhi Hub 172,74.98,10
5750,Eco-Friendly,Sandalwood (Chandan),2026,3,nO,Thursday,North,Supermarket,32.2,Credit Card,23,Sharma Rakhi Hub 259,80.3,25
3257,Premium & Jewelry,Sterling Silver,2026,1,nO,Friday,North,Supermarket,32.1,Cash,5,Rastogi Rakhi Store,604.17,20
206,Premium & Jewelry,Sterling Silver,2026,3,No,Tuesday,East,Local Street Vendor,34.5,Cash,14,Mehra Rakhi & Gifts,3229.44,61
1435,Premium & Jewelry,Sterling Silver,2026,7,Yes,Saturday,West,Online,32.3,Credit Card,3,Gupta Rakhi Bazaar,662.02,9
1136,Kids & Cartoon,Silk Thread,2026,3,nO,Wednesday,East,Supermarket,36.2,Cash,7,Jain Rakhi Hub 197,14.93,35
2585,Premium & Jewelry,Sandalwood (Chandan),2026,3,Yes,Saturday,North,Local Street Vendor,32.0,Credit Card,17,Sethi Rakhi Store,146.78,53
869,Premium & Jewelry,Sterling Silver,2026,7,nO,Friday,West,Supermarket,26.2,Credit Card,2,Chopra Rakhi Hub 156,594.37,11
2750,Premium & Jewelry,Sterling Silver,2026,7,nO,Friday,,Local Street Vendor,34.5,Cash,1,Mehra Traditions,563.92,4
3614,Eco-Friendly,Silk Thread,2026,1,No,Tuesday,,Supermarket,36.6,Cash,5,Khanna Rakhi Hub 164,39.65,30
306,Kids & Cartoon,Silk Thread,2026,6,No,Wednesday,West,Local Street Vendor,32.2,Cash,1,Chopra Rakhi Bazaar,11.33,4
1850,Eco-Friendly,Sandalwood (Chandan),2026,7,No,Wednesday,North,Supermarket,32.9,Cash,12,Jain Emporium,64.43,9
4241,Eco-Friendly,Silk Thread,2026,7,nO,Monday,Central,Supermarket,27.4,Cash,1,Rastogi Rakhi Hub 143,37.94,7
4042,Eco-Friendly,Sandalwood (Chandan),2026,5,Yes,Sunday,,Local Street Vendor,28.9,Cash,9,Chawla Rakhi Corner,51.94,27
1989,Eco-Friendly,Sandalwood (Chandan),2026,2,No,Wednesday,,Online,31.2,UPI,8,Kapoor Rakhi Hub 97,74.9,22
3241,Eco-Friendly,Silk Thread,2026,3,No,Friday,Central,Local Street Vendor,31.8,UPI,3,Saxena Rakhi Bazaar,22.73,12
2799,Kids & Cartoon,Silk Thread,2026,7,Yes,Sunday,West,Supermarket,38.2,Credit Card,2,Goel Rakhi Hub 86,18.74,7
5764,Eco-Friendly,Silk Thread,2026,6,No,Friday,,Local Street Vendor,26.5,Cash,2,Chopra Rakhi Hub 130,125.41,12
1535,Premium & Jewelry,Sterling Silver,2026,5,yES,Sunday,North,Online,39.3,Credit Card,5,Aggarwal Rakhi Hub 74,764.14,24
3110,Eco-Friendly,Sandalwood (Chandan),2026,7,nO,Thursday,West,Online,32.3,Credit Card,3,Mehra Gift House,71.88,11
844,Kids & Cartoon,Silk Thread,2026,3,Yes,Saturday,Central,Supermarket,29.9,Credit Card,13,Verma Rakhi Bazaar,14.01,40
1988,Kids & Cartoon,Sandalwood (Chandan),2026,2,No,Thursday,Central,Supermarket,21.5,Credit Card,3,Bhatia Emporium,38.53,15
3031,Eco-Friendly,Sandalwood (Chandan),2026,1,Yes,Saturday,East,Supermarket,28.7,Cash,9,Sethi Rakhi Hub 280,61.67,37
5387,Premium & Jewelry,Sterling Silver,2026,3,No,Wednesday,West,Supermarket,29.5,Credit Card,2,Chawla Rakhi Hub 34,888.74,9
1715,Kids & Cartoon,Silk Thread,2026,2,Yes,Sunday,North,Supermarket,30.2,UPI,8,Sharma Rakhi & Gifts,19.62,28
384,Kids & Cartoon,Silk Thread,2026,1,nO,Wednesday,,Supermarket,27.2,Cash,5,Gupta Rakhi Hub 70,26.07,16
1539,Eco-Friendly,Silk Thread,2026,3,No,Thursday,West,Supermarket,25.1,UPI,1,Tandon Rakhi Hub 20,32.68,7
212,Kids & Cartoon,Silk Thread,2026,5,Yes,Sunday,West,Local Street Vendor,30.5,Credit Card,4,Tandon Rakhi & Gifts,11.48,11
3389,Kids & Cartoon,Silk Thread,2026,7,No,Monday,West,Supermarket,32.0,Cash,2,Bhatia Rakhi Point,18.47,8
1716,Eco-Friendly,Sterling Silver,2026,1,Yes,Saturday,West,Local Street Vendor,18.1,UPI,9,Rastogi Rakhi Hub 71,112.94,26
1958,Premium & Jewelry,Sterling Silver,2026,2,No,Tuesday,North,Online,30.0,UPI,18,Chawla Rakhi Hub 34,682.09,63
5247,Kids & Cartoon,Silk Thread,2026,3,Yes,Saturday,,Online,35.3,UPI,19,Sethi Traditions,22.02,54
2439,Kids & Cartoon,Sandalwood (Chandan),2026,5,Yes,Sunday,East,Supermarket,31.3,Cash,4,Rastogi Rakhi Corner,35.6,10
2728,Premium & Jewelry,Sterling Silver,2026,7,No,Monday,North,Local Street Vendor,26.4,Credit Card,1,Mehra Rakhi Hub 6,565.59,5
1148,Eco-Friendly,Sandalwood (Chandan),2026,2,Yes,Sunday,North,Online,32.6,Credit Card,16,Goel Rakhi Hub 54,78.61,68
2569,Kids & Cartoon,Silk Thread,2026,2,Yes,Sunday,North,Supermarket,24.8,UPI,31,Khanna Traditions,19.14,132
1350,Premium & Jewelry,Sterling Silver,2026,3,No,Wednesday,Central,Local Street Vendor,29.0,Cash,2,Saxena Emporium,548.69,9
5027,Kids & Cartoon,Sterling Silver,2026,5,Yes,Sunday,East,Supermarket,36.8,Credit Card,5,Sharma Rakhi Hub 141,123.9,22
5874,Premium & Jewelry,Sterling Silver,2026,4,Yes,Sunday,North,Local Street Vendor,33.0,UPI,8,Tandon Rakhi Hub 296,412.15,19
3581,Eco-Friendly,Sandalwood (Chandan),2026,7,Yes,Sunday,East,Online,34.5,UPI,8,Sethi Rakhi Hub 19,60.95,19
3841,Kids & Cartoon,Silk Thread,2026,5,No,Monday,Central,Local Street Vendor,34.1,Cash,3,Chawla Rakhi Hub 269,12.97,10
681,Premium & Jewelry,Sterling Silver,2026,7,No,Tuesday,Central,Online,17.2,Cash,2,Verma Rakhi Hub 92,613.44,6
181,Eco-Friendly,Sterling Silver,2026,1,No,Thursday,East,Supermarket,29.8,Cash,17,Chawla Rakhi Hub 250,255.93,77
1390,Premium & Jewelry,Sterling Silver,2026,4,No,Tuesday,North,Supermarket,24.6,Credit Card,8,Sharma Rakhi Hub 136,587.08,29
4023,Kids & Cartoon,Silk Thread,2026,3,No,Tuesday,North,Supermarket,28.9,Cash,4,Tandon Rakhi Hub 53,23.49,13
5797,Kids & Cartoon,Silk Thread,2026,7,No,Friday,North,Online,29.1,Cash,5,Chopra Rakhi Hub 166,21.37,16
5977,Eco-Friendly,Silk Thread,2026,7,yES,Saturday,East,Online,31.5,Cash,2,Khanna Rakhi Bazaar,41.75,7
279,Eco-Friendly,Sandalwood (Chandan),2026,5,No,Tuesday,,Local Street Vendor,39.1,Cash,2,Gupta Rakhi Hub 297,39.69,8
3845,Eco-Friendly,Silk Thread,2026,4,yES,Saturday,North,Online,30.8,UPI,8,Bansal Traditions,39.05,25
3320,Kids & Cartoon,Silk Thread,2026,1,Yes,Sunday,Central,Local Street Vendor,43.3,UPI,6,Malhotra Rakhi Hub 38,17.91,18
3253,Premium & Jewelry,Silk Thread,2026,7,No,Tuesday,Central,Local Street Vendor,29.8,Cash,2,Aggarwal Rakhi Hub 212,89.26,13
2519,Kids & Cartoon,Silk Thread,2026,5,No,Thursday,East,Local Street Vendor,29.0,Cash,2,Nanda Traditions,15.5,10
2481,Kids & Cartoon,Sterling Silver,2026,5,No,Thursday,East,Local Street Vendor,35.2,Credit Card,3,Goel Rakhi Hub 100,70.89,14
290,Premium & Jewelry,Sandalwood (Chandan),2026,3,No,Tuesday,Central,Supermarket,33.7,UPI,5,Sharma Rakhi Hub 141,261.65,24
3076,Eco-Friendly,Silk Thread,2026,7,nO,Monday,West,Supermarket,32.4,UPI,2,Jain Rakhi Store,41.94,7
4991,Premium & Jewelry,Sterling Silver,2026,4,nO,Tuesday,North,Local Street Vendor,32.9,Cash,3,Bansal Rakhi Hub 99,600.58,10
4216,Premium & Jewelry,Sterling Silver,2026,2,nO,Wednesday,North,Local Street Vendor,31.5,Cash,10,Bansal Rakhi Hub 8,459.94,49
5312,Premium & Jewelry,Sterling Silver,2026,1,Yes,Sunday,Central,Local Street Vendor,31.5,UPI,7,Chawla Rakhi Point,490.64,22
994,Premium & Jewelry,Sterling Silver,2026,4,nO,Friday,Central,Local Street Vendor,38.1,UPI,3,Rastogi Rakhi Bazaar,700.84,18
3236,Premium & Jewelry,Sterling Silver,2026,7,No,Thursday,East,Supermarket,36.5,Cash,3,Rastogi Rakhi Hub 178,621.49,9
2237,Premium & Jewelry,Sandalwood (Chandan),2026,3,No,Tuesday,East,Online,32.2,UPI,7,Bansal Rakhi Corner,237.63,21
2323,Kids & Cartoon,Silk Thread,2026,5,No,Monday,East,Supermarket,36.8,Cash,4,Sethi Rakhi Hub 76,16.15,12
40,Kids & Cartoon,Silk Thread,2026,2,No,Wednesday,North,Local Street Vendor,34.3,Cash,19,Sethi Rakhi Hub 286,13.99,76
4414,Premium & Jewelry,Sterling Silver,2026,6,No,Monday,,Online,33.5,UPI,7,Saxena Rakhi Hub 111,661.99,25
5419,Premium & Jewelry,Sandalwood (Chandan),2026,5,yES,Saturday,East,Local Street Vendor,33.5,Credit Card,6,Saxena Handicrafts,156.94,19
5662,Premium & Jewelry,Sterling Silver,2026,3,Yes,Sunday,West,Supermarket,36.8,UPI,4,Malhotra Rakhi & Gifts,713.23,11
2755,Eco-Friendly,Silk Thread,2026,7,No,Wednesday,North,Online,38.1,Credit Card,2,Tandon Rakhi Hub 60,29.72,10
2775,Eco-Friendly,Sandalwood (Chandan),2026,7,No,Tuesday,North,Local Street Vendor,28.9,Cash,3,Rastogi Rakhi Hub 189,36.28,13
3957,Eco-Friendly,Sandalwood (Chandan),2026,6,No,Tuesday,East,Online,32.5,Cash,3,Goel Rakhi Hub 267,60.17,15
271,Premium & Jewelry,Sterling Silver,2026,2,Yes,Saturday,North,Supermarket,35.9,Cash,4,Nanda Rakhi Hub 32,675.75,17
3882,Eco-Friendly,Silk Thread,2026,6,nO,Tuesday,West,Supermarket,27.9,Cash,2,Malhotra Rakhi Corner,29.04,10
2884,Kids & Cartoon,Sterling Silver,2026,1,Yes,Sunday,Central,Supermarket,33.5,Cash,16,Aggarwal Rakhi Corner,85.28,66
4381,Kids & Cartoon,Silk Thread,2026,3,#Yes,Saturday,East,Supermarket,31.9,Cash,13,Nanda Rakhi Hub 129,22.11,30
5167,Kids & Cartoon,Sterling Silver,2026,4,#Yes,Saturday,West,Online,,Credit Card,8,Bansal Rakhi Hub 13,469.58,44
5251,Kids & Cartoon,Silk Thread,2026,1,No,Friday,North,Supermarket,30.5,UPI,6,Bansal Traditions,12.13,25
5767,Kids & Cartoon,Silk Thread,2026,1,No,Tuesday,East,Local Street Vendor,31.0,Cash,6,Bansal Rakhi Hub 134,11.83,24
5865,Kids & Cartoon,Silk Thread,2026,5,Yes,Saturday,North,Online,30.5,Credit Card,7,Arora Festive Mart,18.92,32
5536,Eco-Friendly,Silk Thread,2026,4,No,Thursday,East,Local Street Vendor,30.9,Credit Card,2,Arora Rakhi Hub 220,24.44,9
112,Premium & Jewelry,Sterling Silver,2026,4,No,Tuesday,Central,Supermarket,30.1,UPI,4,Bansal Traditions,643.51,20
3219,Premium & Jewelry,Silk Thread,2026,5,No,Monday,West,Supermarket,33.8,Cash,2,Mehra Emporium,127.82,11
1392,Eco-Friendly,Sterling Silver,2026,6,No,Wednesday,East,Online,,UPI,4,Sharma Emporium,195.15,17
2601,Kids & Cartoon,Silk Thread,2026,6,No,Thursday,West,Local Street Vendor,33.0,UPI,3,Sharma Rakhi Hub 122,13.66,8
221,Kids & Cartoon,Silk Thread,2026,6,Yes,Saturday,Central,Local Street Vendor,27.2,UPI,2,Nanda Festive Mart,13.32,6
4727,Eco-Friendly,Sandalwood (Chandan),2026,3,No,Monday,North,Local Street Vendor,35.6,Cash,6,Bansal Rakhi Hub 237,43.64,21
4829,Eco-Friendly,Sandalwood (Chandan),2026,7,nO,Monday,East,Online,34.5,Cash,3,Gupta Rakhi Corner,98.99,20
41,Kids & Cartoon,Silk Thread,2026,7,nO,Wednesday,West,Online,34.0,Cash,2,Kapoor Rakhi Hub 97,19.51,9
5725,Eco-Friendly,Sterling Silver,2026,2,No,Monday,East,Local Street Vendor,,Cash,5,Sethi Festive Mart,117.85,29
84,Premium & Jewelry,Sterling Silver,2026,6,No,Tuesday,West,Local Street Vendor,29.4,Cash,1,Aggarwal Festive Mart,388.41,4
874,Kids & Cartoon,Silk Thread,2026,1,No,Tuesday,West,Local Street Vendor,36.0,Credit Card,3,Jain Rakhi Hub 37,15.35,19
3630,Premium & Jewelry,Sterling Silver,2026,4,No,Friday,North,Supermarket,31.9,Cash,8,Saxena Handicrafts,824.9,31
5016,Premium & Jewelry,Sterling Silver,2026,1,Yes,Saturday,Central,Local Street Vendor,30.8,Cash,17,Kapoor Festive Mart,406.76,48
462,Premium & Jewelry,Silk Thread,2026,4,No,Friday,East,Local Street Vendor,29.6,Credit Card,3,Chawla Rakhi Hub 269,54.43,16
2031,Premium & Jewelry,Sterling Silver,2026,6,No,Tuesday,East,Supermarket,34.4,Cash,2,Goel Rakhi Hub 277,601.82,11
5794,Premium & Jewelry,Sterling Silver,2026,1,No,Thursday,East,Local Street Vendor,28.7,Credit Card,10,Mehra Rakhi Hub 256,507.95,31
552,Premium & Jewelry,Sterling Silver,2026,4,No,Friday,Central,Local Street Vendor,34.8,Cash,4,Jain Rakhi Hub 197,521.81,21
3996,Premium & Jewelry,Sterling Silver,2026,4,No,Wednesday,Central,Online,30.6,Cash,4,Gupta Gift House,760.89,19
2375,Kids & Cartoon,Silk Thread,2026,6,No,Tuesday,West,Local Street Vendor,33.2,UPI,2,Nanda Rakhi Corner,14.84,8
358,Eco-Friendly,Sandalwood (Chandan),2026,3,Yes,Saturday,Central,Supermarket,27.3,Cash,6,Chawla Rakhi & Gifts,74.16,28
4206,Eco-Friendly,Sandalwood (Chandan),2026,7,No,Wednesday,Central,Supermarket,20.2,UPI,4,Sharma Festive Mart,73.44,19
2247,Premium & Jewelry,Sterling Silver,2026,6,yES,Sunday,North,Local Street Vendor,28.1,UPI,3,Jain Rakhi Hub 159,558.11,13
5218,Premium & Jewelry,Sterling Silver,2026,6,No,Tuesday,Central,Local Street Vendor,28.8,Cash,2,Goel Emporium,525.46,10
4557,Eco-Friendly,Sandalwood (Chandan),2026,7,yES,Sunday,North,Supermarket,33.3,UPI,3,Sethi Festive Mart,69.65,11
2451,Kids & Cartoon,Sandalwood (Chandan),2026,1,Yes,Saturday,East,Local Street Vendor,31.6,Credit Card,4,Bhatia Rakhi & Gifts,28.04,17
2330,Kids & Cartoon,Silk Thread,2026,2,#Yes,Sunday,East,Supermarket,,Cash,8,Goel Rakhi Hub 228,17.87,23
5646,Premium & Jewelry,Sterling Silver,2026,3,yES,Sunday,East,Online,35.6,Credit Card,13,Tandon Rakhi Hub 168,844.04,32
2147,Premium & Jewelry,Sterling Silver,2026,7,No,Friday,East,Local Street Vendor,36.5,Credit Card,2,Arora Rakhi Hub 115,486.42,8
2462,Kids & Cartoon,Silk Thread,2026,4,#Yes,Saturday,Central,Online,37.4,Cash,6,Verma Rakhi Bazaar,20.0,21
4417,Kids & Cartoon,Silk Thread,2026,1,nO,Wednesday,East,Local Street Vendor,34.4,Credit Card,7,Chawla Rakhi Hub 155,12.49,27
2561,Kids & Cartoon,Silk Thread,2026,3,Yes,Saturday,North,Local Street Vendor,33.4,Credit Card,2,Chopra Rakhi Hub 190,13.93,10
651,Kids & Cartoon,Silk Thread,2026,7,No,Thursday,North,Local Street Vendor,30.6,Credit Card,22,Mehra Festive Mart,13.47,73
3043,Eco-Friendly,Sandalwood (Chandan),2026,7,No,Monday,West,Supermarket,35.6,Cash,2,Bhatia Rakhi Hub 29,70.27,8
709,Kids & Cartoon,Silk Thread,2026,3,Yes,Saturday,West,Supermarket,28.2,Credit Card,11,Mehra Rakhi Hub 75,18.47,38
5116,Eco-Friendly,Sandalwood (Chandan),2026,6,nO,Thursday,East,Online,33.1,Cash,2,Aggarwal Rakhi Hub 247,52.8,8
4270,Eco-Friendly,Silk Thread,2026,6,Yes,Sunday,East,Online,31.6,Cash,4,Chawla Rakhi Hub 295,39.9,12
4370,Kids & Cartoon,Sandalwood (Chandan),2026,7,No,Tuesday,Central,Local Street Vendor,31.7,Cash,5,Arora Rakhi Hub 117,24.88,22
5123,Kids & Cartoon,Silk Thread,2026,5,nO,Tuesday,West,Online,25.9,UPI,6,Goel Rakhi Hub 244,18.14,17
3064,Eco-Friendly,Sandalwood (Chandan),2026,1,No,Tuesday,North,Supermarket,39.4,UPI,7,Nanda Rakhi & Gifts,61.64,28
5379,Premium & Jewelry,Sterling Silver,2026,2,No,Thursday,Central,Local Street Vendor,31.2,Credit Card,10,Kapoor Emporium,546.99,39
3350,Kids & Cartoon,Sterling Silver,2026,4,Yes,Saturday,East,Supermarket,34.1,Credit Card,5,Nanda Rakhi Hub 206,121.31,18
1425,Kids & Cartoon,Silk Thread,2026,7,No,Friday,West,Local Street Vendor,33.6,UPI,1,Jain Rakhi Corner,13.95,5
1217,Kids & Cartoon,Silk Thread,2026,2,nO,Tuesday,Central,Local Street Vendor,27.3,Cash,6,Mehra Rakhi Hub 183,13.97,32
4876,Kids & Cartoon,Silk Thread,2026,5,No,Friday,Central,Supermarket,26.5,Cash,5,Nanda Rakhi Store,20.73,20
1925,Premium & Jewelry,Sandalwood (Chandan),2026,2,No,Friday,North,Local Street Vendor,34.1,UPI,11,Mehra Rakhi Hub 6,122.58,18
105,Eco-Friendly,Sandalwood (Chandan),2026,2,No,Monday,Central,Local Street Vendor,34.0,UPI,2,Arora Rakhi Hub 219,49.4,12
1065,Kids & Cartoon,Silk Thread,2026,2,yES,Sunday,North,Local Street Vendor,32.5,Cash,6,Aggarwal Rakhi Hub 247,14.37,17
3787,Eco-Friendly,Silk Thread,2026,5,No,Monday,East,Online,26.5,UPI,5,Bhatia Rakhi Hub 80,44.77,19
315,Kids & Cartoon,Silk Thread,2026,1,nO,Friday,West,Supermarket,32.1,Cash,5,Verma Rakhi Bazaar,17.77,24
1290,Kids & Cartoon,Silk Thread,2026,3,nO,Thursday,West,Online,34.5,Credit Card,4,Gupta Rakhi Hub 191,20.4,25
4427,Premium & Jewelry,Sterling Silver,2026,7,nO,Friday,West,Supermarket,35.5,Cash,4,Bansal Rakhi Hub 82,624.57,13
1428,Premium & Jewelry,Sterling Silver,2026,4,#Yes,Saturday,Central,Local Street Vendor,31.9,Credit Card,4,Verma Gift House,539.24,15
4213,Kids & Cartoon,Sterling Silver,2026,2,nO,Monday,North,Supermarket,35.1,Cash,22,Arora Rakhi Hub 114,93.57,39
1921,Kids & Cartoon,Silk Thread,2026,1,#Yes,Saturday,East,Supermarket,36.1,Cash,7,Saxena Rakhi Hub 9,19.55,35
3130,Eco-Friendly,Sandalwood (Chandan),2026,5,No,Wednesday,West,Local Street Vendor,32.0,Cash,5,Mehra Rakhi Hub 240,48.56,21
2072,Kids & Cartoon,Silk Thread,2026,5,#Yes,Sunday,West,Online,33.8,Credit Card,13,Bhatia Rakhi Hub 18,20.87,30
581,Kids & Cartoon,Silk Thread,2026,3,Yes,Sunday,West,Supermarket,,Credit Card,6,Bansal Rakhi Hub 58,22.61,19
3009,Premium & Jewelry,Sterling Silver,2026,1,Yes,Sunday,East,Supermarket,31.4,Cash,12,Nanda Rakhi Hub 261,596.23,39
2983,Premium & Jewelry,Sterling Silver,2026,2,No,Thursday,North,Local Street Vendor,35.3,Cash,6,Sharma Rakhi Hub 136,461.37,25
1106,Eco-Friendly,Sterling Silver,2026,5,yES,Sunday,,Local Street Vendor,33.8,UPI,9,Mehra Rakhi & Gifts,146.04,28
4384,Kids & Cartoon,Silk Thread,2026,6,No,Monday,East,Online,32.3,Credit Card,3,Gupta Rakhi Hub 249,20.31,11
5900,Premium & Jewelry,Sandalwood (Chandan),2026,4,yES,Sunday,Central,Local Street Vendor,33.0,Cash,2,Rastogi Handicrafts,156.18,8
5701,Eco-Friendly,Sandalwood (Chandan),2026,6,No,Tuesday,West,Online,34.5,UPI,7,Sharma Rakhi Hub 185,73.75,19
4612,Kids & Cartoon,Silk Thread,2026,4,No,Wednesday,North,Online,32.7,Cash,3,Rastogi Rakhi Hub 143,18.17,13
233,Eco-Friendly,Sandalwood (Chandan),2026,1,Yes,Saturday,East,Online,31.1,Cash,12,Gupta Festive Mart,50.09,51
685,Kids & Cartoon,Silk Thread,2026,4,Yes,Sunday,Central,Supermarket,36.5,Credit Card,7,Kapoor Rakhi Hub 200,13.33,22
5960,Kids & Cartoon,Silk Thread,2026,5,nO,Thursday,North,Supermarket,34.0,Cash,3,Chawla Traditions,15.82,10
5161,Eco-Friendly,Silk Thread,2026,6,nO,Thursday,East,Supermarket,30.4,UPI,2,Bhatia Festive Mart,31.2,9
2766,Eco-Friendly,Sandalwood (Chandan),2026,2,yES,Saturday,West,Local Street Vendor,30.8,UPI,3,Mehra Rakhi Hub 16,43.88,13
4950,Kids & Cartoon,Silk Thread,2026,3,nO,Wednesday,East,Local Street Vendor,21.0,UPI,3,Aggarwal Rakhi Hub 157,12.25,15
2862,Kids & Cartoon,Silk Thread,2026,7,No,Friday,East,Supermarket,27.5,Cash,1,Goel Rakhi Hub 239,15.33,7
4944,Eco-Friendly,Sandalwood (Chandan),2026,1,Yes,Sunday,West,Local Street Vendor,36.6,Cash,7,Bansal Festive Mart,42.65,24
3683,Kids & Cartoon,Sandalwood (Chandan),2026,7,Yes,Saturday,East,Online,37.3,Credit Card,4,Khanna Rakhi Hub 293,35.0,17
3453,Premium & Jewelry,Sandalwood (Chandan),2026,7,No,Monday,West,Supermarket,34.3,Cash,3,Chopra Traditions,239.04,10
5125,Kids & Cartoon,Sandalwood (Chandan),2026,5,nO,Thursday,East,Supermarket,35.0,Cash,1,Sharma Rakhi Bazaar,28.96,7
714,Eco-Friendly,Sandalwood (Chandan),2026,7,nO,Tuesday,Central,Local Street Vendor,32.8,UPI,3,Nanda Gift House,44.13,10
2452,Eco-Friendly,Silk Thread,2026,3,Yes,Saturday,West,Supermarket,33.2,UPI,11,Nanda Gift House,48.31,35
330,Premium & Jewelry,Sterling Silver,2026,1,Yes,Saturday,Central,Local Street Vendor,29.1,Cash,5,Kapoor Traditions,577.67,26
4335,Eco-Friendly,Silk Thread,2026,5,No,Friday,North,Online,29.3,Credit Card,5,Saxena Rakhi Hub 41,35.75,19
3825,Eco-Friendly,Sandalwood (Chandan),2026,2,#Yes,Saturday,East,Local Street Vendor,28.6,UPI,16,Tandon Rakhi Hub 147,47.82,42
327,Eco-Friendly,Sandalwood (Chandan),2026,6,Yes,Saturday,Central,Online,28.5,Cash,3,Tandon Rakhi Hub 65,106.17,15
2653,Eco-Friendly,Sandalwood (Chandan),2026,1,#Yes,Saturday,North,Local Street Vendor,34.1,Cash,5,Bhatia Rakhi & Gifts,47.39,15
5237,Premium & Jewelry,Sterling Silver,2026,4,No,Wednesday,West,Local Street Vendor,27.8,Cash,6,Chawla Gift House,518.43,25
3527,Premium & Jewelry,Sterling Silver,2026,3,Yes,Saturday,East,Local Street Vendor,26.6,Cash,10,Rastogi Rakhi Store,467.65,32
2177,Kids & Cartoon,Silk Thread,2026,6,No,Tuesday,West,Local Street Vendor,34.8,Cash,1,Aggarwal Emporium,10.84,6
4406,Kids & Cartoon,Silk Thread,2026,7,No,Monday,East,Online,34.6,Cash,2,Sharma Rakhi Hub 226,14.69,7
4741,Premium & Jewelry,Sandalwood (Chandan),2026,7,No,Tuesday,Central,Supermarket,33.6,Credit Card,6,Goel Emporium,202.26,18
1647,Premium & Jewelry,Sterling Silver,2026,5,No,Monday,East,Supermarket,34.0,UPI,3,Nanda Rakhi Hub 96,793.05,14
3319,Premium & Jewelry,Silk Thread,2026,3,nO,Friday,Central,Supermarket,,Cash,4,Sethi Rakhi Hub 131,115.41,14
4747,Kids & Cartoon,Silk Thread,2026,5,No,Tuesday,West,Local Street Vendor,31.2,Cash,6,Aggarwal Traditions,58.83,19
4181,Eco-Friendly,Sandalwood (Chandan),2026,3,No,Wednesday,North,Local Street Vendor,29.6,UPI,25,Chawla Rakhi Hub 295,54.94,95
3118,Kids & Cartoon,Silk Thread,2026,6,Yes,Saturday,North,Online,32.5,Cash,3,Bansal Rakhi Hub 99,17.4,9
2788,Kids & Cartoon,Silk Thread,2026,1,#Yes,Sunday,West,Online,32.8,Credit Card,4,Nanda Rakhi Hub 79,17.08,17
5463,Premium & Jewelry,Sterling Silver,2026,6,No,Thursday,North,Supermarket,31.9,UPI,1,Kapoor Rakhi Bazaar,533.31,8
4190,Kids & Cartoon,Silk Thread,2026,1,No,Friday,North,Local Street Vendor,35.9,UPI,6,Nanda Rakhi Hub 195,13.04,19
1677,Eco-Friendly,Silk Thread,2026,6,nO,Monday,East,Supermarket,34.5,Cash,4,Chawla Rakhi Hub 265,35.7,12
2444,Kids & Cartoon,Silk Thread,2026,5,No,Tuesday,North,Supermarket,33.7,Cash,6,Tandon Emporium,17.8,24
349,Kids & Cartoon,Silk Thread,2026,2,nO,Monday,North,Local Street Vendor,32.5,Cash,6,Jain Rakhi Hub 150,14.52,21
3637,Eco-Friendly,Sandalwood (Chandan),2026,7,No,Tuesday,North,Supermarket,41.5,Cash,1,Chopra Rakhi Hub 44,360.16,5
3227,Kids & Cartoon,Sandalwood (Chandan),2026,3,Yes,Sunday,North,Supermarket,35.1,Credit Card,10,Verma Rakhi & Gifts,32.98,29
4892,Premium & Jewelry,Sterling Silver,2026,3,No,Wednesday,Central,Local Street Vendor,47.4,Cash,4,Mehra Gift House,458.66,18
5100,Eco-Friendly,Sandalwood (Chandan),2026,1,No,Tuesday,Central,Local Street Vendor,33.0,UPI,2,Nanda Rakhi Hub 225,50.48,8
1627,Kids & Cartoon,Sandalwood (Chandan),2026,7,Yes,Sunday,North,Supermarket,39.0,UPI,10,Goel Rakhi Corner,33.11,40
4886,Eco-Friendly,Silk Thread,2026,1,Yes,Sunday,West,Local Street Vendor,32.3,Cash,8,Chawla Rakhi Hub 24,27.06,25
4095,Premium & Jewelry,Sandalwood (Chandan),2026,6,yES,Sunday,West,Local Street Vendor,30.6,Cash,4,Tandon Rakhi Hub 103,145.16,12
5785,Premium & Jewelry,Sterling Silver,2026,5,No,Wednesday,Central,Online,32.3,Cash,4,Sharma Rakhi Hub 149,765.17,14
2370,Kids & Cartoon,Silk Thread,2026,5,Yes,Sunday,Central,Online,39.4,UPI,5,Nanda Emporium,18.36,25
872,Premium & Jewelry,Sterling Silver,2026,4,No,Monday,East,Local Street Vendor,27.5,Cash,7,Goel Rakhi Hub 15,507.21,23
5747,Premium & Jewelry,Sterling Silver,2026,7,Yes,Sunday,East,Supermarket,29.5,Cash,2,Verma Rakhi Hub 95,518.83,5
2218,Eco-Friendly,Sandalwood (Chandan),2026,6,No,Thursday,West,Local Street Vendor,29.9,UPI,2,Chawla Rakhi Hub 125,44.79,11
4671,Premium & Jewelry,Sterling Silver,2026,4,Yes,Saturday,North,Local Street Vendor,34.7,Cash,12,Chopra Rakhi Point,547.36,28
2219,Eco-Friendly,Sandalwood (Chandan),2026,5,#Yes,Saturday,East,Online,33.6,UPI,5,Chopra Rakhi Hub 12,72.97,13
3327,Kids & Cartoon,Silk Thread,2026,2,No,Monday,East,Local Street Vendor,32.0,Cash,6,Saxena Rakhi Hub 138,15.19,24
4159,Kids & Cartoon,Silk Thread,2026,3,Yes,Sunday,West,Local Street Vendor,32.2,Credit Card,7,Mehra Rakhi Hub 81,16.23,16
3584,Eco-Friendly,Sandalwood (Chandan),2026,7,No,Monday,East,Local Street Vendor,28.1,Cash,2,Mehra Rakhi Hub 25,50.6,5
1683,Eco-Friendly,Sandalwood (Chandan),2026,1,No,Wednesday,Central,Supermarket,29.8,Cash,8,Goel Rakhi Hub 239,80.41,40
2137,Kids & Cartoon,Silk Thread,2026,1,No,Thursday,East,Local Street Vendor,33.0,Credit Card,14,Arora Rakhi Hub 218,11.43,44
2122,Premium & Jewelry,Sterling Silver,2026,3,Yes,Sunday,East,Local Street Vendor,29.8,Cash,9,Chawla Rakhi Hub 48,587.65,31
5059,Kids & Cartoon,Sandalwood (Chandan),2026,5,No,Friday,West,Supermarket,27.9,Credit Card,3,Arora Rakhi Point,27.24,16
137,Eco-Friendly,Sandalwood (Chandan),2026,1,Yes,Sunday,East,Supermarket,30.6,Cash,11,Rastogi Rakhi Hub 178,66.05,26
3171,Eco-Friendly,Silk Thread,2026,7,No,Tuesday,Central,Supermarket,27.7,Credit Card,2,Jain Rakhi Hub 119,21.58,9
86,Premium & Jewelry,Sandalwood (Chandan),2026,7,No,Friday,Central,Supermarket,36.2,Cash,1,Saxena Rakhi Hub 193,182.14,4
3005,Premium & Jewelry,Sterling Silver,2026,5,No,Thursday,,Online,37.4,Credit Card,5,Bhatia Rakhi Corner,995.16,19
1878,Kids & Cartoon,Silk Thread,2026,6,Yes,Saturday,North,Local Street Vendor,29.2,UPI,3,Chopra Rakhi Hub 190,11.52,8
2802,Kids & Cartoon,Silk Thread,2026,2,No,Monday,Central,Online,,Credit Card,16,Arora Handicrafts,21.58,62
3672,Kids & Cartoon,Sandalwood (Chandan),2026,6,No,Friday,West,Local Street Vendor,34.8,Credit Card,3,Jain Rakhi & Gifts,20.09,10
1060,Eco-Friendly,Sandalwood (Chandan),2026,2,No,Monday,East,Online,,Cash,8,Sethi Rakhi Bazaar,86.48,27
1219,Kids & Cartoon,Silk Thread,2026,2,No,Monday,North,Supermarket,32.6,UPI,4,Chawla Rakhi Bazaar,19.27,15
2641,Eco-Friendly,Silk Thread,2026,1,No,Monday,North,Local Street Vendor,38.4,Cash,7,Kapoor Rakhi Hub 270,26.96,33
3580,Premium & Jewelry,Sterling Silver,2026,5,yES,Sunday,West,Local Street Vendor,35.3,UPI,47,Kapoor Rakhi Hub 118,574.94,112
4426,Kids & Cartoon,Silk Thread,2026,1,Yes,Sunday,East,Online,30.1,UPI,4,Bansal Gift House,23.94,20
2881,Premium & Jewelry,Silk Thread,2026,2,No,Wednesday,Central,Online,31.1,Credit Card,6,Mehra Festive Mart,92.72,20
2775,Eco-Friendly,Sandalwood (Chandan),2026,7,No,Tuesday,North,Local Street Vendor,28.9,Cash,3,Rastogi Rakhi Hub 189,36.28,13
495,Eco-Friendly,Sandalwood (Chandan),2026,4,Yes,Sunday,North,Supermarket,30.0,Cash,5,Tandon Handicrafts,55.83,13
2020,Kids & Cartoon,Silk Thread,2026,3,No,Wednesday,East,Online,32.1,Cash,7,Aggarwal Rakhi Point,24.65,24
5145,Kids & Cartoon,Silk Thread,2026,7,Yes,Saturday,North,Local Street Vendor,32.2,Cash,6,Malhotra Rakhi Hub 14,12.39,26
2526,Premium & Jewelry,Sandalwood (Chandan),2026,2,No,Monday,East,Local Street Vendor,36.3,Cash,5,Saxena Rakhi Hub 123,1046.82,29
4811,Kids & Cartoon,Silk Thread,2026,2,No,Friday,East,Local Street Vendor,32.5,Cash,14,Aggarwal Rakhi Hub 179,12.83,56
4100,Eco-Friendly,Silk Thread,2026,1,yES,Saturday,East,Online,29.9,Cash,7,Rastogi Rakhi Store,39.7,20
5728,Kids & Cartoon,Silk Thread,2026,2,No,Monday,Central,Online,34.5,Cash,8,Khanna Rakhi Hub 85,21.02,50
4789,Premium & Jewelry,Sterling Silver,2026,5,No,Tuesday,East,Online,32.5,UPI,3,Verma Rakhi Hub 30,916.28,9
1271,Eco-Friendly,Sandalwood (Chandan),2026,5,No,Tuesday,East,Online,28.8,UPI,5,Nanda Festive Mart,72.34,20
4595,Premium & Jewelry,Sandalwood (Chandan),2026,2,No,Wednesday,West,Local Street Vendor,30.7,Cash,4,Chawla Rakhi Store,170.62,11
4528,Kids & Cartoon,Silk Thread,2026,1,No,Monday,Central,Local Street Vendor,31.3,Cash,7,Goel Rakhi Hub 243,14.72,40
2896,Premium & Jewelry,Sterling Silver,2026,1,No,Wednesday,Central,Local Street Vendor,34.6,UPI,8,Bansal Rakhi Point,504.72,25
5576,Premium & Jewelry,Sterling Silver,2026,7,yES,Sunday,West,Online,34.2,UPI,3,Chopra Festive Mart,932.15,9
3281,Kids & Cartoon,Sandalwood (Chandan),2026,1,Yes,Saturday,North,Supermarket,36.3,UPI,7,Aggarwal Emporium,34.76,25
619,Premium & Jewelry,Sterling Silver,2026,5,Yes,Sunday,East,Supermarket,35.1,Cash,4,Sethi Traditions,584.94,10
5450,Kids & Cartoon,Silk Thread,2026,2,No,Wednesday,West,Supermarket,30.8,Cash,7,Mehra Rakhi & Gifts,14.17,26
3426,Kids & Cartoon,Silk Thread,2026,7,Yes,Saturday,West,Local Street Vendor,34.3,Credit Card,5,Arora Rakhi Store,12.99,20
4437,Eco-Friendly,Silk Thread,2026,7,No,Friday,East,Supermarket,,UPI,2,Malhotra Festive Mart,40.13,5
5656,Premium & Jewelry,Sterling Silver,2026,1,No,Tuesday,West,Supermarket,31.8,UPI,6,Saxena Rakhi Hub 192,711.22,22
4995,Kids & Cartoon,Silk Thread,2026,2,No,Thursday,North,Local Street Vendor,36.4,UPI,2,Sethi Rakhi & Gifts,12.79,13
4368,Kids & Cartoon,Silk Thread,2026,3,No,Monday,East,Local Street Vendor,32.4,Credit Card,7,Kapoor Rakhi Hub 118,13.67,29
4031,Kids & Cartoon,Silk Thread,2026,5,nO,Wednesday,East,Supermarket,32.3,Cash,5,Bansal Gift House,16.48,27
4777,Kids & Cartoon,Silk Thread,2026,7,yES,Sunday,West,Supermarket,29.8,Credit Card,7,Bansal Gift House,17.72,16
1414,Eco-Friendly,Sandalwood (Chandan),2026,2,No,Tuesday,Central,Local Street Vendor,34.8,UPI,7,Tandon Rakhi & Gifts,41.67,38
2202,Eco-Friendly,Sandalwood (Chandan),2026,1,Yes,Saturday,,Supermarket,29.7,Cash,33,Bansal Rakhi Hub 99,62.99,122
2002,Kids & Cartoon,Silk Thread,2026,3,Yes,Sunday,West,Online,30.1,Cash,6,Verma Rakhi Hub 236,18.34,23
5983,Eco-Friendly,Sandalwood (Chandan),2026,1,No,Wednesday,West,Online,36.8,UPI,8,Sethi Rakhi Hub 10,69.3,31
870,Premium & Jewelry,Sterling Silver,2026,6,No,Friday,North,Online,30.4,Cash,6,Malhotra Rakhi Hub 4,736.78,21
2359,Eco-Friendly,Sandalwood (Chandan),2026,7,No,Thursday,Central,Supermarket,33.0,Cash,8,Saxena Rakhi Hub 262,63.38,7
2007,Kids & Cartoon,Silk Thread,2026,3,nO,Tuesday,West,Supermarket,27.1,Cash,5,Bhatia Emporium,17.29,25
3091,Eco-Friendly,Sandalwood (Chandan),2026,5,No,Wednesday,East,Supermarket,35.8,Cash,12,Saxena Rakhi Hub 17,84.59,68
2322,Premium & Jewelry,Sterling Silver,2026,1,nO,Wednesday,North,Supermarket,33.1,Cash,8,Bansal Rakhi Hub 67,842.65,28
5559,Kids & Cartoon,Silk Thread,2026,7,No,Monday,Central,Online,32.8,Cash,1,Mehra Rakhi Hub 209,23.0,6
357,Eco-Friendly,Sandalwood (Chandan),2026,6,#Yes,Saturday,West,Supermarket,33.0,Cash,4,Mehra Rakhi Store,66.12,14
1163,Eco-Friendly,Sandalwood (Chandan),2026,2,nO,Friday,West,Supermarket,36.5,Cash,6,Nanda Rakhi Hub 232,51.83,36
4888,Kids & Cartoon,Silk Thread,2026,2,No,Monday,East,Local Street Vendor,34.8,UPI,4,Sharma Rakhi Hub 59,14.68,13
3065,Kids & Cartoon,Silk Thread,2026,3,No,Friday,West,Online,35.2,Cash,5,Aggarwal Rakhi & Gifts,19.94,18
4047,Premium & Jewelry,Sterling Silver,2026,7,No,Wednesday,West,Supermarket,35.8,Credit Card,4,Chawla Handicrafts,627.94,17
3162,Eco-Friendly,Sandalwood (Chandan),2026,3,nO,Monday,Central,Supermarket,36.6,Cash,6,Goel Rakhi Hub 228,60.17,26
3771,Eco-Friendly,Sandalwood (Chandan),2026,1,No,Monday,East,Local Street Vendor,33.1,Cash,3,Bhatia Rakhi Hub 18,40.59,11
5042,Premium & Jewelry,Sterling Silver,2026,3,Yes,Saturday,East,Local Street Vendor,33.1,Cash,3,Bansal Emporium,487.72,13
5056,Premium & Jewelry,Silk Thread,2026,7,Yes,Saturday,Central,Supermarket,,Cash,2,Saxena Rakhi Hub 294,117.93,8
2608,Premium & Jewelry,Silk Thread,2026,7,Yes,Saturday,Central,Supermarket,33.5,Cash,6,Bhatia Rakhi Hub 3,130.53,16
3497,Eco-Friendly,Silk Thread,2026,6,Yes,Saturday,East,Online,29.8,UPI,3,Sethi Rakhi Hub 242,29.67,11
1891,Premium & Jewelry,Sterling Silver,2026,5,Yes,Sunday,West,Supermarket,39.6,Cash,3,Chawla Rakhi Hub 94,849.01,11
580,Kids & Cartoon,Sandalwood (Chandan),2026,3,No,Thursday,West,Supermarket,28.9,UPI,5,Sethi Rakhi Bazaar,29.25,21
2320,Eco-Friendly,Sandalwood (Chandan),2026,1,No,Friday,East,Online,36.4,Cash,8,Chopra Handicrafts,84.59,24
4327,Premium & Jewelry,Sterling Silver,2026,4,No,Wednesday,Central,Local Street Vendor,31.3,Cash,5,Khanna Rakhi Hub 132,532.11,15
2166,Premium & Jewelry,Sterling Silver,2026,2,No,Friday,North,Online,29.4,Cash,3,Mehra Rakhi Hub 128,789.26,12
3564,Premium & Jewelry,Sterling Silver,2026,7,yES,Sunday,North,Online,34.5,Cash,10,Saxena Festive Mart,791.03,23
1692,Eco-Friendly,Sandalwood (Chandan),2026,4,No,Monday,Central,Online,31.2,Credit Card,8,Gupta Traditions,66.56,22
863,Eco-Friendly,Silk Thread,2026,1,No,Wednesday,North,Local Street Vendor,31.3,Credit Card,3,Goel Rakhi Hub 107,28.59,20
5434,Kids & Cartoon,Silk Thread,2026,4,No,Monday,East,Supermarket,32.5,Cash,4,Nanda Rakhi & Gifts,24.73,15
3975,Premium & Jewelry,Sterling Silver,2026,1,No,Wednesday,North,Local Street Vendor,29.9,Cash,8,Mehra Rakhi Hub 256,417.78,23
2381,Eco-Friendly,Sandalwood (Chandan),2026,6,No,Tuesday,Central,Local Street Vendor,35.3,UPI,2,Arora Rakhi Hub 140,46.27,11
2379,Premium & Jewelry,Sterling Silver,2026,6,nO,Wednesday,East,Online,29.9,Cash,3,Rastogi Rakhi Store,632.23,13
126,Kids & Cartoon,Silk Thread,2026,5,No,Friday,North,Supermarket,31.1,UPI,6,Khanna Rakhi Hub 45,13.5,22
3793,Premium & Jewelry,Sterling Silver,2026,4,No,Friday,North,Supermarket,29.6,Cash,3,Tandon Rakhi Store,609.63,13
3057,Kids & Cartoon,Silk Thread,2026,1,Yes,Sunday,Central,Local Street Vendor,39.1,Cash,12,Kapoor Rakhi Hub 118,11.35,41
5940,Eco-Friendly,Sandalwood (Chandan),2026,7,yES,Sunday,Central,Online,28.6,UPI,2,Mehra Rakhi Hub 81,67.19,7
3307,Premium & Jewelry,Sandalwood (Chandan),2026,1,nO,Friday,West,Supermarket,29.7,UPI,3,Chawla Rakhi Hub 265,223.59,22
3213,Eco-Friendly,Silk Thread,2026,5,Yes,Saturday,North,Online,35.1,UPI,5,Jain Rakhi Hub 253,55.03,26
3500,Eco-Friendly,Silk Thread,2026,5,No,Friday,,Supermarket,30.2,Credit Card,5,Mehra Rakhi Hub 128,42.59,17
4392,Eco-Friendly,Sandalwood (Chandan),2026,6,Yes,Sunday,East,Local Street Vendor,37.3,Cash,3,Rastogi Rakhi Store,274.97,12
1117,Premium & Jewelry,Sterling Silver,2026,5,Yes,Sunday,East,Local Street Vendor,39.3,UPI,5,Sharma Rakhi Hub 61,400.83,20
1542,Premium & Jewelry,Sterling Silver,2026,4,No,Wednesday,East,Supermarket,33.8,Cash,4,Malhotra Rakhi Hub 38,888.89,19
2774,Premium & Jewelry,Silk Thread,2026,2,Yes,Saturday,Central,Supermarket,31.6,UPI,12,Rastogi Rakhi Bazaar,106.41,45
1664,Premium & Jewelry,Sandalwood (Chandan),2026,4,No,Monday,West,Online,36.6,Cash,11,Bansal Rakhi Hub 198,263.65,56
2107,Eco-Friendly,Silk Thread,2026,1,No,Thursday,North,Supermarket,32.0,Credit Card,9,Bhatia Emporium,31.78,35
4541,Premium & Jewelry,Sandalwood (Chandan),2026,5,Yes,Sunday,North,Local Street Vendor,35.3,Cash,4,Malhotra Rakhi Hub 64,149.31,19
4421,Kids & Cartoon,Silk Thread,2026,2,No,Tuesday,,Local Street Vendor,20.9,Credit Card,4,Kapoor Handicrafts,12.44,13
5417,Premium & Jewelry,Silk Thread,2026,3,No,Friday,Central,Supermarket,36.1,UPI,6,Kapoor Rakhi Point,86.4,28
4342,Premium & Jewelry,Sandalwood (Chandan),2026,6,No,Thursday,East,Supermarket,37.8,UPI,2,Jain Rakhi Hub 37,136.84,10
3662,Eco-Friendly,Sandalwood (Chandan),2026,2,Yes,Saturday,,Supermarket,33.3,Cash,8,Bansal Rakhi Hub 268,61.79,20
4530,Kids & Cartoon,Silk Thread,2026,5,nO,Thursday,North,Supermarket,25.6,UPI,5,Arora Rakhi Hub 46,21.53,16
5366,Eco-Friendly,Sandalwood (Chandan),2026,7,No,Thursday,Central,Online,28.2,Cash,3,Tandon Rakhi Hub 53,65.23,15
5229,Premium & Jewelry,Sterling Silver,2026,4,Yes,Saturday,East,Online,30.3,Cash,2,Mehra Rakhi Hub 272,700.79,9
5777,Eco-Friendly,Sterling Silver,2026,4,No,Monday,East,Supermarket,27.9,Cash,5,Saxena Rakhi Hub 17,215.87,18
3366,Kids & Cartoon,Silk Thread,2026,1,No,Thursday,Central,Local Street Vendor,32.9,Credit Card,3,Jain Rakhi Hub 87,11.78,14
3643,Eco-Friendly,Sandalwood (Chandan),2026,1,nO,Friday,East,Local Street Vendor,33.8,Cash,3,Malhotra Festive Mart,41.72,18
2501,Premium & Jewelry,Sterling Silver,2026,2,No,Tuesday,West,Local Street Vendor,35.7,UPI,6,Khanna Rakhi Hub 121,568.77,19
1315,Premium & Jewelry,Sterling Silver,2026,1,Yes,Saturday,Central,Online,35.4,UPI,4,Bansal Rakhi Hub 217,833.62,16
5103,Premium & Jewelry,Sterling Silver,2026,6,Yes,Sunday,West,Supermarket,35.9,UPI,2,Gupta Rakhi Hub 139,762.59,11
5425,Eco-Friendly,Silk Thread,2026,3,No,Friday,East,Supermarket,34.0,Cash,5,Bansal Rakhi Hub 288,42.31,19
4285,Eco-Friendly,Silk Thread,2026,7,Yes,Saturday,Central,Online,33.3,Cash,1,Sharma Rakhi Hub 122,45.21,4
3688,Eco-Friendly,Sandalwood (Chandan),2026,5,No,Monday,North,Supermarket,31.3,Credit Card,3,Sharma Traditions,71.22,11
2044,Eco-Friendly,Sandalwood (Chandan),2026,4,yES,Sunday,North,Local Street Vendor,33.8,Cash,5,Tandon Rakhi Hub 103,50.75,21
3810,Eco-Friendly,Sandalwood (Chandan),2026,1,No,Tuesday,Central,Local Street Vendor,31.9,Cash,4,Sethi Rakhi Hub 40,46.73,23
5132,Premium & Jewelry,Sterling Silver,2026,4,No,Thursday,North,Local Street Vendor,34.9,Cash,6,Bhatia Handicrafts,665.36,18
2735,Premium & Jewelry,Silk Thread,2026,3,No,Monday,East,Local Street Vendor,27.9,Credit Card,4,Sharma Rakhi Hub 185,78.64,19
4019,Premium & Jewelry,Sterling Silver,2026,3,Yes,Saturday,Central,Supermarket,22.7,Cash,13,Malhotra Traditions,613.21,33
1797,Kids & Cartoon,Silk Thread,2026,1,No,Monday,Central,Supermarket,30.7,Credit Card,5,Bansal Rakhi Hub 99,19.59,28
4351,Premium & Jewelry,Sterling Silver,2026,3,Yes,Sunday,East,Supermarket,34.1,Cash,7,Arora Handicrafts,806.46,25
4502,Kids & Cartoon,Silk Thread,2026,6,yES,Saturday,Central,Local Street Vendor,26.5,Cash,3,Saxena Rakhi Hub 262,13.8,9
5961,Premium & Jewelry,Sterling Silver,2026,3,No,Friday,East,Supermarket,30.3,Cash,2,Nanda Rakhi & Gifts,588.26,11
5332,Eco-Friendly,Sandalwood (Chandan),2026,4,#Yes,Sunday,West,Online,29.2,Cash,7,Chopra Rakhi Hub 127,73.2,22
3973,Kids & Cartoon,Sandalwood (Chandan),2026,4,#Yes,Sunday,Central,Supermarket,26.3,Cash,4,Arora Rakhi Hub 115,32.26,12
3668,Premium & Jewelry,Sandalwood (Chandan),2026,6,No,Monday,West,Supermarket,29.8,Credit Card,5,Gupta Gift House,181.73,15
2053,Kids & Cartoon,Sandalwood (Chandan),2026,4,No,Monday,Central,Local Street Vendor,33.1,UPI,2,Bhatia Rakhi Hub 29,21.65,9
4255,Eco-Friendly,Sandalwood (Chandan),2026,1,Yes,Saturday,North,Local Street Vendor,30.9,Cash,7,Nanda Rakhi Store,43.74,20
1777,Eco-Friendly,Silk Thread,2026,7,No,Thursday,East,Local Street Vendor,35.5,Cash,2,Chawla Rakhi Hub 250,25.13,10
4503,Kids & Cartoon,Silk Thread,2026,1,No,Wednesday,North,Supermarket,25.7,Cash,4,Bansal Festive Mart,20.58,24
3314,Kids & Cartoon,Silk Thread,2026,7,Yes,Saturday,Central,Online,31.6,Cash,3,Sethi Rakhi Hub 286,18.83,13
4920,Kids & Cartoon,Sterling Silver,2026,3,nO,Monday,East,Online,30.5,UPI,3,Jain Rakhi Hub 37,128.36,13
2537,Eco-Friendly,Silk Thread,2026,1,No,Thursday,East,Local Street Vendor,28.4,Credit Card,6,Tandon Rakhi & Gifts,30.12,39
2809,Premium & Jewelry,Sandalwood (Chandan),2026,4,Yes,Saturday,West,Local Street Vendor,50.2,Cash,10,Mehra Festive Mart,164.3,27
1909,Eco-Friendly,Sandalwood (Chandan),2026,2,No,Friday,West,Local Street Vendor,48.6,Credit Card,3,Khanna Rakhi Corner,47.2,18
1593,Eco-Friendly,Sandalwood (Chandan),2026,6,Yes,Saturday,North,Online,35.8,Cash,4,Khanna Gift House,68.02,20
1724,Kids & Cartoon,Silk Thread,2026,7,Yes,Saturday,West,Online,33.7,Cash,7,Saxena Rakhi Hub 193,19.75,18
3510,Premium & Jewelry,Sterling Silver,2026,3,No,Tuesday,West,Local Street Vendor,31.6,Cash,4,Aggarwal Handicrafts,497.67,28
3284,Premium & Jewelry,Sterling Silver,2026,6,No,Tuesday,Central,Supermarket,30.5,UPI,4,Chawla Rakhi Hub 93,737.34,11
5875,Premium & Jewelry,Sterling Silver,2026,7,No,Monday,North,Local Street Vendor,29.1,Cash,2,Verma Rakhi Hub 151,516.42,8
2612,Eco-Friendly,Sandalwood (Chandan),2026,2,No,Monday,East,Local Street Vendor,31.5,Cash,4,Malhotra Handicrafts,39.21,25
4149,Kids & Cartoon,Silk Thread,2026,6,No,Friday,North,Local Street Vendor,29.5,UPI,4,Chawla Rakhi Hub 94,13.75,18
5457,Premium & Jewelry,Sterling Silver,2026,6,No,Thursday,North,Supermarket,25.7,Cash,3,Sharma Rakhi Hub 226,675.25,19
4323,Kids & Cartoon,Silk Thread,2026,4,No,Tuesday,West,Supermarket,33.7,UPI,4,Rastogi Rakhi & Gifts,21.3,18
491,Eco-Friendly,Silk Thread,2026,3,nO,Tuesday,West,Supermarket,32.5,Cash,16,Sharma Gift House,41.59,48
4469,Eco-Friendly,Sandalwood (Chandan),2026,2,No,Tuesday,North,Online,33.4,Cash,9,Mehra Rakhi Hub 6,70.61,34
3484,Kids & Cartoon,Silk Thread,2026,5,No,Tuesday,East,Supermarket,32.2,Cash,3,Nanda Rakhi Hub 21,14.96,14
2911,Eco-Friendly,Sandalwood (Chandan),2026,6,No,Thursday,West,Local Street Vendor,35.2,Cash,3,Sethi Rakhi Hub 22,51.65,8
1007,Eco-Friendly,Sandalwood (Chandan),2026,3,No,Wednesday,West,Local Street Vendor,33.4,Cash,7,Chopra Rakhi Hub 216,37.99,29
1410,Eco-Friendly,Silk Thread,2026,3,No,Monday,,Local Street Vendor,28.4,Cash,3,Mehra Rakhi Hub 128,25.04,16
3432,Kids & Cartoon,Silk Thread,2026,2,No,Monday,North,Supermarket,29.7,Credit Card,6,Aggarwal Rakhi & Gifts,17.43,26
2504,Eco-Friendly,Sandalwood (Chandan),2026,1,No,Monday,Central,Supermarket,30.9,UPI,10,Kapoor Rakhi Hub 31,51.13,31
4194,Eco-Friendly,Sandalwood (Chandan),2026,6,nO,Tuesday,West,Supermarket,37.0,Cash,4,Goel Rakhi Hub 243,70.97,18
5062,Premium & Jewelry,Sterling Silver,2026,2,Yes,Sunday,North,Supermarket,31.7,Credit Card,27,Mehra Rakhi Store,529.39,63
26,Premium & Jewelry,Sandalwood (Chandan),2026,7,nO,Wednesday,North,Supermarket,31.8,UPI,2,Jain Rakhi Corner,215.38,9
1255,Premium & Jewelry,Sterling Silver,2026,6,Yes,Sunday,East,Local Street Vendor,31.8,Credit Card,6,Nanda Rakhi Hub 261,479.33,19
2410,Eco-Friendly,Sandalwood (Chandan),2026,3,No,Tuesday,Central,Online,33.9,UPI,3,Chawla Rakhi Hub 230,95.69,15
3271,Eco-Friendly,Silk Thread,2026,4,#Yes,Saturday,Central,Supermarket,31.7,UPI,14,Bhatia Rakhi Store,30.65,42
1553,Kids & Cartoon,Silk Thread,2026,7,No,Wednesday,North,Supermarket,28.3,Cash,3,Sethi Rakhi Hub 242,17.89,12
3267,Premium & Jewelry,Sterling Silver,2026,7,No,Thursday,North,Online,33.9,UPI,2,Arora Rakhi Hub 115,729.39,8
5991,Premium & Jewelry,Sandalwood (Chandan),2026,1,Yes,Sunday,Central,Local Street Vendor,33.0,Credit Card,13,Verma Rakhi Point,124.06,40
3872,Premium & Jewelry,Sandalwood (Chandan),2026,3,Yes,Sunday,Central,Online,24.9,UPI,5,Nanda Gift House,249.48,16
3403,Kids & Cartoon,Silk Thread,2026,2,Yes,Saturday,West,Local Street Vendor,27.2,Cash,4,Chawla Rakhi Hub 34,10.25,15
980,Premium & Jewelry,Silk Thread,2026,2,nO,Friday,Central,Local Street Vendor,29.8,UPI,5,Saxena Rakhi Hub 252,91.51,21
2656,Eco-Friendly,Silk Thread,2026,2,No,Wednesday,Central,Online,33.9,Cash,2,Malhotra Rakhi Hub 64,43.91,14
1848,Kids & Cartoon,Silk Thread,2026,2,Yes,Sunday,West,Local Street Vendor,29.2,Cash,3,Aggarwal Rakhi Hub 179,72.95,10
5228,Premium & Jewelry,Silk Thread,2026,3,No,Tuesday,East,Supermarket,34.7,UPI,15,Kapoor Handicrafts,112.98,62
4043,Premium & Jewelry,Sterling Silver,2026,1,No,Monday,North,Supermarket,24.1,UPI,3,Arora Handicrafts,476.94,22
4706,Premium & Jewelry,Sterling Silver,2026,5,No,Friday,West,Supermarket,32.7,Credit Card,2,Bansal Rakhi Hub 288,746.53,11
5954,Premium & Jewelry,Sandalwood (Chandan),2026,3,Yes,Sunday,West,Local Street Vendor,20.0,UPI,5,Aggarwal Rakhi Hub 162,169.78,23
4746,Premium & Jewelry,Sterling Silver,2026,7,nO,Thursday,East,Supermarket,23.3,UPI,1,Sharma Traditions,691.65,8
1103,Eco-Friendly,Sandalwood (Chandan),2026,1,#Yes,Sunday,East,Online,28.7,Credit Card,15,Aggarwal Rakhi Hub 90,87.37,35
3277,Kids & Cartoon,Silk Thread,2026,3,#Yes,Saturday,West,Online,36.2,Cash,7,Arora Rakhi & Gifts,15.24,18
5644,Kids & Cartoon,Silk Thread,2026,5,No,Tuesday,West,Supermarket,36.5,Cash,6,Gupta Festive Mart,19.6,18
5949,Kids & Cartoon,Silk Thread,2026,6,Yes,Sunday,West,Online,31.4,UPI,2,Chopra Rakhi Hub 127,17.71,9
5085,Eco-Friendly,Sandalwood (Chandan),2026,7,No,Friday,East,Online,29.2,UPI,1,Bhatia Rakhi Hub 51,63.09,6
3997,Premium & Jewelry,Sterling Silver,2026,1,No,Thursday,West,Local Street Vendor,37.2,Credit Card,9,Khanna Rakhi Hub 45,396.85,27
195,Premium & Jewelry,Sterling Silver,2026,5,No,Monday,West,Online,31.3,Cash,2,Kapoor Rakhi Hub 63,586.95,5
644,Premium & Jewelry,Sterling Silver,2026,3,Yes,Saturday,Central,Online,28.4,UPI,4,Saxena Rakhi Hub 158,710.17,20
3286,Kids & Cartoon,Silk Thread,2026,3,No,Thursday,North,Local Street Vendor,30.0,Credit Card,2,Saxena Rakhi Hub 222,10.19,16
3117,Premium & Jewelry,Sterling Silver,2026,5,Yes,Sunday,North,Supermarket,33.6,Cash,6,Sharma Rakhi Hub 141,549.03,14
3576,Kids & Cartoon,Silk Thread,2026,2,No,Thursday,North,Supermarket,31.5,Cash,3,Gupta Rakhi Hub 282,22.94,19
413,Premium & Jewelry,Sterling Silver,2026,1,nO,Thursday,East,Online,29.0,Credit Card,15,Bhatia Rakhi Hub 254,700.43,59
2208,Kids & Cartoon,Silk Thread,2026,6,yES,Saturday,Central,Supermarket,33.9,UPI,6,Verma Handicrafts,15.91,31
3719,Eco-Friendly,Sandalwood (Chandan),2026,2,Yes,Sunday,North,Supermarket,28.5,Credit Card,9,Mehra Rakhi Hub 275,59.33,21
973,Premium & Jewelry,Sterling Silver,2026,6,nO,Friday,West,Online,36.3,UPI,8,Sharma Rakhi Bazaar,626.23,31
720,Eco-Friendly,Sandalwood (Chandan),2026,7,No,Tuesday,,Local Street Vendor,28.4,Cash,3,Gupta Rakhi Hub 191,52.18,12
4808,Kids & Cartoon,Silk Thread,2026,6,nO,Tuesday,North,Local Street Vendor,28.7,Cash,2,Sharma Emporium,10.7,12
3897,Kids & Cartoon,Silk Thread,2026,7,No,Tuesday,North,Local Street Vendor,31.4,Credit Card,5,Verma Rakhi Hub 95,14.52,14
2804,Kids & Cartoon,Silk Thread,2026,4,No,Thursday,West,Supermarket,32.6,Cash,4,Kapoor Rakhi Hub 258,15.97,25
2567,Premium & Jewelry,Sandalwood (Chandan),2026,3,Yes,Saturday,East,Supermarket,35.5,Credit Card,11,Verma Rakhi Hub 92,1471.06,33
4026,Eco-Friendly,Silk Thread,2026,6,nO,Wednesday,Central,Supermarket,32.0,Cash,3,Rastogi Rakhi Hub 50,31.18,14
33,Kids & Cartoon,Silk Thread,2026,3,Yes,Sunday,East,Local Street Vendor,31.4,Cash,3,Saxena Gift House,14.45,12
2962,Eco-Friendly,Sandalwood (Chandan),2026,3,No,Tuesday,North,Supermarket,25.2,Cash,3,Jain Rakhi Store,54.43,11
4064,Kids & Cartoon,Silk Thread,2026,5,No,Thursday,West,Supermarket,32.4,UPI,13,Saxena Rakhi & Gifts,19.22,66
1151,Premium & Jewelry,Sterling Silver,2026,4,yES,Sunday,East,Local Street Vendor,32.3,Cash,13,Gupta Rakhi Hub 297,381.37,36
1698,Eco-Friendly,Sandalwood (Chandan),2026,1,Yes,Saturday,,Supermarket,31.6,UPI,15,Sharma Rakhi Store,55.42,43
2793,Eco-Friendly,Sandalwood (Chandan),2026,1,Yes,Saturday,North,Supermarket,32.4,UPI,13,Saxena Rakhi Store,73.15,30
2223,Kids & Cartoon,Silk Thread,2026,3,Yes,Saturday,North,Online,32.5,UPI,5,Bansal Rakhi Hub 237,15.48,24
3765,Premium & Jewelry,Sterling Silver,2026,3,No,Friday,Central,Online,29.4,UPI,7,Khanna Handicrafts,869.38,27
3867,Kids & Cartoon,Sterling Silver,2026,7,Yes,Saturday,Central,Online,38.1,Cash,8,Jain Rakhi Corner,124.78,30
1479,Kids & Cartoon,Silk Thread,2026,6,No,Friday,East,Local Street Vendor,36.1,Credit Card,6,Tandon Rakhi Corner,13.98,24
1694,Eco-Friendly,Silk Thread,2026,3,Yes,Saturday,Central,Local Street Vendor,32.2,Cash,4,Saxena Rakhi Hub 213,25.36,18
4398,Eco-Friendly,Sandalwood (Chandan),2026,7,Yes,Sunday,West,Online,31.1,UPI,7,Tandon Rakhi Hub 147,72.72,30
5927,Eco-Friendly,Sandalwood (Chandan),2026,4,No,Thursday,West,Supermarket,31.0,UPI,6,Arora Rakhi Hub 140,82.72,24
3759,Eco-Friendly,Silk Thread,2026,1,Yes,Sunday,Central,Local Street Vendor,32.3,Credit Card,8,Sharma Rakhi Hub 122,17.66,21
5340,Premium & Jewelry,Sterling Silver,2026,2,Yes,Saturday,North,Local Street Vendor,33.7,Cash,8,Mehra Rakhi Hub 110,442.84,23
3228,Premium & Jewelry,Silk Thread,2026,5,No,Monday,West,Supermarket,33.3,Cash,3,Arora Rakhi Hub 117,120.93,12
5624,Kids & Cartoon,Silk Thread,2026,2,No,Wednesday,West,Supermarket,34.9,UPI,4,Sharma Rakhi Hub 226,17.54,26
3905,Kids & Cartoon,Silk Thread,2026,7,No,Friday,North,Online,27.7,Cash,2,Sethi Traditions,15.9,8
2278,Premium & Jewelry,Silk Thread,2026,3,No,Monday,Central,Supermarket,31.1,UPI,6,Nanda Rakhi Hub 279,110.11,25
4491,Kids & Cartoon,Silk Thread,2026,3,No,Wednesday,,Local Street Vendor,36.8,Cash,10,Malhotra Festive Mart,13.59,34
1402,Premium & Jewelry,Sterling Silver,2026,4,Yes,Sunday,West,Supermarket,37.9,Credit Card,5,Mehra Rakhi Hub 81,652.83,13
740,Kids & Cartoon,Silk Thread,2026,2,No,Wednesday,North,Online,31.1,UPI,19,Bansal Rakhi Hub 161,20.8,58
4903,Premium & Jewelry,Sterling Silver,2026,1,No,Thursday,Central,Local Street Vendor,27.1,Credit Card,9,Nanda Rakhi Hub 79,544.22,45
4525,Eco-Friendly,Sandalwood (Chandan),2026,4,nO,Thursday,,Local Street Vendor,30.9,UPI,5,Mehra Rakhi Hub 25,46.63,15
664,Premium & Jewelry,Sandalwood (Chandan),2026,5,No,Friday,East,Online,30.7,Cash,4,Saxena Rakhi Hub 193,261.02,14
5382,Kids & Cartoon,Silk Thread,2026,7,No,Tuesday,,Supermarket,34.6,Cash,2,Nanda Rakhi Hub 21,15.46,11
2780,Premium & Jewelry,Sterling Silver,2026,7,Yes,Sunday,West,Online,30.5,UPI,2,Saxena Rakhi Hub 294,669.27,6
3345,Kids & Cartoon,Silk Thread,2026,5,nO,Monday,East,Supermarket,31.9,Cash,6,Sethi Rakhi Hub 286,14.48,21
675,Kids & Cartoon,Silk Thread,2026,7,Yes,Saturday,Central,Supermarket,29.8,UPI,4,Mehra Rakhi Hub 128,17.61,10
4195,Premium & Jewelry,Sterling Silver,2026,1,No,Wednesday,North,Supermarket,27.1,UPI,14,Chopra Traditions,650.18,50
3842,Kids & Cartoon,Silk Thread,2026,6,No,Tuesday,Central,Supermarket,32.3,Cash,4,Sharma Rakhi Bazaar,15.74,22
1816,Kids & Cartoon,Silk Thread,2026,5,No,Monday,East,Supermarket,32.1,Credit Card,15,Kapoor Rakhi Hub 63,22.79,68
5573,Kids & Cartoon,Silk Thread,2026,4,nO,Monday,Central,Online,30.2,Cash,5,Verma Rakhi Hub 95,16.93,21
572,Eco-Friendly,Sandalwood (Chandan),2026,2,No,Tuesday,North,Supermarket,28.2,Cash,11,Sharma Rakhi Hub 185,49.83,45
3178,Kids & Cartoon,Silk Thread,2026,5,No,Friday,East,Local Street Vendor,31.2,UPI,2,Gupta Rakhi & Gifts,10.37,7
5974,Eco-Friendly,Sandalwood (Chandan),2026,7,No,Friday,North,Online,33.0,UPI,5,Sharma Rakhi Hub 141,60.6,17
2101,Eco-Friendly,Silk Thread,2026,1,Yes,Saturday,East,Supermarket,29.0,Credit Card,4,Sethi Rakhi Hub 19,42.23,10
3776,Kids & Cartoon,Silk Thread,2026,7,No,Monday,West,Supermarket,32.6,UPI,19,Gupta Rakhi & Gifts,56.09,87
2102,Premium & Jewelry,Sterling Silver,2026,2,No,Wednesday,Central,Online,26.4,Credit Card,33,Khanna Rakhi Hub 126,795.78,191
4588,Eco-Friendly,Sandalwood (Chandan),2026,7,#Yes,Saturday,Central,Supermarket,30.7,Cash,2,Sharma Emporium,85.29,5
1549,Kids & Cartoon,Silk Thread,2026,2,#Yes,Sunday,North,Supermarket,31.6,Cash,10,Saxena Rakhi Store,16.37,29
4218,Premium & Jewelry,Sterling Silver,2026,3,No,Thursday,North,Supermarket,32.3,Cash,7,Saxena Rakhi Hub 255,634.15,29
3324,Eco-Friendly,Sandalwood (Chandan),2026,4,No,Thursday,North,Supermarket,38.9,Cash,3,Chopra Rakhi Hub 190,54.37,12
5090,Premium & Jewelry,Sterling Silver,2026,1,Yes,Sunday,East,Supermarket,26.1,UPI,11,Bansal Rakhi Hub 8,658.27,31
356,Kids & Cartoon,Silk Thread,2026,7,No,Thursday,North,Supermarket,17.0,Cash,2,Mehra Rakhi Hub 148,17.18,10
1462,Kids & Cartoon,Silk Thread,2026,7,No,Tuesday,West,Online,32.7,Cash,1,Aggarwal Rakhi & Gifts,19.99,8
3763,Premium & Jewelry,Silk Thread,2026,6,No,Thursday,East,Supermarket,27.1,Cash,6,Sethi Rakhi Hub 33,85.61,20
3221,Premium & Jewelry,Sandalwood (Chandan),2026,7,No,Monday,North,Local Street Vendor,29.4,Credit Card,1,Tandon Rakhi & Gifts,184.05,6
5721,Eco-Friendly,Silk Thread,2026,5,#Yes,Sunday,East,Supermarket,31.5,Cash,5,Nanda Rakhi Hub 98,32.56,13
5177,Premium & Jewelry,Sterling Silver,2026,3,nO,Monday,West,Supermarket,28.1,UPI,6,Bhatia Rakhi Hub 29,649.79,33
1752,Premium & Jewelry,Sterling Silver,2026,3,No,Wednesday,North,Local Street Vendor,37.8,UPI,10,Nanda Rakhi Hub 229,483.3,35
5256,Eco-Friendly,Silk Thread,2026,4,Yes,Saturday,West,Local Street Vendor,33.6,UPI,14,Malhotra Rakhi Hub 38,22.11,37
4990,Premium & Jewelry,Sandalwood (Chandan),2026,2,No,Monday,West,Supermarket,31.5,Credit Card,16,Sharma Festive Mart,244.81,58
1773,Kids & Cartoon,Silk Thread,2026,1,nO,Friday,West,Online,29.7,Cash,102,Chopra Rakhi Hub 44,19.02,577
1197,Premium & Jewelry,Sterling Silver,2026,4,No,Monday,East,Supermarket,31.9,Credit Card,4,Nanda Rakhi Hub 195,686.99,13
1879,Kids & Cartoon,Sandalwood (Chandan),2026,6,#Yes,Saturday,North,Supermarket,34.8,Cash,4,Saxena Rakhi Hub 262,32.05,11
2669,Kids & Cartoon,Silk Thread,2026,1,No,Thursday,Central,Local Street Vendor,32.7,Cash,7,Tandon Rakhi Hub 47,14.34,25
755,Kids & Cartoon,Silk Thread,2026,4,No,Tuesday,North,Local Street Vendor,30.7,UPI,5,Bhatia Rakhi Hub 254,13.42,27
2017,Premium & Jewelry,Silk Thread,2026,3,No,Wednesday,North,Local Street Vendor,37.6,Credit Card,9,Bansal Festive Mart,87.78,39
2006,Eco-Friendly,Sandalwood (Chandan),2026,6,#Yes,Saturday,East,Local Street Vendor,31.8,Cash,4,Sharma Rakhi & Gifts,46.32,13
3894,Kids & Cartoon,Silk Thread,2026,6,#Yes,Sunday,Central,Supermarket,27.2,Cash,2,Goel Rakhi Hub 52,15.74,5
3238,Premium & Jewelry,Sterling Silver,2026,1,nO,Thursday,Central,Supermarket,28.6,Credit Card,10,Chopra Rakhi Hub 216,726.22,35
2079,Kids & Cartoon,Sandalwood (Chandan),2026,5,No,Thursday,West,Local Street Vendor,33.9,Cash,7,Verma Rakhi Bazaar,24.42,35
397,Eco-Friendly,Sandalwood (Chandan),2026,4,nO,Wednesday,North,Local Street Vendor,30.9,UPI,5,Sharma Rakhi Hub 226,34.22,18
2789,Eco-Friendly,Sandalwood (Chandan),2026,1,No,Monday,East,Online,34.5,Credit Card,10,Arora Festive Mart,70.1,43
5867,Eco-Friendly,Sandalwood (Chandan),2026,3,yES,Sunday,North,Local Street Vendor,31.5,Cash,3,Aggarwal Rakhi Hub 55,44.59,10
4073,Kids & Cartoon,Silk Thread,2026,5,No,Wednesday,East,Supermarket,33.9,Cash,3,Arora Rakhi Hub 46,16.05,14
1764,Premium & Jewelry,Sterling Silver,2026,5,Yes,Sunday,West,Online,31.7,Cash,7,Bansal Rakhi Hub 106,598.37,16
4764,Kids & Cartoon,Silk Thread,2026,3,No,Wednesday,Central,Local Street Vendor,33.3,Cash,6,Gupta Rakhi Hub 152,11.99,20
1520,Premium & Jewelry,Sterling Silver,2026,3,No,Wednesday,West,Local Street Vendor,31.3,UPI,8,Sharma Rakhi Hub 172,467.96,27
5634,Premium & Jewelry,Sterling Silver,2026,6,No,Thursday,North,Local Street Vendor,32.2,UPI,3,Jain Rakhi Hub 197,574.2,14
1379,Kids & Cartoon,Silk Thread,2026,6,Yes,Sunday,West,Supermarket,33.7,Cash,5,Bhatia Rakhi Hub 254,21.45,19
1024,Kids & Cartoon,Silk Thread,2026,2,No,Tuesday,East,Online,28.7,UPI,5,Verma Rakhi Hub 196,18.15,18
2588,Premium & Jewelry,Sterling Silver,2026,2,Yes,Saturday,West,Supermarket,35.0,Cash,6,Sharma Rakhi Hub 35,647.23,15
5018,Kids & Cartoon,Silk Thread,2026,5,No,Monday,East,Online,34.0,Credit Card,11,Chawla Rakhi Hub 125,16.52,47
2858,Kids & Cartoon,Sandalwood (Chandan),2026,2,No,Thursday,North,Local Street Vendor,29.1,Credit Card,9,Kapoor Rakhi Hub 257,18.79,29
5502,Kids & Cartoon,Silk Thread,2026,2,Yes,Sunday,East,Local Street Vendor,29.4,Cash,7,Jain Rakhi Hub 119,13.04,33
1630,Kids & Cartoon,Silk Thread,2026,2,Yes,Sunday,North,Local Street Vendor,31.9,Cash,7,Bansal Rakhi Hub 82,11.09,27
3524,Kids & Cartoon,Silk Thread,2026,4,#Yes,Sunday,Central,Online,30.3,Cash,5,Kapoor Rakhi Hub 97,18.99,13
1641,Eco-Friendly,Sterling Silver,2026,3,No,Wednesday,,Online,27.9,Cash,4,Chawla Rakhi Hub 104,200.97,15
3608,Premium & Jewelry,Sterling Silver,2026,4,No,Wednesday,West,Local Street Vendor,32.8,Cash,7,Jain Gift House,412.12,34
3720,Kids & Cartoon,Sterling Silver,2026,7,Yes,Saturday,East,Supermarket,26.3,Credit Card,6,Bansal Rakhi Hub 161,111.26,16
235,Eco-Friendly,Sandalwood (Chandan),2026,3,Yes,Saturday,West,Supermarket,35.3,UPI,6,Malhotra Traditions,74.26,18
3599,Eco-Friendly,Sandalwood (Chandan),2026,3,Yes,Sunday,Central,Online,32.4,Cash,5,Sethi Rakhi Hub 10,430.32,25
3797,Kids & Cartoon,Sterling Silver,2026,6,Yes,Saturday,East,Local Street Vendor,34.0,Credit Card,1,Bansal Rakhi Hub 124,68.46,6
4119,Kids & Cartoon,Silk Thread,2026,7,No,Tuesday,West,Supermarket,33.8,Cash,4,Goel Rakhi Point,12.07,16
3801,Premium & Jewelry,Sterling Silver,2026,5,Yes,Saturday,East,Local Street Vendor,21.3,Cash,4,Chopra Rakhi Hub 57,734.36,11
4956,Premium & Jewelry,Sandalwood (Chandan),2026,6,No,Tuesday,West,Supermarket,38.1,Cash,6,Malhotra Emporium,176.97,22
5898,Eco-Friendly,Silk Thread,2026,6,No,Thursday,West,Online,35.4,Cash,4,Aggarwal Gift House,52.24,13
1949,Premium & Jewelry,Sterling Silver,2026,6,Yes,Saturday,East,Online,31.7,Cash,4,Aggarwal Rakhi Hub 144,854.09,9
3111,Kids & Cartoon,Sandalwood (Chandan),2026,7,No,Thursday,East,Local Street Vendor,28.7,Cash,2,Chawla Rakhi Hub 269,22.45,6
4960,Eco-Friendly,Sandalwood (Chandan),2026,4,No,Friday,West,Online,28.2,Cash,9,Mehra Rakhi Hub 275,89.64,25
3493,Eco-Friendly,Sandalwood (Chandan),2026,2,Yes,Sunday,West,Supermarket,,Cash,4,Malhotra Traditions,63.86,22
2672,Kids & Cartoon,Silk Thread,2026,3,No,Monday,West,Local Street Vendor,31.2,Cash,2,Chawla Rakhi Hub 186,11.87,14
5400,Premium & Jewelry,Sandalwood (Chandan),2026,4,No,Tuesday,East,Supermarket,37.3,Credit Card,3,Goel Rakhi Hub 1,158.34,11
2225,Eco-Friendly,Silk Thread,2026,7,No,Monday,East,Local Street Vendor,31.3,UPI,3,Saxena Rakhi Point,39.49,13
1107,Premium & Jewelry,Sterling Silver,2026,5,Yes,Sunday,,Local Street Vendor,30.7,UPI,7,Malhotra Rakhi Store,443.24,29
4416,Eco-Friendly,Sandalwood (Chandan),2026,7,No,Monday,,Local Street Vendor,27.5,Cash,2,Nanda Rakhi & Gifts,70.22,9
819,Kids & Cartoon,Silk Thread,2026,5,Yes,Sunday,North,Supermarket,43.4,Credit Card,6,Sharma Gift House,13.67,21
609,Eco-Friendly,Silk Thread,2026,6,Yes,Saturday,,Local Street Vendor,28.0,Cash,5,Goel Rakhi Hub 267,25.88,14
2039,Kids & Cartoon,Silk Thread,2026,3,Yes,Sunday,East,Supermarket,31.2,Credit Card,5,Tandon Rakhi Hub 60,17.68,12
3055,Kids & Cartoon,Silk Thread,2026,4,#Yes,Sunday,North,Supermarket,27.5,UPI,5,Arora Emporium,18.62,28
889,Premium & Jewelry,Sterling Silver,2026,1,No,Tuesday,,Local Street Vendor,39.2,Cash,6,Mehra Gift House,458.53,26
2438,Kids & Cartoon,Silk Thread,2026,5,No,Monday,Central,Local Street Vendor,37.1,Cash,2,Bhatia Rakhi Bazaar,12.16,10
818,Kids & Cartoon,Silk Thread,2026,5,No,Friday,East,Online,32.6,Credit Card,3,Sharma Handicrafts,17.12,16
3415,Premium & Jewelry,Sandalwood (Chandan),2026,4,yES,Sunday,North,Supermarket,36.0,UPI,3,Kapoor Rakhi Hub 199,165.16,10
2342,Premium & Jewelry,Sterling Silver,2026,7,nO,Thursday,North,Local Street Vendor,32.6,Cash,3,Saxena Rakhi Hub 278,441.42,12
1123,Eco-Friendly,Sandalwood (Chandan),2026,4,#Yes,Saturday,North,Local Street Vendor,29.4,Credit Card,6,Verma Rakhi Hub 73,46.64,26
3168,Premium & Jewelry,Sterling Silver,2026,5,No,Monday,East,Online,30.7,UPI,5,Chawla Rakhi Hub 201,931.23,21
5917,Eco-Friendly,Sandalwood (Chandan),2026,4,nO,Monday,Central,Local Street Vendor,30.3,Credit Card,7,Aggarwal Rakhi Hub 144,47.09,31
5271,Eco-Friendly,Sandalwood (Chandan),2026,4,nO,Wednesday,West,Local Street Vendor,34.6,Cash,6,Saxena Rakhi Hub 278,43.85,20
1265,Kids & Cartoon,Silk Thread,2026,6,No,Friday,Central,Local Street Vendor,27.1,UPI,4,Sethi Handicrafts,13.8,13
2077,Eco-Friendly,Sterling Silver,2026,6,yES,Saturday,East,Online,29.3,Credit Card,1,Arora Handicrafts,230.28,4
420,Eco-Friendly,Sandalwood (Chandan),2026,2,#Yes,Saturday,Central,Local Street Vendor,32.6,UPI,2,Verma Rakhi & Gifts,43.09,8
5640,Kids & Cartoon,Sandalwood (Chandan),2026,3,nO,Tuesday,West,Supermarket,34.8,Credit Card,5,Kapoor Rakhi Hub 258,33.58,26
1229,Eco-Friendly,Silk Thread,2026,6,Yes,Saturday,West,Local Street Vendor,20.9,Credit Card,3,Saxena Emporium,22.54,8
4788,Eco-Friendly,Silk Thread,2026,7,No,Monday,West,Supermarket,40.5,Cash,2,Bhatia Rakhi Hub 2,36.85,7
53,Eco-Friendly,Sandalwood (Chandan),2026,6,No,Wednesday,West,Local Street Vendor,39.6,Cash,2,Saxena Rakhi Hub 138,72.13,7
4818,Kids & Cartoon,Silk Thread,2026,3,No,Friday,East,Local Street Vendor,29.2,Credit Card,8,Nanda Rakhi Hub 79,12.53,34
5655,Premium & Jewelry,Sterling Silver,2026,1,No,Monday,East,Local Street Vendor,32.1,Cash,5,Jain Handicrafts,463.93,27
160,Eco-Friendly,Sandalwood (Chandan),2026,3,Yes,Saturday,North,Local Street Vendor,30.8,UPI,31,Goel Rakhi Hub 100,54.81,82
4957,Eco-Friendly,Sandalwood (Chandan),2026,6,Yes,Saturday,East,Local Street Vendor,34.6,Cash,5,Verma Rakhi & Gifts,47.57,16
1588,Kids & Cartoon,Sandalwood (Chandan),2026,1,No,Thursday,East,Local Street Vendor,35.0,Credit Card,4,Rastogi Rakhi Hub 189,22.2,17
1590,Premium & Jewelry,Sterling Silver,2026,2,nO,Friday,Central,Supermarket,28.7,UPI,5,Bhatia Emporium,509.22,18
4752,Kids & Cartoon,Silk Thread,2026,4,No,Thursday,East,Local Street Vendor,31.0,Cash,8,Rastogi Rakhi Corner,13.06,23
921,Premium & Jewelry,Silk Thread,2026,1,Yes,Sunday,Central,Local Street Vendor,34.8,Credit Card,10,Jain Rakhi Bazaar,92.37,49
5049,Premium & Jewelry,Sterling Silver,2026,1,Yes,Saturday,Central,Local Street Vendor,32.3,Credit Card,14,Jain Rakhi Hub 177,557.22,52
3859,Eco-Friendly,Sandalwood (Chandan),2026,3,Yes,Sunday,West,Local Street Vendor,36.4,Cash,10,Khanna Rakhi Hub 184,48.39,39
4410,Premium & Jewelry,Sterling Silver,2026,7,No,Thursday,Central,Local Street Vendor,33.7,Credit Card,2,Gupta Rakhi Hub 191,485.78,9
2829,Eco-Friendly,Silk Thread,2026,5,No,Monday,East,Online,28.3,UPI,9,Bansal Rakhi Store,43.7,26
437,Premium & Jewelry,Sterling Silver,2026,3,Yes,Saturday,East,Local Street Vendor,29.6,UPI,4,Aggarwal Handicrafts,565.94,16
5350,Premium & Jewelry,Sandalwood (Chandan),2026,7,Yes,Sunday,Central,Online,34.8,Cash,3,Goel Rakhi Hub 267,187.02,9
3879,Premium & Jewelry,Sterling Silver,2026,7,No,Thursday,,Online,37.7,UPI,2,Mehra Emporium,675.42,13
1589,Premium & Jewelry,Sterling Silver,2026,7,No,Monday,West,Local Street Vendor,37.0,Credit Card,1,Rastogi Rakhi Hub 77,445.09,4
2781,Premium & Jewelry,Sterling Silver,2026,6,yES,Sunday,East,Supermarket,30.9,Credit Card,3,Nanda Rakhi Hub 32,564.52,9
5878,Premium & Jewelry,Sterling Silver,2026,6,No,Monday,East,Local Street Vendor,29.9,Cash,7,Sharma Emporium,540.83,21
5905,Kids & Cartoon,Silk Thread,2026,1,Yes,Sunday,North,Local Street Vendor,34.6,Cash,6,Khanna Rakhi Hub 121,16.09,19
5891,Eco-Friendly,Sandalwood (Chandan),2026,1,No,Wednesday,North,Local Street Vendor,34.6,Credit Card,7,Saxena Rakhi Hub 262,62.05,28
974,Eco-Friendly,Sandalwood (Chandan),2026,2,No,Tuesday,West,Local Street Vendor,31.7,Credit Card,10,Tandon Rakhi Hub 60,67.99,45
1239,Premium & Jewelry,Sterling Silver,2026,4,Yes,Saturday,North,Local Street Vendor,27.0,Cash,5,Arora Rakhi Hub 220,559.72,21
2952,Eco-Friendly,Sandalwood (Chandan),2026,5,No,Tuesday,Central,Online,30.9,UPI,3,Arora Rakhi Bazaar,54.62,12
2343,Eco-Friendly,Sandalwood (Chandan),2026,1,yES,Saturday,West,Online,31.6,Credit Card,25,Nanda Rakhi Store,80.62,59
1918,Eco-Friendly,Silk Thread,2026,7,Yes,Sunday,Central,Local Street Vendor,36.9,UPI,2,Rastogi Rakhi Store,23.86,6
2018,Premium & Jewelry,Silk Thread,2026,6,nO,Thursday,East,Local Street Vendor,30.4,Cash,3,Saxena Rakhi Hub 213,107.18,14
1498,Kids & Cartoon,Silk Thread,2026,3,No,Thursday,North,Supermarket,30.6,Cash,20,Sethi Rakhi Hub 19,13.8,87
4258,Kids & Cartoon,Silk Thread,2026,7,No,Monday,West,Local Street Vendor,30.8,UPI,2,Saxena Rakhi Hub 278,15.3,10
2423,Eco-Friendly,Sandalwood (Chandan),2026,6,Yes,Saturday,Central,Supermarket,32.0,Credit Card,4,Jain Rakhi Hub 289,58.62,18
4034,Kids & Cartoon,Silk Thread,2026,3,nO,Tuesday,North,Local Street Vendor,30.8,Cash,4,Sharma Rakhi Hub 84,18.82,12
2153,Eco-Friendly,Sandalwood (Chandan),2026,1,No,Monday,East,Supermarket,28.1,UPI,27,Arora Rakhi Hub 108,55.77,106
5933,Kids & Cartoon,Silk Thread,2026,7,No,Thursday,North,Online,28.6,Cash,5,Chawla Rakhi Hub 34,22.37,16
2093,Kids & Cartoon,Silk Thread,2026,4,No,Wednesday,West,Local Street Vendor,36.0,UPI,4,Bansal Handicrafts,12.4,21
2016,Kids & Cartoon,Silk Thread,2026,3,Yes,Saturday,West,Local Street Vendor,49.8,Cash,26,Jain Emporium,12.42,88
5162,Eco-Friendly,Sandalwood (Chandan),2026,6,Yes,Saturday,North,Local Street Vendor,30.2,Cash,1,Saxena Rakhi Hub 138,50.22,5
5840,Premium & Jewelry,Sterling Silver,2026,4,No,Wednesday,East,Online,37.3,UPI,4,Nanda Handicrafts,632.08,14
188,Premium & Jewelry,Sterling Silver,2026,3,No,Friday,West,Local Street Vendor,32.9,Cash,15,Bhatia Rakhi Hub 182,577.29,11
4524,Eco-Friendly,Sandalwood (Chandan),2026,5,No,Wednesday,Central,Local Street Vendor,33.8,Credit Card,45,Verma Rakhi Corner,61.1,194
3656,Premium & Jewelry,Sandalwood (Chandan),2026,5,nO,Tuesday,North,Local Street Vendor,29.3,Cash,7,Jain Rakhi Hub 119,113.38,22
3427,Premium & Jewelry,Sterling Silver,2026,4,nO,Tuesday,East,Supermarket,31.4,Cash,2,Rastogi Rakhi Hub 143,436.69,15
5264,Eco-Friendly,Silk Thread,2026,1,No,Monday,North,Online,35.0,Cash,18,Mehra Rakhi Hub 128,36.23,63
1382,Premium & Jewelry,Sterling Silver,2026,3,Yes,Saturday,North,Supermarket,36.2,Cash,14,Verma Rakhi Hub 92,419.04,34
4902,Premium & Jewelry,Sterling Silver,2026,6,No,Tuesday,,Online,32.2,Cash,2,Jain Rakhi Hub 253,928.46,8
414,Eco-Friendly,Sandalwood (Chandan),2026,3,No,Thursday,Central,Local Street Vendor,35.0,Credit Card,39,Bansal Rakhi Corner,53.4,111
3337,Kids & Cartoon,Silk Thread,2026,3,Yes,Sunday,Central,Supermarket,29.8,Credit Card,17,Saxena Rakhi Hub 255,24.38,47
3607,Premium & Jewelry,Sterling Silver,2026,1,No,Tuesday,Central,Local Street Vendor,35.4,Credit Card,13,Bansal Rakhi Hub 124,579.72,81
3360,Kids & Cartoon,Silk Thread,2026,1,Yes,Sunday,East,Supermarket,36.1,Cash,9,Arora Rakhi Hub 115,17.15,40
5836,Premium & Jewelry,Sandalwood (Chandan),2026,2,nO,Wednesday,West,Online,29.5,UPI,234,Jain Handicrafts,422.01,246
5119,Premium & Jewelry,Sterling Silver,2026,5,nO,Wednesday,Central,Supermarket,38.2,UPI,4,Saxena Rakhi Hub 222,699.77,16
257,Eco-Friendly,Sandalwood (Chandan),2026,7,No,Tuesday,Central,Local Street Vendor,35.9,Cash,2,Tandon Rakhi Hub 292,45.3,9
4653,Premium & Jewelry,Sandalwood (Chandan),2026,1,No,Tuesday,Central,Local Street Vendor,20.4,Cash,9,Tandon Rakhi Hub 296,612.15,32
4445,Premium & Jewelry,Sterling Silver,2026,2,Yes,Sunday,North,Online,28.5,Credit Card,14,Verma Rakhi Hub 92,801.02,36
2236,Eco-Friendly,Silk Thread,2026,7,Yes,Saturday,North,Supermarket,32.1,Cash,2,Jain Rakhi Store,31.68,7
1768,Premium & Jewelry,Sterling Silver,2026,7,No,Monday,West,Supermarket,,UPI,1,Verma Rakhi Hub 236,544.94,5
4237,Kids & Cartoon,Silk Thread,2026,6,No,Tuesday,Central,Supermarket,33.3,Credit Card,5,Aggarwal Rakhi Hub 162,17.0,14
286,Kids & Cartoon,Silk Thread,2026,7,Yes,Sunday,North,Supermarket,36.2,UPI,2,Bhatia Rakhi Hub 204,17.41,5
1573,Kids & Cartoon,Silk Thread,2026,4,No,Tuesday,Central,Supermarket,32.5,Cash,5,Arora Rakhi Store,12.08,15
25,Eco-Friendly,Sandalwood (Chandan),2026,6,nO,Tuesday,,Online,28.4,Cash,3,Malhotra Handicrafts,74.18,12
1046,Kids & Cartoon,Sandalwood (Chandan),2026,7,No,Friday,East,Local Street Vendor,,Cash,3,Chopra Rakhi Hub 44,27.2,8
1089,Kids & Cartoon,Silk Thread,2026,3,No,Thursday,,Local Street Vendor,29.5,UPI,10,Arora Rakhi Hub 169,13.57,45
2695,Eco-Friendly,Sandalwood (Chandan),2026,3,No,Friday,West,Online,33.1,Cash,3,Arora Rakhi & Gifts,72.26,15
4980,Eco-Friendly,Sandalwood (Chandan),2026,1,#Yes,Sunday,North,Online,32.9,Credit Card,23,Goel Rakhi Hub 277,84.03,53
3399,Kids & Cartoon,Silk Thread,2026,1,No,Monday,,Local Street Vendor,27.2,UPI,8,Saxena Rakhi Hub 294,14.71,41
3560,Kids & Cartoon,Silk Thread,2026,5,No,Wednesday,Central,Local Street Vendor,31.6,Credit Card,3,Bhatia Rakhi Hub 29,12.06,11
1016,Premium & Jewelry,Sandalwood (Chandan),2026,4,Yes,Saturday,North,Online,33.1,Cash,3,Aggarwal Rakhi & Gifts,229.43,13
2842,Kids & Cartoon,Silk Thread,2026,3,No,Wednesday,North,Local Street Vendor,29.6,Cash,7,Bhatia Rakhi Hub 266,9.53,27
2312,Premium & Jewelry,Sterling Silver,2026,6,yES,Sunday,East,Online,33.7,Cash,10,Sharma Rakhi Store,636.39,24
5978,Kids & Cartoon,Silk Thread,2026,4,No,Tuesday,North,Local Street Vendor,34.4,Cash,6,Tandon Rakhi Bazaar,11.58,20
4806,Eco-Friendly,Sandalwood (Chandan),2026,7,No,Tuesday,Central,Supermarket,33.9,UPI,1,Verma Rakhi Store,52.21,6
4153,Kids & Cartoon,Silk Thread,2026,7,Yes,Sunday,North,Online,31.4,Credit Card,3,Aggarwal Rakhi Hub 55,24.33,9
1310,Eco-Friendly,Sandalwood (Chandan),2026,2,nO,Thursday,North,Supermarket,31.4,UPI,4,Saxena Rakhi Hub 43,71.9,26
696,Kids & Cartoon,Silk Thread,2026,2,nO,Friday,East,Local Street Vendor,31.5,Cash,12,Jain Rakhi Hub 135,17.78,52
4396,Kids & Cartoon,Silk Thread,2026,3,No,Wednesday,West,Supermarket,30.0,UPI,5,Chopra Emporium,15.88,16
3753,Kids & Cartoon,Silk Thread,2026,5,No,Monday,West,Online,17.0,Cash,8,Saxena Rakhi Hub 262,18.89,26
1228,Kids & Cartoon,Silk Thread,2026,5,No,Wednesday,Central,Local Street Vendor,33.3,Cash,2,Bansal Rakhi Hub 106,14.09,8
2000,Kids & Cartoon,Sandalwood (Chandan),2026,4,nO,Monday,Central,Local Street Vendor,27.1,Credit Card,11,Verma Rakhi & Gifts,23.56,52
277,Kids & Cartoon,Silk Thread,2026,1,Yes,Saturday,West,Local Street Vendor,29.8,Cash,5,Chopra Rakhi Hub 12,13.46,24
4462,Kids & Cartoon,Silk Thread,2026,7,No,Monday,West,Local Street Vendor,27.9,Cash,3,Arora Rakhi Store,15.57,12
3268,Eco-Friendly,Sandalwood (Chandan),2026,1,nO,Friday,Central,Online,30.1,Credit Card,6,Khanna Rakhi Hub 215,63.11,34
5312,Premium & Jewelry,Sterling Silver,2026,1,Yes,Sunday,Central,Local Street Vendor,31.5,UPI,7,Chawla Rakhi Point,490.64,22
2491,Eco-Friendly,Silk Thread,2026,5,No,Thursday,East,Local Street Vendor,33.5,Cash,4,Arora Rakhi & Gifts,28.86,13
5423,Eco-Friendly,Sandalwood (Chandan),2026,7,No,Thursday,West,Supermarket,33.6,Credit Card,3,Khanna Rakhi Corner,71.82,13
39,Premium & Jewelry,Sterling Silver,2026,7,No,Monday,West,Local Street Vendor,30.8,Cash,3,Goel Rakhi Hub 228,709.55,9
3428,Eco-Friendly,Sandalwood (Chandan),2026,3,No,Wednesday,East,Online,35.7,Credit Card,6,Aggarwal Emporium,72.16,20
4632,Kids & Cartoon,Silk Thread,2026,1,No,Wednesday,North,Local Street Vendor,27.9,Cash,11,Sethi Rakhi Hub 40,13.01,36
1138,Kids & Cartoon,Silk Thread,2026,7,Yes,Saturday,North,Local Street Vendor,37.9,Cash,6,Nanda Handicrafts,14.84,27
2768,Kids & Cartoon,Sandalwood (Chandan),2026,1,No,Thursday,East,Supermarket,24.8,Credit Card,6,Malhotra Rakhi Hub 38,28.87,19
5372,Eco-Friendly,Sandalwood (Chandan),2026,7,Yes,Sunday,East,Local Street Vendor,37.4,Cash,4,Saxena Rakhi Bazaar,39.3,10
5058,Kids & Cartoon,Silk Thread,2026,2,No,Tuesday,Central,Local Street Vendor,35.0,Cash,2,Kapoor Rakhi & Gifts,11.42,5
943,Premium & Jewelry,Sterling Silver,2026,4,Yes,Sunday,East,Supermarket,33.5,UPI,4,Chopra Rakhi Hub 153,634.81,19
5907,Kids & Cartoon,Silk Thread,2026,1,No,Thursday,Central,Supermarket,,Cash,4,Verma Rakhi Store,16.59,17
3936,Premium & Jewelry,Sterling Silver,2026,5,No,Monday,North,Local Street Vendor,31.0,Cash,7,Aggarwal Rakhi Hub 179,513.88,22
2385,Premium & Jewelry,Sterling Silver,2026,6,#Yes,Saturday,Central,Local Street Vendor,35.4,UPI,6,Arora Rakhi Hub 210,509.38,18
116,Eco-Friendly,Sandalwood (Chandan),2026,7,No,Tuesday,Central,Supermarket,35.8,UPI,5,Jain Traditions,67.94,21
3994,Kids & Cartoon,Silk Thread,2026,2,No,Monday,North,Supermarket,28.5,Cash,8,Sharma Rakhi Hub 259,18.45,38
2957,Premium & Jewelry,Sterling Silver,2026,4,No,Thursday,East,Online,34.3,UPI,7,Sharma Rakhi Corner,736.4,21
3120,Premium & Jewelry,Sandalwood (Chandan),2026,6,nO,Monday,North,Supermarket,30.3,Credit Card,9,Saxena Rakhi Hub 255,193.1,25
4259,Eco-Friendly,Sandalwood (Chandan),2026,3,No,Friday,East,Supermarket,35.0,UPI,2,Sethi Rakhi Hub 286,65.24,11
4419,Premium & Jewelry,Sterling Silver,2026,7,Yes,Sunday,East,Supermarket,32.4,UPI,1,Rastogi Emporium,658.65,7
5593,Kids & Cartoon,Sandalwood (Chandan),2026,6,No,Wednesday,North,Supermarket,32.6,Cash,6,Sethi Rakhi Hub 276,27.13,21
2820,Eco-Friendly,Sandalwood (Chandan),2026,2,nO,Friday,Central,Supermarket,33.1,UPI,10,Gupta Gift House,77.79,32
3823,Kids & Cartoon,Silk Thread,2026,3,No,Wednesday,West,Local Street Vendor,31.2,Cash,13,Mehra Rakhi Hub 6,12.76,38
2215,Eco-Friendly,Silk Thread,2026,4,Yes,Sunday,North,Local Street Vendor,30.1,UPI,5,Malhotra Rakhi Hub 64,145.55,12
854,Eco-Friendly,Sandalwood (Chandan),2026,5,No,Wednesday,East,Supermarket,27.3,Cash,4,Chawla Handicrafts,55.32,17
3803,Kids & Cartoon,Silk Thread,2026,1,yES,Saturday,,Supermarket,30.7,Cash,12,Khanna Rakhi Hub 146,20.6,42
3537,Premium & Jewelry,Sandalwood (Chandan),2026,7,Yes,Sunday,Central,Local Street Vendor,32.9,Credit Card,4,Bansal Rakhi Hub 8,148.39,11
3826,Kids & Cartoon,Silk Thread,2026,7,No,Monday,East,Local Street Vendor,30.3,UPI,4,Gupta Rakhi & Gifts,11.28,15
2748,Premium & Jewelry,Sandalwood (Chandan),2026,5,No,Friday,East,Supermarket,30.5,Cash,5,Kapoor Rakhi Hub 66,195.98,18
1947,Premium & Jewelry,Sandalwood (Chandan),2026,5,No,Tuesday,East,Supermarket,29.9,UPI,10,Sethi Emporium,171.81,31
4124,Kids & Cartoon,Silk Thread,2026,2,#Yes,Saturday,East,Local Street Vendor,31.6,Cash,10,Khanna Rakhi Hub 271,10.97,38
3489,Premium & Jewelry,Sandalwood (Chandan),2026,6,No,Monday,North,Online,27.1,UPI,10,Sharma Rakhi Hub 84,187.8,46
1611,Premium & Jewelry,Silk Thread,2026,1,No,Wednesday,Central,Local Street Vendor,33.4,Cash,9,Sharma Rakhi Hub 59,64.33,52
1708,Kids & Cartoon,Silk Thread,2026,2,No,Tuesday,North,Supermarket,34.2,Credit Card,8,Sharma Rakhi Hub 78,16.39,23
2195,Kids & Cartoon,Sandalwood (Chandan),2026,5,Yes,Saturday,North,Local Street Vendor,32.3,Cash,6,Malhotra Rakhi Bazaar,27.18,14
5386,Eco-Friendly,Silk Thread,2026,6,No,Tuesday,North,Local Street Vendor,29.3,Cash,1,Arora Rakhi Bazaar,28.19,8
558,Kids & Cartoon,Silk Thread,2026,4,Yes,Sunday,West,Online,25.4,Credit Card,4,Goel Rakhi Hub 54,18.26,13
4965,Premium & Jewelry,Sterling Silver,2026,2,yES,Saturday,Central,Local Street Vendor,,UPI,10,Chopra Handicrafts,498.07,30
1208,Kids & Cartoon,Silk Thread,2026,2,Yes,Saturday,West,Local Street Vendor,29.9,Credit Card,6,Verma Rakhi Hub 92,15.57,22
4635,Kids & Cartoon,Silk Thread,2026,3,No,Monday,West,Local Street Vendor,33.1,UPI,4,Chopra Rakhi Point,12.55,17
4809,Kids & Cartoon,Silk Thread,2026,2,Yes,Sunday,East,Online,29.2,Cash,10,Malhotra Gift House,20.33,28
1511,Premium & Jewelry,Sterling Silver,2026,1,Yes,Saturday,North,Supermarket,36.5,UPI,18,Rastogi Rakhi Hub 143,643.8,47
3830,Kids & Cartoon,Silk Thread,2026,7,nO,Tuesday,North,Online,29.2,Credit Card,2,Aggarwal Rakhi Point,15.91,11
3733,Kids & Cartoon,Sandalwood (Chandan),2026,3,No,Monday,West,Supermarket,34.6,UPI,12,Nanda Traditions,35.72,39
5225,Kids & Cartoon,Silk Thread,2026,5,No,Friday,East,Local Street Vendor,38.9,Credit Card,1,Aggarwal Rakhi Hub 90,10.47,9
3212,Eco-Friendly,Sandalwood (Chandan),2026,5,No,Monday,West,Supermarket,31.3,Cash,2,Aggarwal Rakhi Hub 144,220.6,9
3631,Premium & Jewelry,Silk Thread,2026,6,yES,Saturday,West,Supermarket,33.2,Cash,3,Verma Rakhi Hub 73,103.79,12
5470,Premium & Jewelry,Silk Thread,2026,5,Yes,Sunday,West,Online,33.3,UPI,4,Sethi Rakhi Hub 242,157.68,17
5473,Eco-Friendly,Sterling Silver,2026,1,Yes,Sunday,North,Supermarket,33.1,Cash,16,Aggarwal Rakhi Hub 162,235.43,58
267,Premium & Jewelry,Sterling Silver,2026,1,No,Friday,West,Supermarket,32.5,UPI,6,Nanda Rakhi & Gifts,740.07,40
1141,Kids & Cartoon,Silk Thread,2026,1,No,Monday,Central,Local Street Vendor,32.2,UPI,6,Gupta Emporium,13.49,33
3163,Premium & Jewelry,Sterling Silver,2026,3,No,Friday,East,Local Street Vendor,,Cash,2,Chawla Rakhi Hub 93,508.13,10
5054,Premium & Jewelry,Sterling Silver,2026,7,Yes,Sunday,East,Local Street Vendor,35.0,Credit Card,4,Saxena Rakhi Hub 43,563.92,15
5173,Eco-Friendly,Sandalwood (Chandan),2026,3,No,Thursday,,Supermarket,32.5,UPI,6,Verma Rakhi Hub 73,67.29,22
1910,Eco-Friendly,Sandalwood (Chandan),2026,7,No,Wednesday,Central,Supermarket,22.4,Credit Card,1,Chopra Rakhi Hub 248,78.71,8
4947,Kids & Cartoon,Sandalwood (Chandan),2026,4,No,Thursday,Central,Local Street Vendor,30.6,Credit Card,28,Verma Rakhi Store,23.47,103
4674,Premium & Jewelry,Silk Thread,2026,4,#Yes,Sunday,East,Online,38.5,Cash,6,Khanna Rakhi Hub 188,160.71,28
657,Eco-Friendly,Sandalwood (Chandan),2026,4,Yes,Saturday,Central,Local Street Vendor,27.5,UPI,4,Goel Rakhi Hub 1,45.94,11
5672,Eco-Friendly,Sandalwood (Chandan),2026,3,Yes,Saturday,East,Local Street Vendor,30.1,Credit Card,6,Rastogi Rakhi Hub 42,39.93,32
5144,Eco-Friendly,Sterling Silver,2026,3,No,Thursday,,Local Street Vendor,32.7,Cash,4,Rastogi Handicrafts,151.48,14
999,Eco-Friendly,Sandalwood (Chandan),2026,5,No,Monday,West,Local Street Vendor,30.8,UPI,2,Mehra Rakhi Hub 256,53.86,8
4881,Premium & Jewelry,Sterling Silver,2026,2,yES,Saturday,West,Local Street Vendor,,Cash,7,Sharma Gift House,450.29,19
2835,Kids & Cartoon,Silk Thread,2026,7,nO,Thursday,East,Supermarket,26.5,Credit Card,4,Bansal Rakhi Hub 274,16.43,12
4584,Eco-Friendly,Sandalwood (Chandan),2026,3,Yes,Sunday,North,Online,28.6,UPI,5,Chopra Rakhi Hub 233,67.44,26
1238,Kids & Cartoon,Silk Thread,2026,2,nO,Thursday,Central,Local Street Vendor,39.7,Cash,5,Gupta Rakhi Hub 152,11.49,26
5978,Kids & Cartoon,Silk Thread,2026,4,No,Tuesday,North,Local Street Vendor,34.4,Cash,6,Tandon Rakhi Bazaar,11.58,20
5202,Premium & Jewelry,Sterling Silver,2026,6,Yes,Sunday,East,Supermarket,32.8,Cash,9,Jain Rakhi Hub 150,614.78,23
4599,Kids & Cartoon,Silk Thread,2026,1,No,Friday,East,Local Street Vendor,38.0,UPI,8,Khanna Rakhi Hub 121,18.33,25
2187,Eco-Friendly,Sandalwood (Chandan),2026,3,Yes,Sunday,West,Local Street Vendor,32.0,Cash,3,Arora Rakhi Hub 169,55.32,16
1135,Eco-Friendly,Sandalwood (Chandan),2026,6,nO,Thursday,North,Supermarket,31.9,Cash,2,Bansal Rakhi Hub 106,65.54,9
1304,Premium & Jewelry,Sterling Silver,2026,6,No,Friday,East,Supermarket,39.6,Cash,3,Rastogi Handicrafts,750.75,13
1628,Premium & Jewelry,Sandalwood (Chandan),2026,2,nO,Monday,East,Local Street Vendor,31.5,Cash,3,Khanna Rakhi Corner,122.42,11
5165,Kids & Cartoon,Silk Thread,2026,3,No,Monday,North,Online,34.7,Cash,4,Sethi Traditions,20.14,13
1523,Eco-Friendly,Sandalwood (Chandan),2026,4,No,Monday,North,Local Street Vendor,30.8,Credit Card,2,Kapoor Rakhi Hub 258,43.91,13
359,Kids & Cartoon,Silk Thread,2026,4,No,Friday,East,Local Street Vendor,,Cash,3,Chopra Traditions,14.6,16
139,Eco-Friendly,Silk Thread,2026,7,No,Monday,Central,Supermarket,30.9,UPI,4,Tandon Rakhi Point,34.15,11
300,Kids & Cartoon,Sandalwood (Chandan),2026,4,No,Tuesday,East,Online,39.6,UPI,3,Bansal Gift House,34.27,13
1557,Eco-Friendly,Silk Thread,2026,2,Yes,Sunday,West,Local Street Vendor,32.9,Cash,4,Saxena Rakhi Hub 83,29.24,15
383,Eco-Friendly,Sandalwood (Chandan),2026,3,No,Tuesday,West,Local Street Vendor,33.7,Cash,6,Gupta Rakhi Hub 68,50.44,22
5541,Eco-Friendly,Sandalwood (Chandan),2026,5,yES,Saturday,Central,Online,37.4,Credit Card,8,Sharma Rakhi Hub 61,58.81,31
4583,Eco-Friendly,Sandalwood (Chandan),2026,4,Yes,Saturday,West,Local Street Vendor,26.9,UPI,5,Khanna Rakhi Hub 271,39.57,13
954,Premium & Jewelry,Sterling Silver,2026,5,Yes,Saturday,Central,Supermarket,32.2,Cash,8,Mehra Gift House,662.04,26
5819,Kids & Cartoon,Silk Thread,2026,7,No,Thursday,North,Local Street Vendor,33.0,Cash,1,Rastogi Rakhi Hub 77,12.91,4
4697,Kids & Cartoon,Silk Thread,2026,7,No,Monday,North,Supermarket,35.5,Credit Card,1,Chopra Rakhi Hub 127,15.81,6
4071,Kids & Cartoon,Silk Thread,2026,5,nO,Monday,North,Local Street Vendor,29.9,Credit Card,4,Khanna Festive Mart,10.22,11
5523,Kids & Cartoon,Silk Thread,2026,7,nO,Tuesday,Central,Online,32.0,Cash,3,Tandon Rakhi Hub 163,16.45,10
667,Eco-Friendly,Sandalwood (Chandan),2026,2,No,Friday,North,Online,36.5,Cash,5,Saxena Rakhi Hub 9,79.74,22
2722,Eco-Friendly,Sandalwood (Chandan),2026,2,#Yes,Sunday,North,Local Street Vendor,41.8,UPI,8,Jain Gift House,34.64,28
1933,Eco-Friendly,Silk Thread,2026,7,Yes,Saturday,Central,Local Street Vendor,33.4,Credit Card,2,Arora Emporium,27.68,5
5141,Kids & Cartoon,Silk Thread,2026,1,Yes,Sunday,West,Local Street Vendor,29.5,UPI,11,Sharma Rakhi Hub 226,10.25,32
1793,Premium & Jewelry,Sterling Silver,2026,4,No,Thursday,Central,Local Street Vendor,38.1,UPI,18,Tandon Rakhi Hub 20,422.06,104
5281,Eco-Friendly,Silk Thread,2026,7,#Yes,Saturday,East,Local Street Vendor,36.6,UPI,2,Nanda Traditions,30.27,5
4164,Kids & Cartoon,Silk Thread,2026,1,Yes,Saturday,West,Online,29.4,UPI,8,Gupta Rakhi Point,29.6,27
303,Kids & Cartoon,Silk Thread,2026,4,No,Monday,North,Local Street Vendor,17.5,UPI,3,Jain Rakhi Hub 39,11.21,12
3808,Kids & Cartoon,Silk Thread,2026,4,Yes,Saturday,Central,Supermarket,34.3,Cash,4,Nanda Traditions,16.26,9
4345,Eco-Friendly,Sandalwood (Chandan),2026,6,No,Wednesday,Central,Local Street Vendor,34.6,UPI,5,Sethi Rakhi Hub 131,51.91,16
5706,Kids & Cartoon,Silk Thread,2026,5,No,Monday,Central,Local Street Vendor,27.2,Cash,4,Goel Handicrafts,14.28,24
4155,Kids & Cartoon,Silk Thread,2026,4,No,Thursday,,Local Street Vendor,29.5,Cash,7,Sethi Rakhi Hub 276,14.48,33
4173,Eco-Friendly,Sandalwood (Chandan),2026,6,Yes,Sunday,West,Supermarket,33.8,Cash,8,Mehra Rakhi & Gifts,52.16,28
797,Premium & Jewelry,Silk Thread,2026,7,yES,Saturday,Central,Online,31.4,UPI,2,Bansal Rakhi Hub 134,119.61,6
2417,Premium & Jewelry,Sandalwood (Chandan),2026,1,Yes,Sunday,West,Supermarket,31.9,UPI,12,Nanda Traditions,219.88,51
786,Kids & Cartoon,Silk Thread,2026,6,yES,Saturday,North,Supermarket,33.6,Cash,6,Jain Rakhi Hub 72,18.32,17
3159,Eco-Friendly,Silk Thread,2026,4,No,Thursday,Central,Local Street Vendor,31.5,Credit Card,10,Chawla Rakhi Hub 295,25.33,38
124,Kids & Cartoon,Silk Thread,2026,6,No,Friday,East,Local Street Vendor,30.3,Cash,2,Sethi Rakhi Hub 11,14.08,10
2173,Kids & Cartoon,Silk Thread,2026,4,No,Monday,Central,Supermarket,33.1,Credit Card,2,Aggarwal Rakhi Hub 212,18.08,7
5786,Eco-Friendly,Sterling Silver,2026,2,No,Friday,Central,Supermarket,30.2,Cash,3,Chawla Festive Mart,300.93,9
5737,Kids & Cartoon,Silk Thread,2026,4,No,Thursday,East,Local Street Vendor,,Cash,5,Arora Rakhi Hub 219,12.39,18
4341,Premium & Jewelry,Silk Thread,2026,2,No,Friday,Central,Online,28.8,Cash,20,Jain Rakhi & Gifts,139.53,71
911,Eco-Friendly,Sandalwood (Chandan),2026,7,No,Wednesday,East,Supermarket,29.9,UPI,1,Nanda Rakhi Hub 98,58.59,8
2310,Eco-Friendly,Sandalwood (Chandan),2026,7,No,Thursday,East,Local Street Vendor,35.8,Cash,2,Saxena Rakhi Hub 262,43.67,8
5320,Kids & Cartoon,Silk Thread,2026,2,Yes,Sunday,East,Local Street Vendor,31.5,UPI,10,Chawla Emporium,12.2,30
3635,Kids & Cartoon,Silk Thread,2026,4,No,Thursday,East,Local Street Vendor,31.6,Cash,10,Nanda Emporium,10.83,36
1258,Eco-Friendly,Sandalwood (Chandan),2026,2,Yes,Saturday,Central,Supermarket,28.3,Cash,9,Sharma Rakhi Hub 84,270.57,28
1179,Premium & Jewelry,Sandalwood (Chandan),2026,6,Yes,Saturday,North,Local Street Vendor,38.2,Credit Card,2,Saxena Rakhi Hub 213,150.51,7
3651,Premium & Jewelry,Sandalwood (Chandan),2026,6,No,Monday,East,Online,28.7,Credit Card,3,Jain Rakhi Hub 39,233.18,9
443,Eco-Friendly,Sandalwood (Chandan),2026,3,No,Thursday,West,Local Street Vendor,29.1,Credit Card,4,Bhatia Rakhi Hub 290,35.29,16
5117,Kids & Cartoon,Silk Thread,2026,4,No,Tuesday,East,Supermarket,32.2,Cash,8,Chawla Rakhi Bazaar,21.89,41
1400,Kids & Cartoon,Silk Thread,2026,4,No,Thursday,North,Local Street Vendor,39.4,Credit Card,5,Khanna Rakhi Store,13.02,20
1458,Kids & Cartoon,Silk Thread,2026,4,No,Monday,East,Supermarket,33.2,Credit Card,10,Chawla Rakhi Hub 186,18.51,38
4940,Premium & Jewelry,Sandalwood (Chandan),2026,7,nO,Thursday,West,Supermarket,26.4,UPI,1,Verma Emporium,204.56,5
1055,Premium & Jewelry,Sterling Silver,2026,4,No,Tuesday,West,Supermarket,37.3,Credit Card,2,Chopra Rakhi Hub 233,543.06,8
3276,Eco-Friendly,Sterling Silver,2026,2,yES,Saturday,East,Online,28.9,Cash,11,Arora Rakhi Hub 218,191.07,36
1758,Eco-Friendly,Sterling Silver,2026,5,No,Tuesday,North,Local Street Vendor,31.8,Cash,2,Chopra Gift House,158.49,9
3700,Kids & Cartoon,Silk Thread,2026,2,No,Wednesday,Central,Local Street Vendor,34.3,UPI,3,Aggarwal Rakhi Hub 162,15.51,15
3760,Premium & Jewelry,Sterling Silver,2026,3,Yes,Sunday,West,Local Street Vendor,27.8,Cash,9,Sethi Handicrafts,479.13,25
930,Eco-Friendly,Sandalwood (Chandan),2026,6,Yes,Saturday,North,Online,32.2,Cash,9,Nanda Traditions,78.47,22
5673,Kids & Cartoon,Silk Thread,2026,1,No,Wednesday,West,Supermarket,30.2,Credit Card,16,Goel Rakhi Corner,17.85,59
1830,Kids & Cartoon,Silk Thread,2026,2,No,Friday,North,Supermarket,16.8,Cash,21,Saxena Traditions,20.16,85
4572,Eco-Friendly,Sandalwood (Chandan),2026,2,No,Thursday,East,Local Street Vendor,35.3,Credit Card,5,Nanda Rakhi Hub 129,54.46,19
4222,Premium & Jewelry,Silk Thread,2026,7,Yes,Sunday,Central,Supermarket,34.5,Cash,3,Chawla Rakhi Hub 94,100.74,6
514,Premium & Jewelry,Silk Thread,2026,5,No,Tuesday,West,Online,30.5,Cash,7,Bhatia Rakhi Hub 211,133.54,30
5226,Kids & Cartoon,Silk Thread,2026,3,No,Thursday,North,Local Street Vendor,31.7,Cash,2,Kapoor Rakhi Hub 287,76.93,11
1066,Eco-Friendly,Sandalwood (Chandan),2026,3,nO,Thursday,West,Supermarket,24.3,UPI,13,Bhatia Rakhi Hub 3,56.36,64
2012,Premium & Jewelry,Silk Thread,2026,5,Yes,Sunday,East,Local Street Vendor,35.5,Credit Card,5,Arora Rakhi Hub 115,86.08,19
4799,Eco-Friendly,Sandalwood (Chandan),2026,3,No,Wednesday,Central,Local Street Vendor,35.2,Cash,7,Nanda Rakhi Hub 89,48.72,26
5564,Premium & Jewelry,Sterling Silver,2026,5,No,Thursday,East,Online,31.9,Credit Card,4,Verma Rakhi Hub 151,720.76,13
914,Eco-Friendly,Sandalwood (Chandan),2026,2,No,Wednesday,Central,Supermarket,30.2,Credit Card,7,Tandon Rakhi Corner,59.6,26
2607,Kids & Cartoon,Silk Thread,2026,1,No,Friday,East,Local Street Vendor,28.1,Cash,102,Arora Rakhi Hub 137,10.67,294
3265,Kids & Cartoon,Silk Thread,2026,2,No,Wednesday,East,Supermarket,31.5,Cash,11,Gupta Rakhi & Gifts,16.87,32
1364,Premium & Jewelry,Sandalwood (Chandan),2026,3,No,Thursday,,Local Street Vendor,,Cash,40,Nanda Rakhi Hub 225,142.43,25
2600,Eco-Friendly,Sandalwood (Chandan),2026,5,No,Monday,East,Local Street Vendor,27.5,UPI,2,Arora Rakhi Store,43.47,7
7,Eco-Friendly,Sandalwood (Chandan),2026,2,Yes,Saturday,Central,Online,33.0,UPI,7,Kapoor Rakhi Corner,86.13,24
2981,Kids & Cartoon,Silk Thread,2026,7,No,Thursday,West,Supermarket,30.1,Cash,3,Verma Rakhi Hub 92,14.34,17
3362,Kids & Cartoon,Silk Thread,2026,2,No,Monday,,Online,33.1,UPI,8,Saxena Rakhi Hub 23,23.46,46
1944,Premium & Jewelry,Sterling Silver,2026,3,No,Thursday,Central,Local Street Vendor,36.8,Credit Card,4,Chawla Rakhi Hub 250,455.16,19
29,Premium & Jewelry,Sandalwood (Chandan),2026,4,No,Tuesday,Central,Online,32.7,Cash,2,Chawla Rakhi & Gifts,215.94,11
4832,Premium & Jewelry,Sterling Silver,2026,5,nO,Wednesday,West,Supermarket,36.1,Credit Card,4,Khanna Rakhi Store,511.16,14
224,Eco-Friendly,Silk Thread,2026,4,No,Friday,North,Supermarket,30.1,Cash,3,Khanna Rakhi Corner,32.07,9
3315,Premium & Jewelry,Sterling Silver,2026,3,Yes,Saturday,Central,Online,30.3,Credit Card,3,Chopra Rakhi Hub 233,902.51,14
5631,Kids & Cartoon,Silk Thread,2026,3,Yes,Saturday,Central,Local Street Vendor,35.3,Cash,5,Mehra Rakhi Hub 6,13.78,20
2762,Eco-Friendly,Silk Thread,2026,2,No,Thursday,East,Supermarket,32.7,Cash,11,Khanna Rakhi Hub 120,33.57,38
3135,Eco-Friendly,Sterling Silver,2026,1,No,Thursday,North,Local Street Vendor,32.9,Cash,13,Tandon Rakhi Hub 65,151.62,56
5097,Kids & Cartoon,Silk Thread,2026,3,No,Wednesday,North,Local Street Vendor,31.5,Cash,5,Aggarwal Rakhi Hub 263,15.03,19
2243,Kids & Cartoon,Sandalwood (Chandan),2026,4,yES,Saturday,West,Supermarket,36.2,Cash,3,Jain Traditions,32.88,9
1475,Kids & Cartoon,Silk Thread,2026,2,No,Wednesday,East,Supermarket,26.8,Credit Card,9,Bhatia Emporium,16.22,33
5947,Premium & Jewelry,Sterling Silver,2026,6,nO,Tuesday,West,Online,36.4,Cash,5,Bansal Rakhi Hub 217,560.84,20
1890,Kids & Cartoon,Silk Thread,2026,4,No,Wednesday,North,Local Street Vendor,36.9,Credit Card,14,Kapoor Rakhi Hub 287,16.61,40
3436,Kids & Cartoon,Silk Thread,2026,2,No,Thursday,East,Local Street Vendor,30.5,Cash,6,Sethi Rakhi Hub 242,15.03,23
4988,Premium & Jewelry,Sandalwood (Chandan),2026,7,No,Wednesday,East,Local Street Vendor,28.8,Cash,2,Bhatia Rakhi Hub 2,191.38,6
3706,Premium & Jewelry,Sterling Silver,2026,2,nO,Wednesday,West,Local Street Vendor,29.5,Credit Card,30,Mehra Rakhi Hub 246,742.32,96
2022,Premium & Jewelry,Sterling Silver,2026,4,Yes,Saturday,North,Local Street Vendor,30.0,Cash,3,Tandon Rakhi Bazaar,463.89,16
4021,Premium & Jewelry,Sterling Silver,2026,2,No,Friday,East,Supermarket,34.7,Cash,5,Chawla Rakhi Hub 34,707.85,15
5981,Kids & Cartoon,Silk Thread,2026,5,No,Friday,Central,Supermarket,38.7,Cash,1,Kapoor Rakhi Hub 97,20.2,7
5716,Premium & Jewelry,Sandalwood (Chandan),2026,2,Yes,Sunday,North,Local Street Vendor,31.4,Credit Card,6,Aggarwal Gift House,191.62,31
2783,Kids & Cartoon,Sandalwood (Chandan),2026,2,Yes,Sunday,North,Supermarket,31.4,UPI,4,Chawla Rakhi Hub 186,30.52,17
2659,Premium & Jewelry,Sterling Silver,2026,6,Yes,Saturday,East,Supermarket,33.3,UPI,3,Kapoor Rakhi Hub 97,772.22,9
1131,Eco-Friendly,Sandalwood (Chandan),2026,4,#Yes,Sunday,East,Local Street Vendor,26.8,UPI,5,Arora Rakhi Hub 219,48.12,23
4835,Kids & Cartoon,Silk Thread,2026,2,No,Wednesday,Central,Supermarket,31.7,UPI,3,Chopra Rakhi Store,19.67,12
3121,Premium & Jewelry,Sterling Silver,2026,1,nO,Thursday,West,Supermarket,30.6,UPI,12,Goel Emporium,563.68,55
4916,Eco-Friendly,Sandalwood (Chandan),2026,2,No,Thursday,Central,Supermarket,33.3,Credit Card,12,Mehra Rakhi Hub 75,46.47,38
4319,Eco-Friendly,Sandalwood (Chandan),2026,7,No,Friday,East,Online,22.5,Cash,5,Sethi Rakhi Hub 22,62.16,18
2682,Eco-Friendly,Sandalwood (Chandan),2026,1,No,Wednesday,Central,Online,31.3,Credit Card,9,Chawla Rakhi Hub 104,82.28,33
4145,Kids & Cartoon,Silk Thread,2026,6,No,Thursday,,Online,32.1,Credit Card,11,Sharma Rakhi Hub 141,15.07,57
1237,Premium & Jewelry,Sterling Silver,2026,3,No,Thursday,North,Supermarket,28.0,Credit Card,8,Rastogi Rakhi Hub 143,604.27,25
5353,Kids & Cartoon,Silk Thread,2026,7,Yes,Saturday,Central,Online,30.4,Credit Card,4,Nanda Rakhi Hub 225,19.77,12
4147,Premium & Jewelry,Sterling Silver,2026,1,nO,Wednesday,East,Local Street Vendor,26.5,UPI,3,Sethi Handicrafts,487.01,17
2283,Kids & Cartoon,Silk Thread,2026,6,No,Thursday,East,Online,30.7,Credit Card,6,Nanda Rakhi Hub 32,15.25,21
5436,Premium & Jewelry,Sterling Silver,2026,6,nO,Tuesday,Central,Online,38.9,Cash,9,Arora Rakhi Hub 210,753.08,35
118,Eco-Friendly,Silk Thread,2026,3,nO,Thursday,West,Local Street Vendor,31.8,Cash,2,Sethi Rakhi Hub 276,20.92,10
4094,Premium & Jewelry,Sterling Silver,2026,7,No,Wednesday,West,Online,30.6,Credit Card,6,Sethi Traditions,582.7,18
4654,Premium & Jewelry,Sterling Silver,2026,3,No,Wednesday,North,Online,31.7,Cash,4,Sharma Rakhi Hub 185,668.45,23
3267,Premium & Jewelry,Sterling Silver,2026,7,No,Thursday,North,Online,33.9,UPI,2,Arora Rakhi Hub 115,729.39,8
387,Eco-Friendly,Silk Thread,2026,6,yES,Sunday,East,Supermarket,36.2,Credit Card,3,Chawla Traditions,39.76,11
1629,Premium & Jewelry,Sterling Silver,2026,7,Yes,Sunday,West,Local Street Vendor,32.8,Cash,1,Sharma Rakhi Store,507.32,4
3586,Eco-Friendly,Sandalwood (Chandan),2026,2,#Yes,Sunday,Central,Supermarket,29.7,UPI,6,Verma Rakhi Hub 151,66.29,18
2715,Eco-Friendly,Sterling Silver,2026,2,No,Tuesday,East,Online,34.4,Cash,11,Arora Rakhi Point,239.78,43
3118,Kids & Cartoon,Silk Thread,2026,6,Yes,Saturday,North,Online,32.5,Cash,3,Bansal Rakhi Hub 99,17.4,9
5135,Eco-Friendly,Sandalwood (Chandan),2026,2,No,Tuesday,Central,Online,27.1,Cash,7,Aggarwal Rakhi Hub 247,85.59,26
5726,Eco-Friendly,Silk Thread,2026,3,No,Thursday,Central,Local Street Vendor,37.9,Cash,11,Bhatia Traditions,21.56,35
3190,Premium & Jewelry,Sterling Silver,2026,6,nO,Monday,East,Local Street Vendor,35.5,Credit Card,2,Saxena Rakhi Hub 9,432.65,6
4306,Premium & Jewelry,Sterling Silver,2026,7,yES,Sunday,East,Local Street Vendor,32.5,UPI,2,Sharma Handicrafts,525.55,9
910,Premium & Jewelry,Sterling Silver,2026,4,No,Wednesday,North,Supermarket,32.1,Cash,3,Arora Rakhi Hub 117,698.69,12
242,Eco-Friendly,Silk Thread,2026,3,No,Wednesday,East,Supermarket,30.3,Cash,8,Sethi Rakhi Store,37.41,31
1867,Eco-Friendly,Sterling Silver,2026,5,nO,Thursday,West,Local Street Vendor,34.2,Cash,3,Mehra Rakhi Hub 183,125.82,17
1843,Premium & Jewelry,Sterling Silver,2026,1,Yes,Sunday,East,Supermarket,35.3,Cash,18,Sethi Rakhi Hub 175,632.5,41
2498,Premium & Jewelry,Sandalwood (Chandan),2026,7,No,Tuesday,East,Local Street Vendor,32.1,Credit Card,2,Rastogi Rakhi Hub 231,195.16,5
776,Eco-Friendly,Sandalwood (Chandan),2026,5,nO,Wednesday,East,Supermarket,42.1,Cash,2,Gupta Rakhi Hub 299,78.91,15
5193,Premium & Jewelry,Sterling Silver,2026,5,nO,Friday,East,Online,29.3,Credit Card,4,Goel Rakhi & Gifts,862.19,14
5072,Kids & Cartoon,Silk Thread,2026,5,nO,Wednesday,Central,Local Street Vendor,29.9,Cash,3,Bhatia Rakhi Hub 204,14.04,13
4007,Kids & Cartoon,Silk Thread,2026,7,nO,Friday,East,Local Street Vendor,33.9,UPI,1,Gupta Rakhi Hub 139,13.24,6
2703,Kids & Cartoon,Silk Thread,2026,7,Yes,Sunday,North,Local Street Vendor,29.8,Cash,1,Aggarwal Rakhi Hub 74,10.9,3
4133,Kids & Cartoon,Silk Thread,2026,3,No,Monday,West,Local Street Vendor,31.0,UPI,6,Bansal Rakhi Hub 288,9.87,24
332,Premium & Jewelry,Sandalwood (Chandan),2026,1,No,Monday,East,Online,30.9,UPI,10,Verma Rakhi Store,224.75,29
4701,Eco-Friendly,Sandalwood (Chandan),2026,2,Yes,Sunday,East,Online,37.3,UPI,11,Rastogi Rakhi & Gifts,65.37,30
3903,Eco-Friendly,Sandalwood (Chandan),2026,2,Yes,Saturday,East,Supermarket,33.5,Cash,12,Bansal Rakhi Hub 13,57.19,40
2460,Kids & Cartoon,Silk Thread,2026,6,#Yes,Sunday,,Supermarket,34.4,Credit Card,2,Jain Rakhi Bazaar,16.88,6
1775,Kids & Cartoon,Silk Thread,2026,3,No,Wednesday,East,Local Street Vendor,24.3,UPI,5,Sethi Handicrafts,11.8,18
4989,Eco-Friendly,Silk Thread,2026,7,No,Monday,Central,Local Street Vendor,32.5,Credit Card,4,Rastogi Rakhi Hub 189,23.94,13
5240,Kids & Cartoon,Silk Thread,2026,2,No,Thursday,Central,Supermarket,34.6,Cash,10,Tandon Rakhi Hub 292,18.49,43
2687,Premium & Jewelry,Silk Thread,2026,6,#Yes,Sunday,West,Local Street Vendor,31.8,Cash,4,Sethi Rakhi Hub 276,85.27,20
1582,Kids & Cartoon,Silk Thread,2026,5,No,Tuesday,North,Supermarket,31.7,UPI,4,Tandon Rakhi Hub 147,14.9,15
2266,Premium & Jewelry,Sandalwood (Chandan),2026,3,No,Tuesday,North,Online,34.2,Cash,16,Arora Rakhi Hub 117,241.18,52
2126,Kids & Cartoon,Silk Thread,2026,5,No,Friday,East,Supermarket,33.4,Cash,4,Verma Rakhi Corner,12.28,16
5889,Eco-Friendly,Sandalwood (Chandan),2026,2,No,Friday,,Online,28.3,Cash,7,Bansal Rakhi Hub 67,64.71,29
4638,Kids & Cartoon,Silk Thread,2026,5,nO,Monday,West,Local Street Vendor,34.5,Cash,3,Rastogi Rakhi Hub 231,15.51,15
5848,Premium & Jewelry,Sterling Silver,2026,2,No,Wednesday,North,Online,27.0,Cash,8,Bhatia Traditions,620.12,24
5713,Eco-Friendly,Silk Thread,2026,6,No,Wednesday,West,Local Street Vendor,39.5,Cash,2,Tandon Emporium,23.68,15
2905,Kids & Cartoon,Sandalwood (Chandan),2026,2,No,Monday,North,Online,31.3,Credit Card,5,Malhotra Emporium,22.9,18
174,Eco-Friendly,Sandalwood (Chandan),2026,5,No,Tuesday,West,Supermarket,32.7,Cash,6,Nanda Rakhi Point,71.75,22
3322,Kids & Cartoon,Silk Thread,2026,5,nO,Monday,West,Online,31.7,Cash,4,Arora Festive Mart,21.66,26
3243,Eco-Friendly,Sterling Silver,2026,5,No,Wednesday,North,Supermarket,25.5,UPI,7,Arora Rakhi Hub 108,197.5,20
3373,Eco-Friendly,Sandalwood (Chandan),2026,7,No,Friday,North,Local Street Vendor,28.7,Cash,20,Gupta Rakhi Hub 297,61.17,18
3312,Eco-Friendly,Sandalwood (Chandan),2026,2,#Yes,Saturday,West,Local Street Vendor,36.9,Cash,33,Jain Rakhi Store,52.34,37
4802,Premium & Jewelry,Sterling Silver,2026,1,No,Wednesday,,Supermarket,28.7,Cash,14,Bhatia Handicrafts,585.69,82
4381,Kids & Cartoon,Silk Thread,2026,3,#Yes,Saturday,East,Supermarket,31.9,Cash,13,Nanda Rakhi Hub 129,22.11,30
960,Kids & Cartoon,Sandalwood (Chandan),2026,4,yES,Sunday,West,Supermarket,29.0,Cash,2,Saxena Festive Mart,29.89,10
5345,Premium & Jewelry,Sterling Silver,2026,3,No,Thursday,West,Local Street Vendor,31.6,UPI,4,Aggarwal Rakhi Hub 74,622.44,14
3404,Eco-Friendly,Sandalwood (Chandan),2026,3,yES,Sunday,West,Supermarket,33.5,Cash,10,Gupta Rakhi Hub 291,47.18,35
19,Eco-Friendly,Sandalwood (Chandan),2026,1,Yes,Saturday,,Supermarket,30.4,UPI,6,Chawla Rakhi Hub 250,64.84,22
3692,Kids & Cartoon,Silk Thread,2026,1,Yes,Sunday,West,Local Street Vendor,30.8,UPI,11,Chawla Rakhi Point,12.53,28
2889,Premium & Jewelry,Silk Thread,2026,1,No,Friday,East,Online,34.7,UPI,7,Khanna Rakhi Hub 132,93.17,21
4097,Kids & Cartoon,Silk Thread,2026,6,No,Tuesday,East,Supermarket,28.8,Cash,2,Nanda Traditions,16.09,13
3629,Kids & Cartoon,Sandalwood (Chandan),2026,6,Yes,Sunday,North,Online,35.1,Credit Card,4,Jain Rakhi Corner,31.4,10
960,Kids & Cartoon,Sandalwood (Chandan),2026,4,yES,Sunday,West,Supermarket,29.0,Cash,2,Saxena Festive Mart,29.89,10
2175,Kids & Cartoon,Silk Thread,2026,1,nO,Tuesday,East,Local Street Vendor,35.5,Credit Card,12,Jain Festive Mart,17.2,39
1357,Kids & Cartoon,Silk Thread,2026,6,No,Monday,West,Local Street Vendor,33.5,Credit Card,2,Kapoor Festive Mart,15.23,10
4857,Kids & Cartoon,Silk Thread,2026,6,No,Friday,Central,Local Street Vendor,30.4,Cash,7,Tandon Rakhi Hub 60,15.8,19
1725,Kids & Cartoon,Silk Thread,2026,6,No,Tuesday,West,Supermarket,32.7,Cash,3,Goel Rakhi Corner,14.79,16
3113,Eco-Friendly,Sandalwood (Chandan),2026,3,No,Monday,North,Online,29.8,UPI,11,Bhatia Traditions,66.15,35
183,Kids & Cartoon,Silk Thread,2026,6,No,Monday,Central,Local Street Vendor,27.9,Cash,3,Aggarwal Rakhi Hub 284,15.13,9
2977,Kids & Cartoon,Silk Thread,2026,1,No,Thursday,Central,Local Street Vendor,31.3,UPI,14,Chawla Rakhi & Gifts,12.59,44
3437,Kids & Cartoon,Silk Thread,2026,2,Yes,Saturday,West,Local Street Vendor,38.9,UPI,6,Bansal Rakhi & Gifts,15.33,20
1813,Eco-Friendly,Sandalwood (Chandan),2026,2,No,Thursday,West,Local Street Vendor,31.1,Cash,2,Sethi Rakhi Hub 160,47.21,9
5172,Kids & Cartoon,Silk Thread,2026,3,No,Wednesday,Central,Supermarket,29.5,Cash,6,Rastogi Emporium,14.01,25
1801,Kids & Cartoon,Silk Thread,2026,1,No,Tuesday,North,Local Street Vendor,33.9,Credit Card,48,Verma Rakhi Hub 151,13.32,143
2430,Eco-Friendly,Sandalwood (Chandan),2026,6,Yes,Saturday,Central,Supermarket,33.7,Credit Card,3,Nanda Rakhi Hub 79,65.78,14
5531,Kids & Cartoon,Silk Thread,2026,7,No,Wednesday,East,Supermarket,32.1,Cash,3,Tandon Rakhi Hub 147,16.31,11
1717,Kids & Cartoon,Silk Thread,2026,6,No,Thursday,West,Local Street Vendor,37.2,Credit Card,7,Chawla Rakhi Hub 250,12.35,29
3964,Premium & Jewelry,Sandalwood (Chandan),2026,2,Yes,Sunday,North,Local Street Vendor,30.6,UPI,3,Rastogi Emporium,171.17,13
5578,Kids & Cartoon,Silk Thread,2026,4,No,Friday,North,Online,32.3,Cash,3,Bansal Rakhi Hub 217,20.3,11
5331,Eco-Friendly,Sandalwood (Chandan),2026,5,#Yes,Saturday,East,Supermarket,32.2,UPI,3,Chawla Rakhi Hub 295,52.04,8
5641,Kids & Cartoon,Silk Thread,2026,6,No,Wednesday,Central,Supermarket,37.3,Credit Card,2,Verma Emporium,16.22,14
1160,Eco-Friendly,Silk Thread,2026,4,No,Tuesday,,Local Street Vendor,29.4,Credit Card,3,Goel Rakhi Hub 116,27.81,12
1214,Kids & Cartoon,Silk Thread,2026,5,yES,Sunday,Central,Local Street Vendor,33.3,Cash,7,Bansal Rakhi Hub 260,12.62,29
1326,Eco-Friendly,Sandalwood (Chandan),2026,4,No,Wednesday,East,Local Street Vendor,27.4,Credit Card,19,Bhatia Rakhi Hub 2,55.0,104
4933,Eco-Friendly,Sandalwood (Chandan),2026,4,Yes,Saturday,West,Online,32.0,Credit Card,6,Rastogi Festive Mart,55.19,23
1456,Premium & Jewelry,Sterling Silver,2026,5,No,Friday,East,Online,36.3,Credit Card,2,Arora Rakhi Hub 235,1060.66,12
4695,Kids & Cartoon,Silk Thread,2026,3,nO,Monday,,Local Street Vendor,35.7,Credit Card,5,Mehra Rakhi Corner,20.24,16
5057,Kids & Cartoon,Silk Thread,2026,3,No,Thursday,North,Supermarket,33.4,UPI,12,Arora Rakhi Hub 210,19.48,43
1645,Premium & Jewelry,Sterling Silver,2026,5,No,Wednesday,Central,Local Street Vendor,31.7,Cash,3,Saxena Rakhi Hub 278,395.57,16
2141,Eco-Friendly,Silk Thread,2026,1,nO,Monday,North,Local Street Vendor,35.7,Cash,6,Sharma Rakhi Hub 112,20.33,24
4537,Kids & Cartoon,Silk Thread,2026,3,nO,Tuesday,Central,Supermarket,31.9,UPI,4,Chawla Rakhi Hub 94,16.1,12
4458,Kids & Cartoon,Silk Thread,2026,6,nO,Thursday,North,Online,29.4,UPI,2,Bhatia Rakhi Hub 51,23.09,5
513,Premium & Jewelry,Sterling Silver,2026,6,nO,Thursday,Central,Local Street Vendor,32.9,Cash,2,Mehra Gift House,570.75,10
4379,Eco-Friendly,Sandalwood (Chandan),2026,7,No,Tuesday,Central,Supermarket,29.3,UPI,4,Goel Festive Mart,65.02,16
730,Kids & Cartoon,Silk Thread,2026,7,No,Friday,North,Supermarket,38.1,UPI,2,Tandon Rakhi Point,16.32,13
4358,Kids & Cartoon,Silk Thread,2026,4,Yes,Saturday,North,Supermarket,29.1,Cash,4,Saxena Rakhi Hub 294,22.8,17
1937,Kids & Cartoon,Silk Thread,2026,3,No,Wednesday,East,Local Street Vendor,31.4,Credit Card,4,Chawla Traditions,14.0,15
3794,Premium & Jewelry,Sterling Silver,2026,3,No,Friday,East,Supermarket,25.1,Cash,5,Khanna Rakhi Hub 121,489.72,21
1459,Eco-Friendly,Silk Thread,2026,7,nO,Wednesday,Central,Local Street Vendor,32.3,Cash,1,Bansal Rakhi Corner,24.01,9
2879,Kids & Cartoon,Silk Thread,2026,5,Yes,Sunday,East,Local Street Vendor,27.3,Cash,4,Sethi Rakhi Point,13.79,16
873,Eco-Friendly,Sandalwood (Chandan),2026,7,Yes,Sunday,North,Local Street Vendor,30.9,Cash,3,Sharma Rakhi Hub 122,45.75,6
1111,Premium & Jewelry,Sandalwood (Chandan),2026,7,No,Monday,North,Supermarket,30.1,Cash,2,Sethi Traditions,196.76,8
1636,Kids & Cartoon,Sterling Silver,2026,6,nO,Friday,North,Online,30.8,Credit Card,5,Malhotra Rakhi & Gifts,116.51,14
2999,Eco-Friendly,Sandalwood (Chandan),2026,7,nO,Friday,North,Local Street Vendor,38.3,UPI,1,Mehra Rakhi Hub 6,40.3,4
2395,Kids & Cartoon,Silk Thread,2026,4,nO,Wednesday,East,Online,37.8,Cash,5,Chopra Rakhi Hub 190,16.16,27
1186,Eco-Friendly,Sandalwood (Chandan),2026,6,Yes,Saturday,East,Local Street Vendor,35.0,Credit Card,5,Jain Rakhi Bazaar,46.61,13
2008,Premium & Jewelry,Sandalwood (Chandan),2026,4,nO,Monday,North,Online,25.7,UPI,5,Bansal Rakhi Hub 260,218.75,19
194,Eco-Friendly,Sandalwood (Chandan),2026,3,Yes,Saturday,East,Online,,Cash,14,Sharma Rakhi Hub 185,68.67,54
4877,Premium & Jewelry,Sterling Silver,2026,7,nO,Tuesday,Central,Local Street Vendor,29.5,Cash,2,Chawla Rakhi Hub 186,588.44,9
579,Eco-Friendly,Sandalwood (Chandan),2026,5,No,Wednesday,West,Supermarket,,Cash,2,Rastogi Rakhi Hub 71,57.6,7
772,Kids & Cartoon,Silk Thread,2026,3,Yes,Sunday,East,Online,48.2,Cash,4,Bhatia Rakhi Hub 211,20.42,22
2396,Eco-Friendly,Sandalwood (Chandan),2026,6,nO,Friday,Central,Supermarket,35.4,Cash,3,Bansal Rakhi Hub 161,62.74,12
428,Eco-Friendly,Sandalwood (Chandan),2026,7,No,Wednesday,West,Local Street Vendor,35.7,UPI,2,Tandon Rakhi Hub 20,50.67,10
1847,Kids & Cartoon,Silk Thread,2026,2,yES,Saturday,West,Local Street Vendor,33.1,UPI,10,Jain Rakhi Hub 72,10.72,25
134,Kids & Cartoon,Silk Thread,2026,2,No,Wednesday,North,Supermarket,25.1,Cash,10,Nanda Rakhi Bazaar,18.59,44
4275,Premium & Jewelry,Sterling Silver,2026,4,Yes,Sunday,Central,Local Street Vendor,28.4,UPI,5,Chopra Rakhi Bazaar,400.68,15
3741,Premium & Jewelry,Sterling Silver,2026,2,No,Friday,West,Local Street Vendor,28.6,Cash,9,Chopra Rakhi Hub 153,467.67,25
4601,Kids & Cartoon,Silk Thread,2026,4,No,Wednesday,North,Supermarket,33.6,Credit Card,8,Rastogi Rakhi Hub 42,18.77,24
895,Eco-Friendly,Silk Thread,2026,4,No,Tuesday,Central,Local Street Vendor,24.3,UPI,8,Khanna Rakhi Hub 120,33.47,30
2920,Eco-Friendly,Sandalwood (Chandan),2026,4,Yes,Sunday,Central,Local Street Vendor,,UPI,4,Goel Rakhi Hub 107,53.76,17
2074,Eco-Friendly,Sandalwood (Chandan),2026,7,Yes,Sunday,North,Local Street Vendor,,Cash,4,Bansal Rakhi Hub 274,53.34,13
1897,Kids & Cartoon,Silk Thread,2026,2,No,Friday,North,Local Street Vendor,23.7,UPI,6,Goel Rakhi Hub 52,12.74,19
5895,Premium & Jewelry,Sterling Silver,2026,4,No,Thursday,East,Local Street Vendor,34.0,Cash,2,Chopra Rakhi Hub 166,451.82,7
3660,Premium & Jewelry,Sterling Silver,2026,1,No,Monday,Central,Local Street Vendor,29.3,Cash,5,Khanna Rakhi Hub 184,439.37,28
2380,Kids & Cartoon,Silk Thread,2026,6,No,Thursday,West,Local Street Vendor,25.4,Credit Card,6,Arora Rakhi Bazaar,15.33,17
1448,Kids & Cartoon,Silk Thread,2026,7,#Yes,Saturday,East,Local Street Vendor,33.3,Cash,1,Gupta Gift House,9.79,4
343,Eco-Friendly,Sandalwood (Chandan),2026,6,No,Monday,Central,Supermarket,32.7,Credit Card,6,Aggarwal Rakhi Hub 284,59.51,28
4430,Premium & Jewelry,Sterling Silver,2026,3,No,Tuesday,North,Online,30.8,Credit Card,8,Malhotra Rakhi Point,752.69,38
2528,Eco-Friendly,Sandalwood (Chandan),2026,3,No,Monday,West,Supermarket,30.4,Cash,14,Bhatia Handicrafts,67.14,68
728,Premium & Jewelry,Sterling Silver,2026,5,No,Friday,North,Online,34.0,Cash,3,Bansal Rakhi Hub 13,834.39,21
4578,Premium & Jewelry,Sterling Silver,2026,3,No,Wednesday,West,Local Street Vendor,29.4,Cash,7,Chawla Rakhi Hub 230,542.31,29
977,Kids & Cartoon,Silk Thread,2026,7,No,Tuesday,West,Online,33.0,Cash,2,Bansal Rakhi Hub 8,16.43,12
5648,Premium & Jewelry,Sterling Silver,2026,7,nO,Tuesday,North,Supermarket,29.8,Cash,2,Sethi Rakhi Hub 19,648.24,14
3517,Kids & Cartoon,Silk Thread,2026,6,No,Friday,East,Supermarket,35.9,Credit Card,3,Gupta Rakhi Hub 139,20.3,11
1956,Eco-Friendly,Sandalwood (Chandan),2026,4,Yes,Sunday,,Supermarket,33.2,Credit Card,7,Gupta Rakhi Hub 291,54.81,18
3388,Eco-Friendly,Sandalwood (Chandan),2026,2,Yes,Saturday,Central,Online,33.0,Credit Card,15,Chawla Rakhi & Gifts,70.66,50
3941,Premium & Jewelry,Sandalwood (Chandan),2026,6,No,Thursday,East,Local Street Vendor,33.6,Cash,3,Mehra Rakhi Hub 256,169.36,11
1300,Kids & Cartoon,Silk Thread,2026,3,No,Wednesday,East,Local Street Vendor,35.0,Cash,2,Chopra Gift House,12.05,8
805,Premium & Jewelry,Sandalwood (Chandan),2026,3,No,Friday,North,Online,33.5,UPI,7,Chawla Rakhi Hub 24,221.69,25
661,Premium & Jewelry,Sterling Silver,2026,5,nO,Tuesday,,Local Street Vendor,29.5,Cash,3,Khanna Rakhi Hub 194,524.4,11
1493,Kids & Cartoon,Silk Thread,2026,5,No,Tuesday,North,Online,30.3,Credit Card,7,Khanna Traditions,24.48,29
5392,Kids & Cartoon,Silk Thread,2026,5,No,Monday,North,Local Street Vendor,34.6,Credit Card,5,Chopra Rakhi Hub 233,14.87,17
5572,Premium & Jewelry,Sandalwood (Chandan),2026,3,Yes,Sunday,North,Online,36.6,Cash,4,Jain Rakhi Hub 39,283.46,21
5858,Kids & Cartoon,Silk Thread,2026,4,Yes,Saturday,West,Supermarket,32.6,Cash,16,Saxena Emporium,15.69,46
2316,Premium & Jewelry,Sterling Silver,2026,4,No,Wednesday,Central,Online,31.8,Credit Card,7,Chawla Rakhi Hub 171,651.06,23
149,Kids & Cartoon,Sandalwood (Chandan),2026,1,Yes,Saturday,East,Local Street Vendor,34.3,Credit Card,26,Tandon Rakhi & Gifts,23.34,81
3187,Eco-Friendly,Sandalwood (Chandan),2026,7,No,Friday,West,Local Street Vendor,33.3,Cash,2,Nanda Rakhi Hub 195,42.67,5
1086,Eco-Friendly,Sandalwood (Chandan),2026,1,No,Friday,,Local Street Vendor,33.4,Cash,7,Sharma Rakhi Hub 185,53.7,22
5546,Premium & Jewelry,Sterling Silver,2026,4,nO,Monday,North,Local Street Vendor,37.1,Cash,3,Bhatia Traditions,513.38,11
3199,Premium & Jewelry,Sterling Silver,2026,4,No,Tuesday,,Local Street Vendor,31.0,Cash,3,Jain Rakhi Hub 289,525.12,16
5788,Eco-Friendly,Sandalwood (Chandan),2026,6,Yes,Saturday,East,Local Street Vendor,29.8,Cash,4,Malhotra Traditions,46.5,12
5435,Eco-Friendly,Sandalwood (Chandan),2026,7,No,Friday,East,Online,29.4,Credit Card,4,Sharma Traditions,55.3,26
68,Kids & Cartoon,Silk Thread,2026,2,nO,Friday,Central,Supermarket,29.3,Cash,13,Goel Rakhi Hub 107,16.82,77
3171,Eco-Friendly,Silk Thread,2026,7,No,Tuesday,Central,Supermarket,27.7,Credit Card,2,Jain Rakhi Hub 119,21.58,9
2270,Eco-Friendly,Sandalwood (Chandan),2026,1,nO,Monday,North,Local Street Vendor,37.1,Credit Card,8,Nanda Rakhi Hub 225,57.73,30
5654,Kids & Cartoon,Silk Thread,2026,6,No,Wednesday,North,Local Street Vendor,32.0,Cash,2,Bhatia Rakhi Hub 290,13.1,8
2825,Eco-Friendly,Sandalwood (Chandan),2026,1,No,Tuesday,North,Online,,Cash,14,Nanda Rakhi Corner,232.42,52
3792,Kids & Cartoon,Silk Thread,2026,6,No,Monday,Central,Supermarket,32.7,Credit Card,5,Chopra Rakhi Point,16.97,17
3448,Eco-Friendly,Sandalwood (Chandan),2026,6,#Yes,Saturday,Central,Supermarket,31.4,Cash,3,Sharma Rakhi Hub 185,68.45,12
2368,Kids & Cartoon,Silk Thread,2026,2,Yes,Sunday,East,Supermarket,32.0,Cash,6,Arora Rakhi Hub 169,27.55,24
4762,Kids & Cartoon,Silk Thread,2026,4,No,Friday,,Local Street Vendor,26.2,Cash,5,Sethi Rakhi Hub 286,13.49,23
1121,Kids & Cartoon,Silk Thread,2026,4,Yes,Sunday,West,Supermarket,32.4,Cash,5,Sharma Rakhi Hub 61,15.64,19
2513,Premium & Jewelry,Sterling Silver,2026,3,No,Thursday,Central,Local Street Vendor,25.1,UPI,7,Bhatia Rakhi Hub 51,413.91,24
2724,Kids & Cartoon,Silk Thread,2026,1,Yes,Saturday,Central,Supermarket,36.5,UPI,6,Verma Rakhi Hub 73,17.51,27
1985,Kids & Cartoon,Silk Thread,2026,4,No,Friday,East,Supermarket,37.0,UPI,5,Chawla Traditions,14.74,22
5925,Kids & Cartoon,Silk Thread,2026,7,nO,Friday,East,Local Street Vendor,32.7,Cash,3,Bansal Rakhi Hub 106,11.75,11
1144,Eco-Friendly,Silk Thread,2026,7,No,Tuesday,West,Supermarket,28.6,Credit Card,1,Bansal Rakhi Hub 260,44.01,8
4495,Premium & Jewelry,Sandalwood (Chandan),2026,1,No,Monday,West,Online,34.1,Credit Card,70,Rastogi Rakhi Hub 5,203.66,49
2840,Premium & Jewelry,Sterling Silver,2026,4,No,Thursday,East,Local Street Vendor,34.6,Credit Card,3,Goel Rakhi Hub 221,466.38,8
3824,Premium & Jewelry,Sterling Silver,2026,1,No,Thursday,East,Supermarket,28.4,Credit Card,11,Aggarwal Rakhi Hub 212,448.11,38
5146,Eco-Friendly,Sandalwood (Chandan),2026,2,No,Friday,North,Local Street Vendor,27.6,Credit Card,6,Tandon Rakhi Store,53.78,26
3790,Kids & Cartoon,Sandalwood (Chandan),2026,2,No,Thursday,North,Local Street Vendor,37.1,Cash,4,Nanda Rakhi Hub 28,22.29,17
2221,Kids & Cartoon,Silk Thread,2026,6,No,Thursday,North,Local Street Vendor,31.8,UPI,16,Kapoor Rakhi Hub 200,12.61,63
2332,Kids & Cartoon,Silk Thread,2026,5,#Yes,Saturday,East,Online,29.0,Credit Card,5,Mehra Rakhi & Gifts,17.57,21
5506,Kids & Cartoon,Silk Thread,2026,3,nO,Friday,West,Local Street Vendor,39.7,Cash,8,Aggarwal Traditions,11.81,34
1268,Eco-Friendly,Sandalwood (Chandan),2026,4,Yes,Saturday,East,Online,33.4,UPI,2,Sethi Rakhi Hub 238,83.3,5
4151,Premium & Jewelry,Sterling Silver,2026,1,No,Monday,Central,Supermarket,36.1,UPI,7,Jain Rakhi Hub 197,513.1,45
4089,Premium & Jewelry,Sterling Silver,2026,7,Yes,Saturday,West,Online,30.4,Cash,9,Kapoor Rakhi Store,632.41,21
1968,Eco-Friendly,Sandalwood (Chandan),2026,5,No,Monday,East,Online,29.9,Cash,3,Bansal Rakhi Hub 99,75.6,9
4062,Eco-Friendly,Sandalwood (Chandan),2026,3,No,Friday,Central,Supermarket,24.2,UPI,10,Chawla Rakhi Hub 125,58.52,15
3925,Premium & Jewelry,Sterling Silver,2026,5,#Yes,Sunday,North,Online,32.1,Cash,11,Saxena Rakhi Hub 252,606.12,28
4366,Premium & Jewelry,Sterling Silver,2026,4,nO,Tuesday,,Supermarket,29.5,Credit Card,8,Bhatia Rakhi Hub 80,551.02,26
424,Premium & Jewelry,Silk Thread,2026,1,yES,Sunday,Central,Local Street Vendor,38.1,UPI,6,Gupta Rakhi Point,87.2,29
1532,Premium & Jewelry,Sterling Silver,2026,1,yES,Sunday,,Online,33.9,UPI,7,Sethi Rakhi Hub 276,770.67,25
1905,Kids & Cartoon,Sandalwood (Chandan),2026,4,Yes,Saturday,Central,Online,33.6,Cash,13,Nanda Rakhi Hub 98,36.3,40
1760,Eco-Friendly,Sandalwood (Chandan),2026,3,No,Monday,West,Online,33.3,Cash,5,Jain Rakhi Hub 150,83.86,20
3918,Kids & Cartoon,Silk Thread,2026,6,No,Wednesday,East,Local Street Vendor,36.2,Credit Card,3,Sethi Rakhi Hub 11,11.88,9
3619,Kids & Cartoon,Silk Thread,2026,3,nO,Thursday,West,Online,29.8,Cash,5,Rastogi Rakhi Hub 71,15.33,17
840,Kids & Cartoon,Silk Thread,2026,2,No,Friday,East,Local Street Vendor,36.0,Credit Card,14,Nanda Rakhi Hub 229,13.84,41
4597,Kids & Cartoon,Silk Thread,2026,6,No,Friday,Central,Local Street Vendor,32.1,Cash,28,Malhotra Rakhi Store,12.46,118
4923,Premium & Jewelry,Silk Thread,2026,6,nO,Wednesday,West,Supermarket,28.8,Cash,2,Goel Rakhi Corner,149.84,8
142,Kids & Cartoon,Silk Thread,2026,5,No,Tuesday,West,Supermarket,24.5,UPI,6,Bansal Rakhi Hub 124,12.62,29
5487,Eco-Friendly,Sandalwood (Chandan),2026,3,No,Tuesday,West,Local Street Vendor,32.1,Cash,3,Saxena Rakhi Hub 17,52.83,9
1378,Eco-Friendly,Sandalwood (Chandan),2026,2,yES,Sunday,North,Online,29.7,Cash,10,Kapoor Rakhi Bazaar,79.04,31
3675,Eco-Friendly,Sandalwood (Chandan),2026,6,No,Monday,East,Online,31.9,UPI,2,Rastogi Rakhi Bazaar,62.03,8
3511,Eco-Friendly,Sandalwood (Chandan),2026,2,No,Wednesday,East,Online,28.7,Credit Card,7,Sharma Rakhi Hub 84,57.54,26
3677,Kids & Cartoon,Silk Thread,2026,1,nO,Thursday,North,Local Street Vendor,36.2,Cash,6,Bansal Rakhi Hub 13,16.92,21
3809,Eco-Friendly,Sandalwood (Chandan),2026,7,nO,Monday,North,Local Street Vendor,32.2,Cash,3,Tandon Rakhi Hub 53,51.5,10
1139,Premium & Jewelry,Silk Thread,2026,7,yES,Saturday,East,Local Street Vendor,37.1,Credit Card,1,Gupta Rakhi Hub 291,72.74,6
2258,Eco-Friendly,Silk Thread,2026,4,#Yes,Saturday,Central,Local Street Vendor,34.4,Credit Card,47,Bansal Rakhi Hub 237,27.75,140
1788,Kids & Cartoon,Silk Thread,2026,1,Yes,Sunday,East,Supermarket,29.6,Cash,9,Chawla Rakhi Hub 102,15.76,29
3939,Kids & Cartoon,Silk Thread,2026,2,yES,Sunday,East,Local Street Vendor,30.8,Credit Card,6,Chopra Rakhi Hub 216,12.75,20
5405,Kids & Cartoon,Silk Thread,2026,4,#Yes,Saturday,East,Online,34.0,UPI,2,Mehra Emporium,94.41,9
2769,Eco-Friendly,Sandalwood (Chandan),2026,3,Yes,Sunday,West,Local Street Vendor,28.7,UPI,38,Sharma Rakhi Hub 136,65.44,108
460,Kids & Cartoon,Silk Thread,2026,5,No,Monday,West,Supermarket,27.9,UPI,4,Aggarwal Gift House,18.78,13
1312,Eco-Friendly,Silk Thread,2026,4,No,Tuesday,East,Online,30.3,Credit Card,3,Rastogi Rakhi Hub 50,35.3,12
949,Eco-Friendly,Sandalwood (Chandan),2026,5,Yes,Saturday,West,Online,31.2,UPI,7,Jain Rakhi Hub 197,69.77,28
3701,Eco-Friendly,Silk Thread,2026,6,No,Tuesday,West,Local Street Vendor,33.2,Credit Card,2,Aggarwal Rakhi Hub 205,27.21,9
1337,Premium & Jewelry,Sterling Silver,2026,2,Yes,Sunday,Central,Online,35.4,Cash,11,Rastogi Rakhi Hub 50,825.72,37
4629,Premium & Jewelry,Sandalwood (Chandan),2026,7,Yes,Saturday,East,Local Street Vendor,32.8,Credit Card,1,Gupta Handicrafts,155.77,5
3512,Eco-Friendly,Sandalwood (Chandan),2026,7,No,Thursday,North,Local Street Vendor,30.3,UPI,5,Sethi Rakhi Hub 22,50.53,23
1603,Kids & Cartoon,Silk Thread,2026,2,Yes,Saturday,West,Local Street Vendor,35.5,Cash,6,Gupta Rakhi Hub 191,12.91,20
2239,Kids & Cartoon,Silk Thread,2026,7,#Yes,Saturday,East,Online,30.5,Cash,6,Chopra Emporium,20.07,15
640,Eco-Friendly,Sandalwood (Chandan),2026,7,nO,Monday,North,Supermarket,28.3,Cash,2,Bhatia Rakhi Hub 290,58.72,9
3742,Premium & Jewelry,Sterling Silver,2026,3,Yes,Sunday,East,Supermarket,26.4,Credit Card,13,Rastogi Rakhi Hub 77,618.67,58
3831,Kids & Cartoon,Silk Thread,2026,4,No,Wednesday,East,Supermarket,28.3,Credit Card,4,Sethi Rakhi Corner,16.59,14
5606,Kids & Cartoon,Silk Thread,2026,2,No,Thursday,West,Supermarket,33.8,Credit Card,2,Malhotra Rakhi & Gifts,14.83,10
4452,Eco-Friendly,Sandalwood (Chandan),2026,7,Yes,Sunday,Central,Supermarket,28.7,Cash,5,Bhatia Rakhi Hub 204,62.73,16
2117,Premium & Jewelry,Sterling Silver,2026,6,No,Thursday,West,Supermarket,36.0,Credit Card,5,Gupta Rakhi Hub 176,735.97,25
1071,Eco-Friendly,Sandalwood (Chandan),2026,4,Yes,Saturday,North,Supermarket,28.6,Credit Card,4,Saxena Gift House,57.58,12
156,Kids & Cartoon,Silk Thread,2026,7,nO,Thursday,West,Local Street Vendor,26.1,Cash,2,Arora Rakhi Hub 46,12.57,7
2296,Premium & Jewelry,Sterling Silver,2026,2,No,Wednesday,East,Supermarket,37.3,Cash,6,Gupta Festive Mart,631.31,19
5585,Eco-Friendly,Sandalwood (Chandan),2026,4,No,Friday,,Supermarket,32.7,UPI,3,Saxena Rakhi Hub 23,55.01,14
4579,Kids & Cartoon,Silk Thread,2026,2,#Yes,Sunday,East,Online,27.6,Cash,4,Chawla Festive Mart,19.79,23
1090,Kids & Cartoon,Silk Thread,2026,4,yES,Sunday,West,Local Street Vendor,33.5,Cash,7,Saxena Emporium,14.3,27
2941,Eco-Friendly,Silk Thread,2026,5,No,Thursday,Central,Supermarket,33.6,Cash,12,Tandon Rakhi Hub 65,32.22,41
3137,Eco-Friendly,Sandalwood (Chandan),2026,2,Yes,Sunday,East,Online,28.3,Cash,14,Bansal Rakhi Hub 67,72.3,41
4385,Eco-Friendly,Sandalwood (Chandan),2026,3,Yes,Saturday,East,Local Street Vendor,33.3,Cash,7,Chopra Rakhi Hub 12,44.38,26
931,Premium & Jewelry,Sterling Silver,2026,5,No,Wednesday,West,Supermarket,29.3,Cash,7,Saxena Rakhi Bazaar,732.03,33
2910,Kids & Cartoon,Silk Thread,2026,2,No,Thursday,East,Supermarket,31.8,Cash,7,Sethi Rakhi Hub 22,23.46,24
5154,Premium & Jewelry,Silk Thread,2026,5,No,Monday,East,Supermarket,33.4,Cash,5,Aggarwal Rakhi & Gifts,122.44,17
311,Kids & Cartoon,Silk Thread,2026,5,No,Wednesday,North,Supermarket,34.2,UPI,2,Tandon Rakhi Hub 147,19.2,9
3248,Eco-Friendly,Sandalwood (Chandan),2026,7,No,Wednesday,East,Supermarket,37.5,Cash,1,Sharma Emporium,50.93,7
2080,Premium & Jewelry,Sandalwood (Chandan),2026,7,Yes,Sunday,North,Supermarket,29.2,Cash,8,Chawla Rakhi Corner,192.91,22
4176,Kids & Cartoon,Silk Thread,2026,1,Yes,Sunday,East,Online,27.9,Credit Card,15,Chawla Rakhi Corner,23.76,62
3431,Kids & Cartoon,Silk Thread,2026,2,No,Wednesday,East,Local Street Vendor,35.4,UPI,13,Tandon Rakhi Hub 60,13.61,58
1319,Eco-Friendly,Sandalwood (Chandan),2026,3,No,Thursday,,Supermarket,27.2,Credit Card,5,Tandon Rakhi Hub 53,62.35,34
5987,Premium & Jewelry,Sterling Silver,2026,4,nO,Tuesday,West,Local Street Vendor,35.3,UPI,9,Arora Rakhi Hub 46,512.71,30
3854,Kids & Cartoon,Silk Thread,2026,3,No,Tuesday,North,Supermarket,33.6,Cash,4,Goel Rakhi Hub 107,16.28,18
1699,Eco-Friendly,Silk Thread,2026,6,No,Wednesday,Central,Supermarket,30.1,Cash,5,Khanna Rakhi Store,33.93,29
5316,Kids & Cartoon,Silk Thread,2026,3,No,Monday,Central,Local Street Vendor,34.4,UPI,7,Verma Festive Mart,12.38,39
515,Kids & Cartoon,Silk Thread,2026,6,Yes,Saturday,East,Local Street Vendor,34.1,Credit Card,3,Gupta Rakhi Hub 68,12.03,8
5415,Eco-Friendly,Sandalwood (Chandan),2026,4,Yes,Sunday,,Online,27.9,Cash,4,Aggarwal Handicrafts,86.63,15
3832,Kids & Cartoon,Silk Thread,2026,5,No,Thursday,West,Supermarket,31.0,Cash,6,Chawla Rakhi Hub 295,17.24,35
4874,Kids & Cartoon,Silk Thread,2026,2,#Yes,Sunday,Central,Online,29.9,Credit Card,10,Arora Rakhi Hub 108,18.87,30
5344,Kids & Cartoon,Silk Thread,2026,2,Yes,Saturday,West,Online,29.9,Credit Card,13,Tandon Rakhi Hub 62,73.99,33
986,Eco-Friendly,Sandalwood (Chandan),2026,4,Yes,Saturday,Central,Local Street Vendor,36.1,UPI,5,Bansal Handicrafts,64.01,15
1822,Kids & Cartoon,Silk Thread,2026,4,No,Thursday,West,Local Street Vendor,37.8,Cash,6,Tandon Rakhi Hub 26,16.72,25
1674,Premium & Jewelry,Sterling Silver,2026,7,nO,Tuesday,West,Local Street Vendor,,Credit Card,2,Kapoor Rakhi Hub 257,580.89,10
588,Kids & Cartoon,Sandalwood (Chandan),2026,5,Yes,Saturday,North,Supermarket,32.3,Cash,4,Mehra Rakhi Hub 88,33.0,16
3171,Eco-Friendly,Silk Thread,2026,7,No,Tuesday,Central,Supermarket,27.7,Credit Card,2,Jain Rakhi Hub 119,21.58,9
5558,Kids & Cartoon,Sandalwood (Chandan),2026,7,No,Friday,West,Supermarket,27.1,Cash,2,Sethi Rakhi Hub 160,27.86,5
5798,Eco-Friendly,Sandalwood (Chandan),2026,1,Yes,Sunday,North,Local Street Vendor,28.5,UPI,12,Nanda Rakhi Hub 32,54.46,29
3462,Eco-Friendly,Sterling Silver,2026,5,nO,Friday,Central,Online,31.3,Cash,4,Arora Rakhi Corner,342.64,21
1082,Eco-Friendly,Sandalwood (Chandan),2026,3,No,Tuesday,North,Supermarket,31.6,Cash,15,Tandon Rakhi Hub 47,70.59,51
3445,Eco-Friendly,Sandalwood (Chandan),2026,2,nO,Thursday,Central,Local Street Vendor,36.6,UPI,3,Rastogi Rakhi Hub 50,61.62,14
3558,Eco-Friendly,Sandalwood (Chandan),2026,2,Yes,Saturday,East,Supermarket,27.3,Cash,10,Gupta Rakhi Hub 68,56.88,23
1396,Premium & Jewelry,Sandalwood (Chandan),2026,6,Yes,Sunday,East,Local Street Vendor,33.2,Credit Card,1,Aggarwal Handicrafts,155.95,6
265,Eco-Friendly,Sandalwood (Chandan),2026,4,Yes,Sunday,West,Local Street Vendor,35.4,Cash,8,Bansal Rakhi Hub 106,47.94,27
3548,Eco-Friendly,Sandalwood (Chandan),2026,4,No,Tuesday,Central,Supermarket,28.2,Credit Card,15,Sethi Handicrafts,58.51,56
5449,Kids & Cartoon,Silk Thread,2026,1,No,Monday,North,Supermarket,28.6,Cash,10,Mehra Rakhi Hub 6,14.99,39
2807,Kids & Cartoon,Sterling Silver,2026,1,yES,Saturday,,Local Street Vendor,29.3,Credit Card,11,Sethi Rakhi Hub 276,63.71,38
1119,Premium & Jewelry,Sterling Silver,2026,4,No,Thursday,West,Online,29.4,Cash,8,Nanda Rakhi Hub 96,560.19,26
3865,Eco-Friendly,Silk Thread,2026,1,No,Wednesday,East,Supermarket,36.1,Cash,5,Rastogi Rakhi Hub 50,37.52,30
1218,Kids & Cartoon,Silk Thread,2026,3,No,Friday,East,Online,35.5,Cash,6,Aggarwal Rakhi Store,17.82,25
2401,Kids & Cartoon,Silk Thread,2026,7,No,Wednesday,North,Local Street Vendor,30.1,UPI,2,Chopra Rakhi Hub 44,15.45,7
1325,Kids & Cartoon,Silk Thread,2026,5,Yes,Sunday,North,Online,28.7,Credit Card,13,Sharma Rakhi Hub 141,20.33,37
3712,Eco-Friendly,Sandalwood (Chandan),2026,4,No,Friday,,Local Street Vendor,34.7,Cash,11,Rastogi Rakhi Hub 231,51.02,51
247,Kids & Cartoon,Sandalwood (Chandan),2026,5,No,Friday,East,Local Street Vendor,33.9,Cash,2,Nanda Traditions,24.94,13
1595,Eco-Friendly,Sandalwood (Chandan),2026,1,No,Thursday,East,Online,33.1,UPI,7,Chopra Festive Mart,65.68,25
4812,Kids & Cartoon,Silk Thread,2026,7,No,Friday,North,Local Street Vendor,31.4,Credit Card,1,Tandon Rakhi Hub 142,15.34,8
5625,Premium & Jewelry,Sandalwood (Chandan),2026,5,nO,Thursday,North,Supermarket,32.0,Credit Card,8,Goel Rakhi Hub 221,175.48,32
924,Kids & Cartoon,Silk Thread,2026,3,nO,Tuesday,North,Supermarket,29.8,Cash,8,Saxena Rakhi Hub 227,18.24,49
5677,Premium & Jewelry,Sterling Silver,2026,7,No,Wednesday,West,Online,28.4,Credit Card,2,Chawla Rakhi Hub 201,728.23,8
1137,Kids & Cartoon,Silk Thread,2026,3,No,Thursday,West,Local Street Vendor,30.3,Cash,3,Mehra Rakhi Hub 207,16.12,14
670,Kids & Cartoon,Silk Thread,2026,1,Yes,Sunday,North,Supermarket,29.6,UPI,16,Jain Rakhi Hub 159,19.73,38
3605,Eco-Friendly,Silk Thread,2026,3,nO,Tuesday,North,Supermarket,29.4,UPI,9,Bansal Rakhi Corner,33.78,32
1911,Premium & Jewelry,Sandalwood (Chandan),2026,6,No,Tuesday,East,Local Street Vendor,35.0,Cash,2,Kapoor Gift House,179.38,8
338,Eco-Friendly,Sandalwood (Chandan),2026,2,Yes,Sunday,North,Supermarket,29.3,Cash,13,Goel Rakhi Hub 86,61.09,30
3959,Premium & Jewelry,Sterling Silver,2026,3,No,Tuesday,East,Local Street Vendor,35.7,Cash,5,Saxena Rakhi Bazaar,434.37,14
2697,Eco-Friendly,Silk Thread,2026,2,No,Tuesday,Central,Online,29.9,Cash,10,Sethi Rakhi Hub 286,31.76,30
2592,Eco-Friendly,Sterling Silver,2026,2,No,Thursday,West,Supermarket,33.3,Cash,8,Mehra Rakhi Store,152.73,24
1782,Eco-Friendly,Silk Thread,2026,5,No,Thursday,North,Local Street Vendor,33.0,UPI,5,Chawla Emporium,23.22,18
3014,Kids & Cartoon,Silk Thread,2026,1,Yes,Saturday,North,Online,33.7,UPI,16,Bhatia Rakhi Hub 266,19.47,48
2308,Kids & Cartoon,Silk Thread,2026,5,No,Tuesday,East,Local Street Vendor,35.7,UPI,2,Sharma Rakhi Hub 112,10.71,7
4792,Premium & Jewelry,Sandalwood (Chandan),2026,2,No,Thursday,West,Local Street Vendor,32.8,UPI,8,Chawla Rakhi Hub 171,135.81,23
3691,Premium & Jewelry,Sterling Silver,2026,3,yES,Saturday,North,Local Street Vendor,31.8,Cash,11,Nanda Rakhi Hub 195,581.77,28
688,Eco-Friendly,Sandalwood (Chandan),2026,7,yES,Sunday,West,Local Street Vendor,33.9,Cash,3,Chawla Rakhi Hub 93,49.51,12
613,Eco-Friendly,Sandalwood (Chandan),2026,7,No,Friday,North,Supermarket,28.9,UPI,3,Sethi Rakhi Point,63.83,9
3201,Eco-Friendly,Silk Thread,2026,7,No,Wednesday,East,Local Street Vendor,29.5,Cash,6,Mehra Rakhi Hub 275,27.7,17
2268,Kids & Cartoon,Silk Thread,2026,4,Yes,Sunday,North,Supermarket,32.5,Cash,3,Khanna Rakhi Hub 146,23.54,13
4134,Kids & Cartoon,Silk Thread,2026,7,nO,Tuesday,West,Local Street Vendor,26.7,UPI,1,Bhatia Rakhi Hub 300,14.47,5
3038,Premium & Jewelry,Sterling Silver,2026,3,No,Thursday,Central,Local Street Vendor,32.3,UPI,6,Mehra Traditions,543.44,25
1899,Premium & Jewelry,Sandalwood (Chandan),2026,4,No,Friday,East,Local Street Vendor,30.0,UPI,7,Arora Rakhi Hub 137,454.32,20
5793,Premium & Jewelry,Sterling Silver,2026,2,No,Wednesday,Central,Online,30.7,UPI,9,Chopra Rakhi Hub 233,776.11,38
259,Premium & Jewelry,Sterling Silver,2026,5,Yes,Sunday,North,Supermarket,26.6,UPI,4,Sethi Emporium,568.91,9
2925,Premium & Jewelry,Sterling Silver,2026,3,nO,Wednesday,Central,Supermarket,31.3,Cash,9,Arora Rakhi Hub 140,828.12,50
2823,Premium & Jewelry,Sterling Silver,2026,3,nO,Monday,West,Online,33.7,UPI,8,Tandon Rakhi Hub 168,727.76,24
3340,Kids & Cartoon,Silk Thread,2026,5,No,Thursday,Central,Local Street Vendor,28.5,Credit Card,2,Chawla Rakhi Hub 269,13.08,16
3526,Kids & Cartoon,Silk Thread,2026,2,No,Monday,Central,Online,31.0,UPI,7,Kapoor Rakhi Hub 270,23.58,28
4564,Eco-Friendly,Silk Thread,2026,2,No,Monday,Central,Local Street Vendor,,UPI,10,Chopra Traditions,27.0,33
2286,Premium & Jewelry,Sterling Silver,2026,2,Yes,Sunday,East,Online,25.9,Credit Card,16,Goel Rakhi Hub 86,761.48,42
4973,Kids & Cartoon,Sandalwood (Chandan),2026,3,No,Tuesday,West,Online,17.6,Credit Card,33,Goel Rakhi & Gifts,37.68,43
485,Premium & Jewelry,Sandalwood (Chandan),2026,1,Yes,Sunday,West,Supermarket,29.9,Credit Card,15,Tandon Rakhi Hub 292,228.94,40
2212,Kids & Cartoon,Sandalwood (Chandan),2026,6,No,Tuesday,West,Online,37.6,UPI,3,Sharma Rakhi Hub 172,31.5,13
4966,Premium & Jewelry,Sterling Silver,2026,6,No,Monday,Central,Online,31.7,UPI,5,Gupta Rakhi Hub 176,768.15,17
2556,Kids & Cartoon,Silk Thread,2026,7,#Yes,Sunday,,Supermarket,36.9,UPI,3,Goel Rakhi Hub 107,23.82,9
8,Eco-Friendly,Sandalwood (Chandan),2026,7,No,Monday,East,Supermarket,27.7,Credit Card,5,Rastogi Handicrafts,56.19,16
3658,Kids & Cartoon,Silk Thread,2026,3,yES,Saturday,East,Supermarket,31.7,Cash,7,Bansal Traditions,24.24,25
405,Eco-Friendly,Silk Thread,2026,3,No,Friday,West,Local Street Vendor,37.3,Cash,3,Bansal Rakhi Hub 237,27.18,17
4403,Premium & Jewelry,Sterling Silver,2026,5,No,Thursday,Central,Supermarket,26.9,UPI,12,Mehra Rakhi Hub 285,629.94,45
2427,Premium & Jewelry,Silk Thread,2026,5,No,Tuesday,West,Local Street Vendor,33.1,UPI,7,Khanna Rakhi Hub 126,86.16,22
1815,Eco-Friendly,Sandalwood (Chandan),2026,5,No,Tuesday,West,Supermarket,32.3,Cash,7,Saxena Rakhi Hub 278,61.34,27
2275,Eco-Friendly,Silk Thread,2026,3,Yes,Sunday,West,Online,30.1,Cash,43,Goel Rakhi Hub 243,37.43,33
1012,Kids & Cartoon,Sandalwood (Chandan),2026,1,No,Friday,,Online,44.1,Cash,14,Arora Rakhi Corner,28.33,63
4192,Eco-Friendly,Silk Thread,2026,3,No,Monday,West,Local Street Vendor,34.3,Cash,4,Sethi Rakhi Point,167.02,20
1068,Kids & Cartoon,Sandalwood (Chandan),2026,4,nO,Monday,East,Local Street Vendor,30.5,UPI,3,Saxena Rakhi Hub 192,27.7,14
1992,Kids & Cartoon,Sandalwood (Chandan),2026,3,Yes,Saturday,West,Supermarket,35.0,Cash,8,Nanda Rakhi Hub 96,30.6,19
3971,Eco-Friendly,Sandalwood (Chandan),2026,6,No,Tuesday,East,Local Street Vendor,31.5,Credit Card,1,Sharma Traditions,63.79,7
5695,Eco-Friendly,Sandalwood (Chandan),2026,7,No,Wednesday,North,Supermarket,28.9,UPI,3,Verma Traditions,54.59,9
2325,Premium & Jewelry,Sandalwood (Chandan),2026,3,Yes,Saturday,West,Supermarket,30.2,Cash,7,Tandon Traditions,196.52,19
3868,Premium & Jewelry,Silk Thread,2026,4,No,Monday,Central,Local Street Vendor,30.6,Cash,22,Arora Rakhi Hub 210,67.59,135
2854,Kids & Cartoon,Silk Thread,2026,7,Yes,Saturday,Central,Online,33.9,Cash,2,Malhotra Rakhi Bazaar,18.02,5
3049,Eco-Friendly,Sandalwood (Chandan),2026,7,No,Wednesday,West,Supermarket,31.7,Credit Card,5,Tandon Handicrafts,61.72,17
782,Eco-Friendly,Sandalwood (Chandan),2026,3,No,Tuesday,North,Supermarket,34.4,Credit Card,6,Chawla Rakhi Store,69.03,19
4827,Premium & Jewelry,Sterling Silver,2026,7,No,Tuesday,North,Online,30.7,UPI,4,Goel Handicrafts,571.23,13
1750,Kids & Cartoon,Silk Thread,2026,3,No,Tuesday,Central,Local Street Vendor,37.1,Cash,6,Rastogi Rakhi Hub 5,11.81,20
2792,Premium & Jewelry,Sandalwood (Chandan),2026,7,Yes,Sunday,North,Supermarket,33.5,Cash,3,Malhotra Rakhi Hub 38,235.01,10
1092,Kids & Cartoon,Silk Thread,2026,6,No,Tuesday,East,Online,36.8,Cash,2,Goel Rakhi Hub 239,23.58,6
5534,Kids & Cartoon,Silk Thread,2026,1,Yes,Saturday,Central,Local Street Vendor,35.1,UPI,10,Chawla Rakhi Hub 48,13.67,29
1825,Eco-Friendly,Sandalwood (Chandan),2026,7,Yes,Sunday,West,Supermarket,29.6,Credit Card,5,Chawla Rakhi Hub 125,58.99,13
1866,Eco-Friendly,Sandalwood (Chandan),2026,4,No,Friday,East,Online,31.0,Credit Card,13,Aggarwal Rakhi Hub 90,86.35,66
5870,Premium & Jewelry,Sterling Silver,2026,7,No,Monday,West,Online,31.1,UPI,1,Khanna Rakhi Hub 184,616.78,7
2609,Kids & Cartoon,Silk Thread,2026,2,No,Monday,East,Supermarket,32.6,Cash,6,Malhotra Traditions,16.24,18
3349,Eco-Friendly,Sandalwood (Chandan),2026,3,Yes,Saturday,Central,Local Street Vendor,32.9,Credit Card,65,Jain Rakhi Hub 135,50.58,162
2291,Eco-Friendly,Sandalwood (Chandan),2026,5,No,Friday,North,Online,37.5,UPI,1,Mehra Rakhi Hub 275,67.43,8
1728,Eco-Friendly,Silk Thread,2026,2,#Yes,Sunday,North,Supermarket,23.9,Cash,3,Chopra Gift House,40.64,8
611,Kids & Cartoon,Silk Thread,2026,1,Yes,Sunday,Central,Local Street Vendor,22.0,Cash,38,Tandon Rakhi & Gifts,11.87,89
4667,Eco-Friendly,Silk Thread,2026,5,No,Wednesday,North,Supermarket,29.7,Cash,2,Goel Rakhi Bazaar,25.51,15
344,Kids & Cartoon,Silk Thread,2026,6,Yes,Saturday,East,Local Street Vendor,29.2,Cash,2,Arora Rakhi Hub 114,14.24,10
5599,Kids & Cartoon,Silk Thread,2026,7,No,Tuesday,East,Local Street Vendor,32.6,Cash,3,Bansal Rakhi & Gifts,14.68,10
1795,Eco-Friendly,Sandalwood (Chandan),2026,1,No,Thursday,Central,Online,37.8,UPI,4,Goel Rakhi Hub 52,73.06,19
3751,Premium & Jewelry,Sandalwood (Chandan),2026,1,Yes,Saturday,Central,Online,30.5,Cash,6,Sethi Emporium,273.37,33
4244,Kids & Cartoon,Silk Thread,2026,2,No,Tuesday,East,Supermarket,29.1,Credit Card,5,Jain Rakhi Hub 39,17.31,24
2871,Kids & Cartoon,Silk Thread,2026,2,No,Friday,West,Local Street Vendor,32.1,Credit Card,16,Jain Rakhi Hub 177,13.09,69
3216,Eco-Friendly,Sandalwood (Chandan),2026,7,No,Thursday,West,Online,33.7,Cash,3,Rastogi Rakhi Hub 224,57.17,13
98,Premium & Jewelry,Sterling Silver,2026,4,No,Monday,East,Local Street Vendor,31.2,Cash,10,Khanna Rakhi Hub 132,585.91,36
5034,Kids & Cartoon,Silk Thread,2026,5,Yes,Saturday,West,Local Street Vendor,34.2,Cash,6,Goel Rakhi Hub 277,12.39,16
1538,Eco-Friendly,Sandalwood (Chandan),2026,5,nO,Tuesday,North,Local Street Vendor,32.4,Cash,3,Goel Rakhi Hub 105,46.86,16
3589,Eco-Friendly,Sandalwood (Chandan),2026,3,Yes,Saturday,West,Supermarket,34.9,UPI,6,Sethi Handicrafts,57.54,20
3649,Premium & Jewelry,Sterling Silver,2026,1,Yes,Saturday,North,Supermarket,33.5,Cash,11,Khanna Rakhi Corner,633.56,49
1185,Premium & Jewelry,Sterling Silver,2026,3,#Yes,Sunday,East,Local Street Vendor,31.6,Cash,13,Khanna Emporium,496.23,32
4959,Kids & Cartoon,Silk Thread,2026,5,Yes,Saturday,West,Online,23.2,Credit Card,4,Jain Rakhi Bazaar,14.8,20
1518,Eco-Friendly,Sandalwood (Chandan),2026,3,nO,Wednesday,North,Local Street Vendor,34.8,Cash,3,Chawla Rakhi Hub 186,37.16,18
1343,Kids & Cartoon,Silk Thread,2026,4,Yes,Sunday,East,Local Street Vendor,28.3,Credit Card,15,Mehra Rakhi Hub 16,13.0,61
4625,Premium & Jewelry,Sterling Silver,2026,2,Yes,Sunday,East,Online,27.3,UPI,45,Kapoor Rakhi Hub 118,785.54,144
4273,Eco-Friendly,Sandalwood (Chandan),2026,4,nO,Wednesday,North,Local Street Vendor,28.5,Cash,8,Chawla Rakhi Hub 48,45.83,25
3670,Kids & Cartoon,Silk Thread,2026,6,No,Monday,Central,Supermarket,33.9,UPI,2,Kapoor Rakhi Hub 31,18.28,10
2091,Kids & Cartoon,Silk Thread,2026,2,yES,Sunday,North,Local Street Vendor,33.7,Cash,7,Bhatia Rakhi Hub 3,9.44,17
573,Kids & Cartoon,Silk Thread,2026,3,yES,Saturday,East,Supermarket,28.8,Credit Card,13,Bansal Rakhi Hub 134,19.86,35
3496,Eco-Friendly,Silk Thread,2026,4,No,Friday,North,Online,36.4,Credit Card,4,Mehra Rakhi Hub 209,48.12,11
4266,Kids & Cartoon,Silk Thread,2026,6,No,Thursday,Central,Online,32.4,Cash,3,Verma Rakhi Hub 92,20.62,9
3237,Eco-Friendly,Sandalwood (Chandan),2026,4,nO,Wednesday,North,Local Street Vendor,34.8,Cash,3,Gupta Handicrafts,47.33,10
3063,Premium & Jewelry,Sterling Silver,2026,4,No,Tuesday,North,Online,34.7,UPI,30,Chawla Handicrafts,671.91,36
5077,Kids & Cartoon,Silk Thread,2026,5,Yes,Saturday,Central,Supermarket,30.5,Cash,7,Sethi Festive Mart,13.53,17
5886,Premium & Jewelry,Sterling Silver,2026,5,#Yes,Sunday,Central,Supermarket,30.7,Cash,4,Tandon Rakhi Hub 163,635.79,15
5847,Eco-Friendly,Sandalwood (Chandan),2026,1,No,Monday,East,Local Street Vendor,31.7,Credit Card,6,Bansal Rakhi Hub 260,58.19,24
5590,Kids & Cartoon,Silk Thread,2026,3,#Yes,Sunday,West,Supermarket,31.2,UPI,4,Rastogi Rakhi Hub 298,17.8,13
5360,Eco-Friendly,Silk Thread,2026,5,No,Wednesday,North,Local Street Vendor,38.6,Credit Card,4,Khanna Rakhi & Gifts,21.97,15
4480,Eco-Friendly,Sandalwood (Chandan),2026,1,No,Tuesday,East,Online,29.6,UPI,16,Chopra Rakhi Hub 241,65.55,62
371,Eco-Friendly,Sandalwood (Chandan),2026,7,No,Tuesday,West,Online,39.3,Cash,5,Bhatia Rakhi Hub 2,96.39,27
1939,Premium & Jewelry,Sterling Silver,2026,5,No,Friday,Central,Supermarket,35.9,Cash,8,Nanda Rakhi Hub 279,766.63,28
5667,Premium & Jewelry,Silk Thread,2026,1,No,Wednesday,North,Online,36.6,UPI,4,Chopra Rakhi Hub 233,126.52,18
5377,Premium & Jewelry,Sandalwood (Chandan),2026,1,No,Tuesday,Central,Local Street Vendor,37.3,Credit Card,5,Saxena Rakhi & Gifts,167.56,25
3671,Kids & Cartoon,Silk Thread,2026,3,nO,Wednesday,North,Local Street Vendor,29.9,UPI,3,Saxena Rakhi Hub 49,71.11,18
3653,Kids & Cartoon,Silk Thread,2026,1,No,Tuesday,West,Local Street Vendor,26.6,UPI,4,Tandon Traditions,11.68,28
2362,Premium & Jewelry,Sandalwood (Chandan),2026,4,#Yes,Sunday,West,Local Street Vendor,36.9,Cash,18,Jain Emporium,147.57,46
4261,Eco-Friendly,Sandalwood (Chandan),2026,3,No,Wednesday,Central,Local Street Vendor,34.4,UPI,5,Mehra Rakhi Corner,55.68,21
2075,Kids & Cartoon,Sandalwood (Chandan),2026,6,nO,Tuesday,North,Local Street Vendor,30.6,Cash,3,Aggarwal Rakhi Hub 144,25.75,14
1333,Kids & Cartoon,Silk Thread,2026,2,nO,Thursday,Central,Online,37.9,Cash,33,Mehra Rakhi Bazaar,15.84,129
3738,Eco-Friendly,Silk Thread,2026,1,No,Tuesday,West,Supermarket,28.5,Credit Card,4,Sethi Rakhi Hub 10,29.61,26
4937,Kids & Cartoon,Silk Thread,2026,5,No,Thursday,North,Online,36.0,UPI,4,Aggarwal Rakhi Hub 162,25.12,24
5524,Kids & Cartoon,Sterling Silver,2026,4,yES,Sunday,Central,Local Street Vendor,28.2,Cash,5,Khanna Rakhi Hub 188,89.77,13
5557,Kids & Cartoon,Silk Thread,2026,2,Yes,Saturday,East,Online,31.4,Credit Card,8,Nanda Rakhi Store,27.03,25
1172,Eco-Friendly,Sandalwood (Chandan),2026,3,Yes,Saturday,East,Local Street Vendor,30.0,UPI,1,Chawla Rakhi Bazaar,59.54,5
5869,Premium & Jewelry,Sterling Silver,2026,5,Yes,Saturday,East,Local Street Vendor,40.4,UPI,2,Saxena Rakhi Hub 294,480.76,14
1423,Kids & Cartoon,Silk Thread,2026,4,No,Wednesday,West,Local Street Vendor,32.1,Cash,21,Verma Rakhi Store,15.63,28
2936,Kids & Cartoon,Sandalwood (Chandan),2026,6,No,Wednesday,North,Supermarket,24.9,UPI,4,Malhotra Traditions,36.38,13
5733,Kids & Cartoon,Sandalwood (Chandan),2026,5,No,Wednesday,Central,Supermarket,34.2,Credit Card,8,Nanda Rakhi Hub 279,35.85,27
5262,Kids & Cartoon,Silk Thread,2026,2,Yes,Sunday,North,Supermarket,38.3,UPI,10,Gupta Rakhi Hub 152,15.06,36
875,Eco-Friendly,Silk Thread,2026,6,No,Tuesday,East,Local Street Vendor,35.3,Cash,1,Jain Gift House,28.63,7
2298,Premium & Jewelry,Sterling Silver,2026,4,No,Friday,Central,Supermarket,33.9,Cash,3,Arora Rakhi Bazaar,903.12,17
2644,Eco-Friendly,Sandalwood (Chandan),2026,1,No,Monday,West,Online,39.6,Cash,5,Nanda Rakhi Corner,71.3,28
3346,Kids & Cartoon,Silk Thread,2026,2,Yes,Saturday,North,Supermarket,31.7,Credit Card,15,Bhatia Rakhi & Gifts,17.41,67
841,Premium & Jewelry,Silk Thread,2026,7,No,Friday,West,Online,40.0,Credit Card,1,Sharma Rakhi Hub 185,135.56,5
582,Kids & Cartoon,Silk Thread,2026,5,yES,Sunday,Central,Online,36.0,Credit Card,10,Gupta Rakhi Point,19.11,23
205,Premium & Jewelry,Sterling Silver,2026,7,#Yes,Saturday,West,Supermarket,35.1,Cash,5,Sethi Rakhi Bazaar,770.15,15
1642,Premium & Jewelry,Sandalwood (Chandan),2026,2,No,Wednesday,East,Supermarket,28.6,Credit Card,6,Sethi Rakhi Hub 160,203.05,32
2015,Kids & Cartoon,Sterling Silver,2026,2,No,Tuesday,West,Supermarket,31.6,Cash,10,Khanna Rakhi Hub 126,114.83,47
3254,Kids & Cartoon,Silk Thread,2026,6,Yes,Sunday,Central,Online,23.5,Cash,4,Arora Rakhi Corner,22.61,12
3678,Kids & Cartoon,Silk Thread,2026,4,yES,Saturday,East,Local Street Vendor,28.5,Cash,3,Sethi Rakhi Hub 22,13.15,11
906,Kids & Cartoon,Silk Thread,2026,5,Yes,Saturday,East,Local Street Vendor,32.0,Cash,2,Nanda Rakhi Hub 21,12.61,6
632,Eco-Friendly,Silk Thread,2026,3,No,Thursday,North,Supermarket,30.9,Credit Card,4,Kapoor Rakhi Hub 66,138.74,12
5681,Eco-Friendly,Sandalwood (Chandan),2026,3,No,Wednesday,,Local Street Vendor,34.6,Cash,4,Chopra Rakhi Hub 153,44.31,16
385,Kids & Cartoon,Silk Thread,2026,5,Yes,Sunday,West,Supermarket,28.3,Cash,10,Khanna Rakhi Hub 126,15.07,28
1975,Premium & Jewelry,Silk Thread,2026,6,No,Thursday,North,Local Street Vendor,31.0,UPI,4,Bansal Rakhi Hub 274,82.24,14
163,Premium & Jewelry,Sterling Silver,2026,2,No,Friday,Central,Local Street Vendor,,Cash,22,Sharma Rakhi Bazaar,414.26,70
5467,Eco-Friendly,Sandalwood (Chandan),2026,6,No,Tuesday,West,Supermarket,31.4,Credit Card,5,Aggarwal Rakhi Hub 284,68.93,26
5110,Eco-Friendly,Sandalwood (Chandan),2026,5,Yes,Sunday,North,Online,32.5,UPI,3,Bansal Rakhi Hub 106,48.72,9
5098,Kids & Cartoon,Silk Thread,2026,1,Yes,Sunday,North,Online,29.3,Cash,8,Jain Rakhi Hub 223,19.57,36
4714,Eco-Friendly,Silk Thread,2026,2,yES,Saturday,Central,Supermarket,31.6,UPI,10,Bansal Traditions,38.83,47
876,Eco-Friendly,Sandalwood (Chandan),2026,1,No,Monday,North,Local Street Vendor,27.5,Cash,8,Bansal Traditions,44.85,22
1432,Kids & Cartoon,Silk Thread,2026,2,#Yes,Sunday,West,Local Street Vendor,28.9,Credit Card,3,Mehra Rakhi Hub 6,16.08,10
4644,Premium & Jewelry,Sandalwood (Chandan),2026,5,Yes,Sunday,,Supermarket,34.9,Cash,8,Chawla Rakhi Hub 94,242.45,28
540,Eco-Friendly,Sandalwood (Chandan),2026,2,No,Friday,Central,Online,27.0,Cash,12,Arora Rakhi Hub 220,61.3,52
5004,Premium & Jewelry,Sandalwood (Chandan),2026,7,yES,Sunday,East,Supermarket,36.5,Cash,2,Kapoor Traditions,163.85,11
5420,Kids & Cartoon,Sandalwood (Chandan),2026,5,nO,Wednesday,East,Online,32.0,Credit Card,20,Bansal Rakhi Hub 134,31.34,20
2857,Kids & Cartoon,Silk Thread,2026,2,nO,Monday,East,Online,36.3,Cash,9,Bhatia Rakhi Hub 204,74.12,13
1862,Eco-Friendly,Sterling Silver,2026,4,No,Friday,West,Supermarket,27.5,Cash,17,Malhotra Rakhi & Gifts,165.88,55
2660,Premium & Jewelry,Sterling Silver,2026,4,Yes,Sunday,East,Local Street Vendor,34.4,Cash,3,Chawla Rakhi Hub 201,528.91,8
3385,Premium & Jewelry,Sterling Silver,2026,1,nO,Wednesday,East,Supermarket,32.9,Cash,8,Nanda Handicrafts,722.26,41
3191,Premium & Jewelry,Sterling Silver,2026,6,No,Friday,,Local Street Vendor,25.7,Cash,4,Sethi Emporium,534.8,13
4136,Premium & Jewelry,Sterling Silver,2026,6,No,Thursday,Central,Local Street Vendor,31.9,UPI,2,Rastogi Traditions,414.82,8
3487,Kids & Cartoon,Silk Thread,2026,7,No,Monday,Central,Local Street Vendor,36.9,Cash,3,Khanna Rakhi Hub 164,15.13,16
4734,Premium & Jewelry,Sandalwood (Chandan),2026,7,No,Friday,East,Supermarket,34.8,Credit Card,2,Kapoor Gift House,219.12,7
3332,Premium & Jewelry,Sterling Silver,2026,3,No,Monday,North,Local Street Vendor,28.3,UPI,5,Mehra Rakhi & Gifts,425.39,22
3021,Kids & Cartoon,Silk Thread,2026,4,No,Friday,Central,Online,35.2,Cash,9,Mehra Rakhi Bazaar,15.25,44
4556,Eco-Friendly,Sandalwood (Chandan),2026,2,Yes,Saturday,North,Local Street Vendor,28.3,UPI,8,Arora Rakhi & Gifts,51.03,26
5584,Eco-Friendly,Sandalwood (Chandan),2026,6,Yes,Sunday,West,Local Street Vendor,35.3,UPI,2,Mehra Rakhi Hub 209,62.89,7
2097,Premium & Jewelry,Sterling Silver,2026,5,yES,Sunday,North,Online,,Credit Card,8,Aggarwal Rakhi Hub 162,869.0,29
2004,Kids & Cartoon,Sterling Silver,2026,5,No,Friday,East,Local Street Vendor,29.1,UPI,2,Jain Rakhi Corner,72.56,14
5522,Premium & Jewelry,Sterling Silver,2026,3,yES,Saturday,North,Supermarket,28.8,Cash,7,Malhotra Rakhi Hub 4,738.94,34
547,Kids & Cartoon,Silk Thread,2026,2,No,Monday,Central,Online,29.5,Credit Card,13,Nanda Rakhi Bazaar,19.05,78
1450,Premium & Jewelry,Sterling Silver,2026,1,Yes,Sunday,Central,Local Street Vendor,38.0,Cash,11,Nanda Rakhi Hub 229,580.79,48
5551,Premium & Jewelry,Sterling Silver,2026,7,Yes,Saturday,East,Local Street Vendor,37.2,UPI,3,Jain Rakhi Hub 87,709.83,14
2611,Eco-Friendly,Silk Thread,2026,5,#Yes,Saturday,West,Local Street Vendor,29.8,UPI,2,Chopra Rakhi Hub 248,24.13,10
1901,Kids & Cartoon,Silk Thread,2026,7,Yes,Sunday,Central,Supermarket,33.4,Cash,6,Tandon Traditions,13.65,18
3235,Premium & Jewelry,Sterling Silver,2026,3,nO,Monday,East,Local Street Vendor,29.7,Credit Card,9,Arora Rakhi Hub 114,394.78,26
2758,Kids & Cartoon,Silk Thread,2026,6,No,Friday,North,Local Street Vendor,30.9,UPI,4,Gupta Rakhi Hub 299,14.24,25
1886,Kids & Cartoon,Silk Thread,2026,5,Yes,Sunday,North,Supermarket,33.2,Credit Card,9,Aggarwal Rakhi Point,17.94,30
295,Eco-Friendly,Silk Thread,2026,6,No,Friday,West,Supermarket,29.6,Cash,2,Chawla Rakhi Hub 269,28.78,11
2098,Kids & Cartoon,Silk Thread,2026,7,No,Monday,West,Supermarket,36.6,UPI,3,Rastogi Traditions,21.65,9
5638,Eco-Friendly,Sandalwood (Chandan),2026,4,#Yes,Sunday,North,Online,32.9,Cash,10,Chawla Rakhi Corner,72.49,37
3450,Eco-Friendly,Sandalwood (Chandan),2026,6,#Yes,Sunday,East,Supermarket,31.8,UPI,4,Saxena Emporium,59.67,13
837,Eco-Friendly,Silk Thread,2026,7,Yes,Saturday,East,Local Street Vendor,31.1,UPI,1,Saxena Rakhi Hub 192,28.13,4
3472,Kids & Cartoon,Silk Thread,2026,6,nO,Friday,North,Local Street Vendor,29.2,Cash,2,Rastogi Emporium,12.12,7
4698,Kids & Cartoon,Silk Thread,2026,7,yES,Saturday,Central,Online,29.1,Cash,3,Bhatia Handicrafts,21.23,7
2301,Eco-Friendly,Sandalwood (Chandan),2026,2,Yes,Sunday,East,Supermarket,33.9,UPI,11,Khanna Rakhi Point,71.14,29
2172,Premium & Jewelry,Sterling Silver,2026,6,No,Tuesday,North,Supermarket,34.3,Cash,4,Jain Rakhi Hub 253,645.29,17
672,Kids & Cartoon,Silk Thread,2026,4,Yes,Saturday,Central,Online,30.5,Cash,6,Chawla Emporium,17.73,21
771,Premium & Jewelry,Sterling Silver,2026,4,No,Monday,West,Local Street Vendor,31.4,Cash,9,Chopra Rakhi Hub 156,390.23,26
399,Kids & Cartoon,Silk Thread,2026,5,No,Tuesday,Central,Local Street Vendor,36.9,Cash,1,Chopra Handicrafts,13.21,7
2011,Premium & Jewelry,Sandalwood (Chandan),2026,6,Yes,Sunday,Central,Online,34.5,UPI,3,Goel Rakhi Hub 221,211.6,9
4689,Eco-Friendly,Sandalwood (Chandan),2026,3,Yes,Sunday,East,Local Street Vendor,23.0,Credit Card,4,Jain Rakhi Hub 119,51.11,20
1284,Kids & Cartoon,Silk Thread,2026,4,No,Thursday,West,Local Street Vendor,32.9,Credit Card,2,Goel Rakhi Bazaar,13.88,14
5647,Kids & Cartoon,Silk Thread,2026,3,No,Wednesday,West,Local Street Vendor,28.8,Cash,7,Bhatia Rakhi Hub 290,12.24,44
5853,Premium & Jewelry,Sterling Silver,2026,3,No,Monday,North,Supermarket,34.7,Cash,5,Bhatia Rakhi Corner,664.72,30
4257,Premium & Jewelry,Sandalwood (Chandan),2026,3,Yes,Sunday,West,Supermarket,28.6,Cash,7,Bansal Traditions,186.11,29
1837,Premium & Jewelry,Sterling Silver,2026,7,No,Monday,East,Online,37.5,Cash,5,Sethi Festive Mart,768.72,20
1020,Kids & Cartoon,Silk Thread,2026,5,No,Friday,West,Supermarket,30.6,Credit Card,7,Sethi Rakhi Hub 22,16.86,29
1327,Kids & Cartoon,Sandalwood (Chandan),2026,1,nO,Friday,West,Online,28.7,UPI,6,Verma Traditions,40.08,32
5007,Eco-Friendly,Sandalwood (Chandan),2026,7,nO,Thursday,East,Local Street Vendor,32.2,UPI,2,Sharma Rakhi Hub 172,50.71,10
476,Kids & Cartoon,Silk Thread,2026,2,No,Thursday,West,Online,35.0,Cash,14,Bhatia Rakhi Hub 266,19.95,47
2811,Premium & Jewelry,Sandalwood (Chandan),2026,1,No,Monday,East,Supermarket,29.4,Cash,16,Sethi Rakhi & Gifts,172.56,47
3172,Kids & Cartoon,Silk Thread,2026,7,nO,Thursday,West,Online,30.1,Cash,2,Rastogi Rakhi & Gifts,19.85,10
1652,Premium & Jewelry,Sterling Silver,2026,6,No,Friday,West,Local Street Vendor,31.8,Credit Card,3,Goel Festive Mart,486.33,20
3364,Kids & Cartoon,Silk Thread,2026,2,No,Friday,West,Supermarket,35.3,Cash,95,Aggarwal Rakhi Hub 284,19.7,76
1332,Kids & Cartoon,Silk Thread,2026,4,No,Tuesday,West,Local Street Vendor,31.4,Credit Card,10,Verma Handicrafts,11.87,29
2529,Eco-Friendly,Sandalwood (Chandan),2026,5,nO,Friday,Central,Online,28.5,Cash,4,Mehra Rakhi Hub 285,58.29,19
1207,Kids & Cartoon,Silk Thread,2026,6,nO,Monday,North,Supermarket,27.0,Cash,6,Sethi Rakhi Hub 22,17.86,22
5207,Premium & Jewelry,Sterling Silver,2026,2,No,Tuesday,East,Online,31.5,Cash,5,Kapoor Rakhi Store,628.76,21
1864,Kids & Cartoon,Silk Thread,2026,5,Yes,Saturday,West,Local Street Vendor,32.3,Cash,4,Khanna Rakhi & Gifts,12.06,11
2694,Eco-Friendly,Sterling Silver,2026,6,No,Tuesday,North,Online,28.9,Cash,3,Saxena Rakhi Hub 262,215.32,13
5399,Kids & Cartoon,Silk Thread,2026,2,yES,Saturday,North,Local Street Vendor,38.5,Cash,4,Saxena Rakhi & Gifts,11.3,20
868,Eco-Friendly,Sterling Silver,2026,7,yES,Saturday,West,Local Street Vendor,29.0,UPI,3,Gupta Rakhi Hub 68,770.94,9
2975,Kids & Cartoon,Silk Thread,2026,7,No,Tuesday,East,Local Street Vendor,29.6,UPI,1,Khanna Emporium,12.22,4
542,Kids & Cartoon,Silk Thread,2026,7,No,Friday,East,Online,34.3,Credit Card,2,Tandon Rakhi Hub 60,25.24,12
1133,Premium & Jewelry,Sterling Silver,2026,1,Yes,Sunday,Central,Supermarket,33.5,Cash,9,Sharma Rakhi Hub 78,691.62,29
1248,Premium & Jewelry,Sterling Silver,2026,5,Yes,Saturday,Central,Supermarket,,Credit Card,4,Jain Rakhi Hub 135,644.27,9
2873,Premium & Jewelry,Sterling Silver,2026,5,#Yes,Saturday,North,Supermarket,32.4,UPI,4,Gupta Rakhi Hub 297,732.11,16
3391,Premium & Jewelry,Sterling Silver,2026,1,Yes,Sunday,West,Online,32.0,Credit Card,19,Goel Rakhi Hub 208,702.02,53
5759,Premium & Jewelry,Sterling Silver,2026,5,yES,Saturday,East,Supermarket,34.1,Cash,6,Chopra Rakhi Hub 241,588.27,13
2963,Premium & Jewelry,Silk Thread,2026,4,No,Thursday,West,Supermarket,30.8,UPI,9,Saxena Handicrafts,103.09,30
4156,Premium & Jewelry,Sterling Silver,2026,3,No,Tuesday,West,Supermarket,36.6,Credit Card,7,Gupta Rakhi Corner,686.2,26
3260,Premium & Jewelry,Sterling Silver,2026,4,No,Monday,Central,Local Street Vendor,26.3,UPI,3,Sharma Rakhi Hub 136,522.69,12
5201,Premium & Jewelry,Silk Thread,2026,7,yES,Saturday,,Local Street Vendor,31.4,Credit Card,1,Bhatia Rakhi Hub 290,80.6,5
5792,Kids & Cartoon,Silk Thread,2026,7,No,Friday,East,Online,35.7,Credit Card,3,Bansal Traditions,16.67,10
2584,Premium & Jewelry,Sterling Silver,2026,4,Yes,Saturday,Central,Supermarket,28.0,Cash,14,Nanda Rakhi Hub 279,648.65,48
2814,Premium & Jewelry,Sandalwood (Chandan),2026,2,No,Monday,West,Supermarket,34.1,Credit Card,6,Bhatia Rakhi Hub 29,185.83,38
4738,Premium & Jewelry,Sterling Silver,2026,7,No,Monday,West,Supermarket,33.4,UPI,5,Chawla Rakhi Hub 94,690.54,17
1907,Kids & Cartoon,Silk Thread,2026,6,No,Monday,Central,Local Street Vendor,28.5,Cash,2,Aggarwal Festive Mart,15.09,11
5514,Kids & Cartoon,Silk Thread,2026,2,Yes,Sunday,East,Online,29.9,Cash,13,Goel Festive Mart,18.21,41
3587,Kids & Cartoon,Silk Thread,2026,2,Yes,Sunday,,Supermarket,31.4,Cash,13,Arora Rakhi Hub 218,15.14,51
1888,Premium & Jewelry,Sterling Silver,2026,6,No,Tuesday,West,Online,29.0,Cash,3,Mehra Rakhi Hub 209,533.21,10
5242,Premium & Jewelry,Sterling Silver,2026,5,#Yes,Saturday,,Supermarket,27.6,Cash,4,Arora Emporium,732.02,15
250,Kids & Cartoon,Silk Thread,2026,7,yES,Saturday,North,Supermarket,28.1,Credit Card,3,Chopra Rakhi Hub 44,16.27,11
2631,Premium & Jewelry,Sterling Silver,2026,1,No,Wednesday,West,Supermarket,34.9,Cash,8,Arora Rakhi Hub 46,751.41,32
4496,Kids & Cartoon,Silk Thread,2026,3,No,Friday,,Online,28.7,Credit Card,4,Kapoor Rakhi Hub 31,20.9,22
5107,Premium & Jewelry,Silk Thread,2026,6,No,Tuesday,North,Supermarket,34.6,UPI,2,Arora Rakhi Hub 220,95.42,14
1081,Premium & Jewelry,Sandalwood (Chandan),2026,2,yES,Sunday,West,Online,31.6,Credit Card,15,Saxena Rakhi Hub 278,201.84,39
4284,Premium & Jewelry,Sandalwood (Chandan),2026,2,Yes,Sunday,North,Online,29.7,Cash,11,Saxena Rakhi Hub 252,257.02,41
2086,Premium & Jewelry,Sandalwood (Chandan),2026,1,nO,Thursday,North,Local Street Vendor,36.7,Cash,5,Goel Rakhi Hub 221,176.08,15
2453,Kids & Cartoon,Silk Thread,2026,7,No,Tuesday,Central,Local Street Vendor,32.6,Cash,3,Verma Emporium,13.48,10
4967,Kids & Cartoon,Silk Thread,2026,5,No,Wednesday,West,Online,29.7,UPI,4,Sharma Rakhi Hub 78,22.56,16
2024,Premium & Jewelry,Sterling Silver,2026,5,No,Tuesday,North,Local Street Vendor,29.2,Cash,1,Rastogi Rakhi Hub 143,649.25,6
5816,Eco-Friendly,Sandalwood (Chandan),2026,1,No,Thursday,Central,Local Street Vendor,32.2,UPI,4,Chopra Rakhi Store,44.96,22
1723,Eco-Friendly,Silk Thread,2026,7,No,Friday,West,Online,35.7,Credit Card,12,Arora Rakhi Hub 219,42.12,44
227,Premium & Jewelry,Sterling Silver,2026,3,Yes,Saturday,West,Local Street Vendor,30.6,Cash,3,Rastogi Handicrafts,417.42,8
1014,Eco-Friendly,Sandalwood (Chandan),2026,5,Yes,Sunday,,Supermarket,37.3,Cash,1,Sharma Festive Mart,73.98,3
1930,Kids & Cartoon,Silk Thread,2026,4,Yes,Sunday,Central,Local Street Vendor,24.5,Cash,8,Bhatia Rakhi Hub 3,14.8,33
5651,Eco-Friendly,Sandalwood (Chandan),2026,3,Yes,Saturday,North,Local Street Vendor,28.6,Cash,5,Bansal Rakhi Hub 124,42.6,26
1405,Premium & Jewelry,Sterling Silver,2026,2,nO,Friday,West,Local Street Vendor,29.9,Cash,3,Saxena Rakhi Hub 9,477.0,22
2180,Eco-Friendly,Sandalwood (Chandan),2026,6,yES,Saturday,East,Local Street Vendor,31.3,Credit Card,4,Arora Rakhi Hub 220,47.45,10
698,Kids & Cartoon,Silk Thread,2026,7,Yes,Saturday,Central,Online,30.5,UPI,3,Nanda Handicrafts,23.71,6
1125,Kids & Cartoon,Silk Thread,2026,7,No,Monday,,Local Street Vendor,34.9,Cash,3,Saxena Rakhi Hub 17,11.66,9
3896,Kids & Cartoon,Silk Thread,2026,1,No,Tuesday,West,Local Street Vendor,34.9,Credit Card,5,Khanna Rakhi Hub 293,10.71,19
1779,Kids & Cartoon,Silk Thread,2026,4,No,Friday,North,Local Street Vendor,36.0,UPI,2,Sharma Rakhi Hub 141,12.56,10
5113,Eco-Friendly,Silk Thread,2026,6,No,Thursday,East,Supermarket,28.6,Credit Card,4,Bansal Rakhi Hub 106,30.84,22
2635,Kids & Cartoon,Silk Thread,2026,7,No,Thursday,East,Local Street Vendor,32.0,Cash,1,Aggarwal Emporium,13.48,3
3490,Kids & Cartoon,Sandalwood (Chandan),2026,4,Yes,Sunday,West,Local Street Vendor,30.8,Cash,3,Khanna Rakhi Hub 184,26.68,8
1038,Kids & Cartoon,Silk Thread,2026,1,#Yes,Sunday,West,Local Street Vendor,32.1,Cash,2,Sethi Handicrafts,11.67,9
2257,Eco-Friendly,Sandalwood (Chandan),2026,1,No,Monday,West,Supermarket,31.5,Cash,12,Tandon Gift House,81.35,38
5362,Premium & Jewelry,Sterling Silver,2026,7,Yes,Saturday,Central,Supermarket,30.7,Cash,3,Verma Gift House,653.15,6
2,Kids & Cartoon,Silk Thread,2026,4,yES,Saturday,North,Local Street Vendor,26.2,Cash,6,Bhatia Emporium,12.45,16
314,Kids & Cartoon,Silk Thread,2026,6,nO,Monday,East,Supermarket,27.1,UPI,4,Sharma Rakhi Hub 185,14.9,18
2650,Eco-Friendly,Sandalwood (Chandan),2026,5,No,Friday,North,Local Street Vendor,33.4,Cash,12,Kapoor Handicrafts,51.13,46
2282,Premium & Jewelry,Sterling Silver,2026,5,No,Monday,Central,Online,36.3,UPI,4,Mehra Rakhi Hub 148,683.45,18
2508,Eco-Friendly,Silk Thread,2026,2,Yes,Saturday,East,Online,39.4,Cash,91,Bansal Rakhi Point,50.93,282
2548,Premium & Jewelry,Sterling Silver,2026,2,No,Friday,North,Supermarket,38.3,Cash,10,Arora Rakhi Hub 140,632.06,37
2160,Premium & Jewelry,Sterling Silver,2026,7,nO,Monday,East,Online,35.0,Cash,3,Saxena Festive Mart,901.11,13
3138,Premium & Jewelry,Sterling Silver,2026,3,No,Monday,East,Local Street Vendor,30.0,UPI,6,Rastogi Rakhi Corner,664.79,19
1366,Kids & Cartoon,Silk Thread,2026,1,Yes,Sunday,East,Local Street Vendor,31.8,Cash,5,Mehra Rakhi Hub 246,12.89,12
3968,Premium & Jewelry,Sterling Silver,2026,5,No,Monday,West,Local Street Vendor,27.9,Cash,3,Jain Rakhi Hub 119,401.85,17
1429,Eco-Friendly,Sandalwood (Chandan),2026,5,Yes,Saturday,North,Supermarket,34.9,Cash,5,Saxena Rakhi Hub 255,72.95,17
5684,Kids & Cartoon,Sandalwood (Chandan),2026,3,No,Thursday,East,Online,31.8,Credit Card,5,Rastogi Rakhi & Gifts,43.17,18
2521,Premium & Jewelry,Sterling Silver,2026,2,No,Tuesday,Central,Local Street Vendor,33.0,UPI,5,Aggarwal Rakhi Hub 90,601.32,19
5149,Eco-Friendly,Silk Thread,2026,2,yES,Sunday,West,Local Street Vendor,29.5,Cash,5,Gupta Rakhi Hub 187,26.01,23
3966,Premium & Jewelry,Sterling Silver,2026,6,No,Thursday,East,Online,33.0,Cash,5,Khanna Rakhi Hub 85,794.66,15
5921,Kids & Cartoon,Silk Thread,2026,1,No,Monday,Central,Local Street Vendor,35.3,Cash,10,Kapoor Handicrafts,17.34,43
449,Premium & Jewelry,Sterling Silver,2026,5,No,Wednesday,North,Online,30.3,Credit Card,1,Gupta Rakhi Hub 297,645.52,8
5055,Eco-Friendly,Sandalwood (Chandan),2026,5,No,Wednesday,West,Online,34.1,Cash,5,Saxena Traditions,76.28,17
1285,Eco-Friendly,Sandalwood (Chandan),2026,4,No,Monday,East,Local Street Vendor,36.8,Credit Card,5,Sharma Rakhi Hub 56,39.59,16
3728,Premium & Jewelry,Sterling Silver,2026,4,#Yes,Saturday,East,Online,29.9,UPI,7,Verma Rakhi Hub 30,754.78,29
362,Premium & Jewelry,Sterling Silver,2026,3,No,Wednesday,East,Supermarket,33.1,Credit Card,5,Jain Rakhi Hub 159,662.27,18
1640,Eco-Friendly,Sandalwood (Chandan),2026,4,No,Tuesday,Central,Local Street Vendor,32.0,Credit Card,5,Sethi Rakhi Hub 131,51.85,20
1896,Premium & Jewelry,Sterling Silver,2026,4,No,Monday,East,Supermarket,33.6,Cash,7,Mehra Emporium,703.69,38
2461,Eco-Friendly,Sandalwood (Chandan),2026,6,nO,Thursday,Central,Local Street Vendor,36.5,UPI,3,Saxena Rakhi Hub 227,53.95,8
23,Eco-Friendly,Silk Thread,2026,2,nO,Thursday,Central,Supermarket,,Credit Card,24,Bhatia Rakhi & Gifts,34.5,105
2067,Kids & Cartoon,Silk Thread,2026,7,Yes,Sunday,East,Local Street Vendor,26.6,Cash,2,Chawla Emporium,9.33,5
1654,Premium & Jewelry,Sterling Silver,2026,7,No,Thursday,East,Online,31.5,Credit Card,2,Tandon Rakhi Hub 60,672.42,9
703,Premium & Jewelry,Sandalwood (Chandan),2026,6,Yes,Sunday,West,Local Street Vendor,31.3,Credit Card,4,Goel Festive Mart,188.95,13
2902,Eco-Friendly,Sandalwood (Chandan),2026,3,No,Tuesday,West,Online,31.2,Cash,5,Jain Rakhi Corner,64.84,16
2744,Eco-Friendly,Sandalwood (Chandan),2026,4,nO,Wednesday,Central,Supermarket,33.7,Cash,3,Bansal Rakhi Hub 214,69.64,12
1377,Kids & Cartoon,Silk Thread,2026,1,Yes,Sunday,North,Online,29.5,Cash,19,Bansal Emporium,23.84,55
1907,Kids & Cartoon,Silk Thread,2026,6,No,Monday,Central,Local Street Vendor,28.5,Cash,2,Aggarwal Festive Mart,15.09,11
2469,Kids & Cartoon,Silk Thread,2026,3,nO,Monday,East,Supermarket,39.7,Credit Card,7,Tandon Traditions,18.06,50
3755,Kids & Cartoon,Silk Thread,2026,7,Yes,Saturday,West,Supermarket,30.6,Cash,3,Sethi Rakhi Hub 11,15.87,10
2326,Eco-Friendly,Silk Thread,2026,6,No,Thursday,East,Supermarket,30.2,Cash,2,Sharma Rakhi Hub 35,42.25,11
461,Kids & Cartoon,Silk Thread,2026,2,No,Tuesday,East,Supermarket,37.5,Cash,3,Rastogi Traditions,14.4,20
4184,Kids & Cartoon,Silk Thread,2026,5,nO,Wednesday,West,Supermarket,32.0,Credit Card,8,Gupta Rakhi Hub 165,19.55,26
4083,Eco-Friendly,Silk Thread,2026,4,No,Tuesday,East,Supermarket,33.1,Cash,1,Nanda Rakhi Hub 89,28.58,7
1487,Eco-Friendly,Silk Thread,2026,5,No,Monday,North,Local Street Vendor,32.2,Cash,9,Bansal Rakhi Store,28.05,30
3679,Premium & Jewelry,Sterling Silver,2026,1,No,Wednesday,West,Supermarket,38.2,UPI,7,Nanda Rakhi Store,614.78,26
283,Premium & Jewelry,Sterling Silver,2026,5,No,Friday,East,Supermarket,34.5,UPI,4,Bhatia Rakhi Hub 80,593.84,16
4559,Premium & Jewelry,Sandalwood (Chandan),2026,5,No,Tuesday,West,Supermarket,28.4,UPI,8,Malhotra Gift House,165.71,28
4309,Eco-Friendly,Sandalwood (Chandan),2026,7,No,Monday,East,Supermarket,30.2,Credit Card,6,Rastogi Rakhi Hub 189,57.71,17
4866,Premium & Jewelry,Sterling Silver,2026,6,No,Wednesday,East,Local Street Vendor,29.7,Cash,3,Kapoor Rakhi Hub 109,580.53,13
3538,Kids & Cartoon,Silk Thread,2026,3,No,Monday,East,Supermarket,26.4,UPI,2,Arora Rakhi Hub 108,16.88,8
5630,Kids & Cartoon,Silk Thread,2026,1,nO,Friday,East,Supermarket,33.2,UPI,4,Bansal Rakhi Hub 106,20.32,17
2582,Eco-Friendly,Sandalwood (Chandan),2026,6,No,Friday,,Local Street Vendor,37.3,Cash,4,Rastogi Rakhi Hub 77,55.29,26
1369,Premium & Jewelry,Sandalwood (Chandan),2026,1,No,Wednesday,North,Supermarket,32.4,UPI,17,Mehra Rakhi Hub 246,320.3,52
537,Kids & Cartoon,Silk Thread,2026,3,No,Monday,North,Supermarket,26.9,UPI,10,Nanda Rakhi Bazaar,15.24,49
5376,Kids & Cartoon,Silk Thread,2026,5,Yes,Sunday,East,Supermarket,32.2,UPI,7,Verma Traditions,14.11,21
598,Kids & Cartoon,Silk Thread,2026,2,Yes,Sunday,Central,Supermarket,31.6,Cash,7,Arora Rakhi Hub 115,19.81,22
4352,Premium & Jewelry,Sterling Silver,2026,4,Yes,Sunday,Central,Supermarket,31.3,Cash,20,Arora Rakhi & Gifts,660.62,47
4647,Eco-Friendly,Sandalwood (Chandan),2026,3,No,Monday,West,Supermarket,31.2,Cash,4,Bansal Rakhi Hub 124,63.09,23
4759,Premium & Jewelry,Sandalwood (Chandan),2026,1,No,Wednesday,North,Online,26.6,Credit Card,6,Kapoor Rakhi Hub 287,172.05,22
4207,Premium & Jewelry,Sterling Silver,2026,5,Yes,Saturday,,Local Street Vendor,29.7,UPI,5,Chopra Rakhi Hub 248,450.32,14
4279,Premium & Jewelry,Sterling Silver,2026,6,No,Thursday,West,Supermarket,29.3,Credit Card,6,Sethi Rakhi Hub 40,413.55,20
1786,Eco-Friendly,Sandalwood (Chandan),2026,2,No,Tuesday,West,Local Street Vendor,37.4,Cash,8,Bansal Rakhi Hub 99,54.67,38
3469,Kids & Cartoon,Silk Thread,2026,3,No,Thursday,,Online,29.5,UPI,7,Khanna Rakhi Corner,18.08,22
5120,Kids & Cartoon,Silk Thread,2026,3,Yes,Sunday,West,Local Street Vendor,32.1,Credit Card,6,Goel Rakhi Hub 107,17.52,23
2991,Eco-Friendly,Sandalwood (Chandan),2026,5,yES,Sunday,East,Supermarket,41.1,Cash,4,Sethi Traditions,60.92,17
2036,Eco-Friendly,Sandalwood (Chandan),2026,4,No,Friday,North,Online,30.2,Credit Card,6,Goel Emporium,49.91,21
5806,Eco-Friendly,Sandalwood (Chandan),2026,1,No,Tuesday,North,Local Street Vendor,35.7,Cash,3,Arora Rakhi Hub 210,38.82,20
2545,Kids & Cartoon,Silk Thread,2026,5,nO,Monday,,Supermarket,27.7,Cash,7,Mehra Emporium,16.49,25
5953,Kids & Cartoon,Silk Thread,2026,7,No,Monday,East,Online,36.1,Cash,6,Goel Rakhi Hub 228,18.98,17
5469,Kids & Cartoon,Silk Thread,2026,2,No,Friday,West,Local Street Vendor,35.1,Cash,6,Khanna Rakhi Hub 271,10.36,18
4067,Premium & Jewelry,Sterling Silver,2026,7,nO,Friday,East,Supermarket,31.0,UPI,2,Gupta Rakhi Store,617.02,7
3989,Eco-Friendly,Sandalwood (Chandan),2026,7,No,Friday,West,Local Street Vendor,34.3,Cash,1,Chopra Rakhi Hub 233,41.66,4
3330,Premium & Jewelry,Sterling Silver,2026,6,Yes,Saturday,North,Supermarket,24.3,Cash,2,Sharma Rakhi Corner,571.09,5
686,Kids & Cartoon,Silk Thread,2026,1,#Yes,Saturday,North,Local Street Vendor,31.5,Cash,13,Kapoor Rakhi Point,12.94,31
5111,Premium & Jewelry,Sterling Silver,2026,5,No,Thursday,West,Online,35.1,Cash,2,Saxena Rakhi Hub 252,609.82,8
3244,Premium & Jewelry,Sterling Silver,2026,4,No,Thursday,East,Supermarket,25.1,Credit Card,10,Bansal Rakhi Point,626.5,36
727,Premium & Jewelry,Sterling Silver,2026,6,yES,Saturday,North,Local Street Vendor,36.8,Cash,4,Bhatia Rakhi Hub 2,605.05,21
4084,Kids & Cartoon,Sandalwood (Chandan),2026,6,yES,Sunday,Central,Supermarket,31.7,Cash,3,Rastogi Rakhi Hub 178,34.81,14
2838,Premium & Jewelry,Silk Thread,2026,2,No,Thursday,Central,Local Street Vendor,33.2,Cash,6,Kapoor Festive Mart,102.48,22
3698,Premium & Jewelry,Sterling Silver,2026,7,nO,Friday,Central,Local Street Vendor,32.2,Cash,3,Goel Rakhi Hub 116,544.75,10
4942,Premium & Jewelry,Sandalwood (Chandan),2026,3,No,Wednesday,Central,Online,33.8,Cash,9,Aggarwal Rakhi Store,203.34,37
1142,Eco-Friendly,Sandalwood (Chandan),2026,5,No,Friday,West,Supermarket,31.2,Credit Card,4,Malhotra Traditions,53.23,20
4041,Kids & Cartoon,Sterling Silver,2026,6,No,Thursday,West,Online,28.1,Cash,3,Chawla Rakhi Hub 94,101.44,16
2231,Kids & Cartoon,Silk Thread,2026,4,Yes,Sunday,North,Online,,Credit Card,3,Malhotra Emporium,22.78,15
5844,Kids & Cartoon,Silk Thread,2026,6,No,Monday,West,Local Street Vendor,32.8,Credit Card,4,Kapoor Gift House,13.66,13
2321,Premium & Jewelry,Sterling Silver,2026,1,Yes,Saturday,West,Supermarket,36.9,Cash,6,Chopra Rakhi Corner,695.94,18
4879,Kids & Cartoon,Silk Thread,2026,7,Yes,Saturday,East,Online,31.5,UPI,3,Bansal Rakhi Hub 82,20.39,9
522,Kids & Cartoon,Silk Thread,2026,3,No,Thursday,West,Online,30.9,Cash,4,Rastogi Handicrafts,22.25,14
523,Premium & Jewelry,Sterling Silver,2026,5,No,Monday,North,Supermarket,35.3,UPI,30,Chopra Rakhi Hub 145,713.63,27
3220,Kids & Cartoon,Silk Thread,2026,3,Yes,Saturday,Central,Online,30.8,UPI,6,Mehra Rakhi Hub 81,16.73,28
4143,Premium & Jewelry,Sterling Silver,2026,1,yES,Sunday,North,Local Street Vendor,31.7,UPI,8,Gupta Gift House,653.24,27
729,Kids & Cartoon,Silk Thread,2026,5,nO,Monday,Central,Online,31.5,Cash,4,Bhatia Rakhi Bazaar,23.85,20
1529,Premium & Jewelry,Sterling Silver,2026,7,Yes,Sunday,Central,Online,33.7,Cash,2,Mehra Rakhi Point,912.1,6
781,Premium & Jewelry,Sterling Silver,2026,5,Yes,Saturday,Central,Local Street Vendor,29.3,Credit Card,3,Sharma Rakhi Corner,536.92,7
1803,Premium & Jewelry,Sterling Silver,2026,1,Yes,Sunday,Central,Supermarket,35.9,Cash,10,Sharma Rakhi Hub 259,665.35,30
5427,Eco-Friendly,Sandalwood (Chandan),2026,5,No,Friday,,Local Street Vendor,20.3,Cash,7,Arora Gift House,46.8,26
652,Eco-Friendly,Sandalwood (Chandan),2026,2,nO,Tuesday,East,Local Street Vendor,26.7,Cash,4,Mehra Rakhi Point,52.37,14
5973,Kids & Cartoon,Sandalwood (Chandan),2026,5,No,Monday,West,Supermarket,25.6,Cash,3,Aggarwal Rakhi Hub 234,28.17,11
2197,Premium & Jewelry,Sterling Silver,2026,4,No,Monday,East,Supermarket,34.8,Cash,4,Rastogi Rakhi Hub 71,1053.88,16
370,Eco-Friendly,Sandalwood (Chandan),2026,5,#Yes,Saturday,North,Local Street Vendor,32.2,Credit Card,4,Tandon Gift House,50.1,18
5252,Premium & Jewelry,Silk Thread,2026,2,No,Wednesday,North,Supermarket,35.1,Credit Card,7,Goel Rakhi Hub 52,105.55,22
4215,Kids & Cartoon,Silk Thread,2026,4,No,Wednesday,North,Supermarket,34.6,Credit Card,15,Bansal Rakhi Hub 99,15.88,53
378,Kids & Cartoon,Silk Thread,2026,2,Yes,Saturday,Central,Local Street Vendor,32.9,UPI,7,Gupta Traditions,14.01,20
37,Premium & Jewelry,Sandalwood (Chandan),2026,4,No,Tuesday,,Local Street Vendor,28.5,Cash,2,Bhatia Rakhi Hub 290,163.17,8
2217,Premium & Jewelry,Sandalwood (Chandan),2026,3,Yes,Sunday,Central,Local Street Vendor,38.9,Cash,3,Saxena Rakhi Hub 83,151.55,14
2063,Kids & Cartoon,Silk Thread,2026,3,No,Monday,North,Local Street Vendor,32.4,UPI,14,Chopra Rakhi Hub 44,11.83,39
1614,Kids & Cartoon,Silk Thread,2026,7,No,Wednesday,,Local Street Vendor,29.3,UPI,1,Nanda Rakhi Hub 32,12.61,6
3877,Premium & Jewelry,Sandalwood (Chandan),2026,5,Yes,Sunday,Central,Supermarket,25.8,Cash,2,Goel Rakhi Bazaar,243.41,8
3633,Kids & Cartoon,Silk Thread,2026,6,No,Wednesday,Central,Supermarket,37.4,Cash,5,Sharma Rakhi Hub 59,14.96,15
963,Premium & Jewelry,Sterling Silver,2026,7,No,Monday,West,Local Street Vendor,36.7,Cash,1,Khanna Rakhi Hub 132,413.88,3
1206,Premium & Jewelry,Sterling Silver,2026,7,No,Wednesday,West,Supermarket,32.1,Cash,2,Malhotra Rakhi Hub 38,602.0,7
5914,Premium & Jewelry,Sterling Silver,2026,2,nO,Wednesday,North,Supermarket,27.8,Cash,3,Verma Rakhi Hub 73,499.71,10
2028,Kids & Cartoon,Silk Thread,2026,2,yES,Saturday,West,Supermarket,37.8,Cash,10,Kapoor Rakhi Hub 199,19.28,37
5428,Eco-Friendly,Silk Thread,2026,2,No,Friday,East,Local Street Vendor,33.3,UPI,10,Jain Emporium,25.63,49
360,Kids & Cartoon,Silk Thread,2026,3,Yes,Saturday,Central,Local Street Vendor,29.2,Cash,7,Saxena Handicrafts,9.89,16
3840,Premium & Jewelry,Sandalwood (Chandan),2026,7,nO,Monday,West,Online,34.9,Cash,2,Jain Rakhi Hub 223,211.05,8
3503,Premium & Jewelry,Sterling Silver,2026,4,No,Thursday,West,Supermarket,33.3,Credit Card,2,Gupta Rakhi Hub 249,605.2,10
1247,Kids & Cartoon,Silk Thread,2026,3,No,Tuesday,Central,Local Street Vendor,29.2,UPI,5,Chawla Rakhi Hub 34,16.91,14
5587,Kids & Cartoon,Silk Thread,2026,7,Yes,Sunday,Central,Supermarket,33.7,Credit Card,4,Sharma Rakhi & Gifts,17.77,12
5088,Kids & Cartoon,Silk Thread,2026,7,Yes,Sunday,West,Local Street Vendor,32.4,Cash,3,Khanna Rakhi Hub 85,13.65,7
3695,Eco-Friendly,Sandalwood (Chandan),2026,7,No,Monday,East,Supermarket,34.8,Cash,4,Tandon Handicrafts,59.56,14
1839,Eco-Friendly,Sandalwood (Chandan),2026,4,Yes,Sunday,Central,Supermarket,33.2,Credit Card,5,Gupta Rakhi Hub 291,55.01,17
2568,Premium & Jewelry,Sterling Silver,2026,2,nO,Friday,East,Online,31.4,Cash,12,Saxena Rakhi Hub 227,765.58,42
3424,Kids & Cartoon,Silk Thread,2026,5,No,Monday,East,Online,29.9,UPI,3,Gupta Rakhi Point,20.12,15
2038,Premium & Jewelry,Sterling Silver,2026,3,Yes,Sunday,Central,Supermarket,35.6,UPI,9,Aggarwal Rakhi Hub 212,655.8,26
773,Kids & Cartoon,Silk Thread,2026,3,No,Thursday,Central,Supermarket,32.2,UPI,6,Chopra Rakhi Corner,17.45,22
5001,Premium & Jewelry,Sandalwood (Chandan),2026,2,No,Tuesday,East,Local Street Vendor,34.9,Cash,9,Tandon Rakhi Hub 103,601.59,25
3563,Eco-Friendly,Silk Thread,2026,2,Yes,Sunday,North,Online,28.0,Cash,7,Goel Rakhi Hub 1,46.03,20
4793,Premium & Jewelry,Sterling Silver,2026,5,No,Monday,East,Online,27.6,UPI,6,Bhatia Rakhi Store,558.77,18
2144,Eco-Friendly,Sandalwood (Chandan),2026,2,Yes,Sunday,Central,Local Street Vendor,51.3,Cash,6,Rastogi Rakhi & Gifts,41.3,22
5301,Kids & Cartoon,Silk Thread,2026,3,No,Monday,,Online,38.2,Cash,3,Goel Rakhi Store,17.69,18
4532,Kids & Cartoon,Silk Thread,2026,5,No,Monday,Central,Supermarket,32.7,UPI,3,Khanna Traditions,13.22,16
1675,Eco-Friendly,Sandalwood (Chandan),2026,5,No,Thursday,East,Supermarket,31.8,Credit Card,2,Malhotra Rakhi Corner,88.48,6
366,Kids & Cartoon,Silk Thread,2026,7,No,Monday,North,Online,34.8,UPI,2,Rastogi Rakhi Hub 189,17.63,9
5261,Kids & Cartoon,Silk Thread,2026,5,No,Friday,East,Supermarket,34.7,Cash,4,Nanda Rakhi Store,13.91,14
570,Kids & Cartoon,Silk Thread,2026,5,#Yes,Sunday,East,Supermarket,29.7,Cash,6,Kapoor Rakhi Hub 118,17.94,25
4328,Eco-Friendly,Silk Thread,2026,5,Yes,Saturday,Central,Supermarket,34.3,Cash,2,Rastogi Rakhi Corner,41.02,7
148,Kids & Cartoon,Silk Thread,2026,1,No,Thursday,North,Supermarket,,Cash,11,Mehra Rakhi Bazaar,17.63,33
2040,Eco-Friendly,Sandalwood (Chandan),2026,2,No,Tuesday,East,Local Street Vendor,33.1,UPI,5,Gupta Rakhi Corner,46.58,17
3089,Kids & Cartoon,Silk Thread,2026,5,No,Monday,North,Supermarket,36.4,Cash,4,Chawla Rakhi Hub 186,62.98,18
1301,Premium & Jewelry,Sterling Silver,2026,2,yES,Saturday,East,Online,45.1,UPI,4,Bhatia Gift House,686.49,26
408,Eco-Friendly,Silk Thread,2026,7,#Yes,Sunday,East,Online,29.7,UPI,5,Tandon Rakhi & Gifts,35.58,13
75,Premium & Jewelry,Sandalwood (Chandan),2026,3,nO,Tuesday,North,Supermarket,32.4,Cash,9,Bhatia Festive Mart,233.21,27
3457,Eco-Friendly,Silk Thread,2026,6,nO,Tuesday,North,Online,32.7,UPI,1,Bansal Rakhi Hub 67,38.34,5
4183,Kids & Cartoon,Silk Thread,2026,3,Yes,Saturday,West,Online,32.1,UPI,6,Bansal Rakhi Hub 106,15.75,24
3577,Eco-Friendly,Silk Thread,2026,2,No,Friday,West,Supermarket,38.0,Cash,5,Verma Handicrafts,32.36,16
3272,Kids & Cartoon,Silk Thread,2026,2,nO,Tuesday,North,Online,34.0,Cash,9,Kapoor Rakhi Hub 199,16.04,42
4941,Eco-Friendly,Sandalwood (Chandan),2026,2,No,Monday,North,Local Street Vendor,26.4,Cash,4,Chopra Rakhi Hub 130,39.92,17
1032,Eco-Friendly,Silk Thread,2026,6,No,Thursday,West,Online,27.9,Credit Card,1,Gupta Gift House,33.0,6
5246,Kids & Cartoon,Silk Thread,2026,7,Yes,Sunday,East,Supermarket,34.1,UPI,4,Goel Rakhi Hub 243,14.31,11
856,Kids & Cartoon,Silk Thread,2026,7,No,Monday,,Online,30.8,Cash,1,Chawla Rakhi Hub 125,26.44,5
3927,Kids & Cartoon,Silk Thread,2026,3,nO,Tuesday,Central,Local Street Vendor,35.9,Credit Card,8,Sethi Rakhi Store,13.97,31
79,Kids & Cartoon,Silk Thread,2026,7,No,Wednesday,Central,Online,32.3,Cash,7,Sharma Rakhi Store,22.82,6
2248,Kids & Cartoon,Silk Thread,2026,7,#Yes,Saturday,North,Online,31.3,Cash,6,Aggarwal Rakhi Hub 247,21.65,14
5932,Premium & Jewelry,Sterling Silver,2026,6,nO,Thursday,West,Supermarket,31.9,UPI,1,Arora Gift House,741.39,9
328,Kids & Cartoon,Silk Thread,2026,6,yES,Saturday,North,Local Street Vendor,34.1,Cash,4,Chopra Rakhi Hub 127,14.05,11
3578,Premium & Jewelry,Sterling Silver,2026,2,Yes,Saturday,West,Local Street Vendor,34.5,UPI,4,Goel Rakhi Hub 52,521.44,18
3305,Eco-Friendly,Sterling Silver,2026,1,No,Monday,West,Supermarket,33.0,Credit Card,7,Saxena Rakhi Hub 23,231.39,29
5510,Kids & Cartoon,Silk Thread,2026,7,yES,Sunday,West,Local Street Vendor,32.3,Cash,3,Chawla Rakhi Store,12.31,15
789,Eco-Friendly,Sandalwood (Chandan),2026,4,No,Wednesday,West,Online,33.5,Cash,4,Tandon Rakhi Hub 163,73.51,24
2280,Kids & Cartoon,Silk Thread,2026,6,Yes,Saturday,East,Local Street Vendor,28.5,Cash,4,Chopra Traditions,14.68,11
4096,Kids & Cartoon,Silk Thread,2026,7,No,Wednesday,East,Supermarket,31.0,UPI,4,Aggarwal Festive Mart,19.35,12
3898,Kids & Cartoon,Silk Thread,2026,7,No,Monday,East,Online,31.7,UPI,7,Nanda Emporium,22.0,38
376,Premium & Jewelry,Sterling Silver,2026,2,Yes,Sunday,West,Supermarket,36.0,Cash,10,Gupta Rakhi Bazaar,806.42,26
3720,Kids & Cartoon,Sterling Silver,2026,7,Yes,Saturday,East,Supermarket,26.3,Credit Card,6,Bansal Rakhi Hub 161,111.26,16
3632,Eco-Friendly,Sandalwood (Chandan),2026,7,nO,Wednesday,East,Online,35.8,Cash,4,Chopra Rakhi Hub 216,99.65,22
5996,Kids & Cartoon,Silk Thread,2026,1,No,Thursday,East,Online,29.8,UPI,4,Sethi Rakhi & Gifts,28.23,20
425,Kids & Cartoon,Silk Thread,2026,1,No,Friday,East,Local Street Vendor,34.1,Cash,9,Saxena Handicrafts,13.15,32
393,Kids & Cartoon,Silk Thread,2026,4,No,Tuesday,East,Online,33.0,Cash,4,Khanna Rakhi Hub 85,19.38,27
5979,Premium & Jewelry,Sterling Silver,2026,1,No,Tuesday,Central,Supermarket,34.3,UPI,3,Nanda Handicrafts,764.15,14
739,Kids & Cartoon,Silk Thread,2026,4,Yes,Saturday,West,Online,34.4,Credit Card,7,Tandon Rakhi Hub 53,19.26,35
4201,Premium & Jewelry,Sterling Silver,2026,7,No,Friday,North,Supermarket,31.4,UPI,2,Sharma Rakhi Hub 112,550.0,5
2673,Kids & Cartoon,Sandalwood (Chandan),2026,7,nO,Monday,North,Local Street Vendor,34.5,Credit Card,1,Mehra Rakhi Hub 207,28.26,2
3984,Premium & Jewelry,Sterling Silver,2026,1,Yes,Sunday,East,Local Street Vendor,35.3,Cash,5,Nanda Rakhi Hub 21,420.81,14
5413,Kids & Cartoon,Silk Thread,2026,6,No,Tuesday,Central,Supermarket,29.6,Cash,5,Malhotra Gift House,17.68,18
3494,Kids & Cartoon,Silk Thread,2026,7,nO,Friday,West,Online,33.8,Credit Card,4,Kapoor Rakhi Corner,18.18,12
1460,Kids & Cartoon,Silk Thread,2026,5,#Yes,Sunday,North,Local Street Vendor,33.8,UPI,3,Mehra Rakhi Hub 273,12.83,12
2939,Premium & Jewelry,Sterling Silver,2026,6,nO,Friday,,Supermarket,33.9,Cash,4,Verma Emporium,596.27,14
4068,Kids & Cartoon,Sandalwood (Chandan),2026,4,nO,Wednesday,Central,Supermarket,34.0,Cash,4,Chawla Rakhi Hub 245,29.68,19
5311,Kids & Cartoon,Silk Thread,2026,1,Yes,Sunday,North,Supermarket,51.6,Cash,11,Gupta Rakhi Hub 299,16.98,34
3836,Kids & Cartoon,Sterling Silver,2026,4,No,Monday,North,Supermarket,34.6,UPI,2,Bhatia Rakhi Hub 80,96.63,8
920,Kids & Cartoon,Silk Thread,2026,1,No,Friday,West,Local Street Vendor,31.5,Cash,16,Chawla Handicrafts,15.64,47
1854,Eco-Friendly,Sandalwood (Chandan),2026,5,nO,Monday,Central,Local Street Vendor,32.7,UPI,3,Sethi Rakhi Hub 22,38.02,12
5430,Kids & Cartoon,Silk Thread,2026,5,Yes,Saturday,East,Supermarket,31.9,UPI,10,Chawla Rakhi Hub 265,18.22,26
4725,Premium & Jewelry,Sandalwood (Chandan),2026,2,yES,Sunday,East,Supermarket,32.6,Credit Card,14,Goel Emporium,145.3,51
5856,Eco-Friendly,Sandalwood (Chandan),2026,6,nO,Tuesday,North,Supermarket,36.1,Credit Card,2,Nanda Rakhi Hub 28,54.29,11
2356,Eco-Friendly,Sandalwood (Chandan),2026,3,No,Wednesday,North,Supermarket,26.5,Credit Card,4,Sethi Rakhi Hub 175,58.74,23
2721,Kids & Cartoon,Silk Thread,2026,5,No,Friday,West,Supermarket,26.1,UPI,9,Saxena Rakhi Hub 192,16.59,25
2443,Premium & Jewelry,Sterling Silver,2026,7,No,Friday,North,Supermarket,23.6,Credit Card,2,Arora Festive Mart,734.35,13
5418,Eco-Friendly,Sandalwood (Chandan),2026,4,No,Wednesday,North,Online,30.7,Cash,7,Sharma Rakhi Hub 78,65.37,26
4842,Kids & Cartoon,Silk Thread,2026,7,No,Wednesday,West,Supermarket,32.8,Credit Card,4,Jain Rakhi Hub 37,17.83,14
3256,Eco-Friendly,Silk Thread,2026,3,Yes,Sunday,Central,Online,29.0,Cash,6,Rastogi Emporium,38.63,21
465,Kids & Cartoon,Silk Thread,2026,5,nO,Friday,East,Local Street Vendor,30.8,Credit Card,3,Nanda Rakhi Store,12.1,8
164,Premium & Jewelry,Sterling Silver,2026,7,No,Monday,Central,Online,29.9,Credit Card,6,Bansal Gift House,718.96,21
5127,Kids & Cartoon,Silk Thread,2026,1,Yes,Sunday,,Local Street Vendor,32.3,Cash,7,Chopra Rakhi Hub 127,69.48,26
363,Premium & Jewelry,Sterling Silver,2026,1,nO,Friday,Central,Local Street Vendor,28.4,UPI,2,Chopra Rakhi Hub 57,417.12,11
1419,Eco-Friendly,Sandalwood (Chandan),2026,2,No,Monday,Central,Online,34.6,Credit Card,7,Sethi Rakhi Hub 174,87.42,26
553,Premium & Jewelry,Sandalwood (Chandan),2026,3,No,Monday,North,Local Street Vendor,31.2,Cash,9,Goel Rakhi Hub 86,119.31,33
2010,Kids & Cartoon,Silk Thread,2026,3,#Yes,Saturday,Central,Online,34.8,Credit Card,10,Kapoor Rakhi Hub 287,20.85,32
3085,Eco-Friendly,Sterling Silver,2026,4,No,Friday,West,Local Street Vendor,36.0,UPI,3,Tandon Gift House,148.25,10
901,Kids & Cartoon,Silk Thread,2026,4,Yes,Saturday,West,Supermarket,27.8,Cash,8,Saxena Rakhi Hub 158,19.95,31
3889,Eco-Friendly,Sterling Silver,2026,1,nO,Monday,Central,Supermarket,32.6,UPI,7,Verma Rakhi Hub 95,273.54,36
4838,Premium & Jewelry,Silk Thread,2026,3,nO,Wednesday,West,Supermarket,30.3,Cash,7,Sethi Rakhi Hub 280,116.19,27
2294,Kids & Cartoon,Sterling Silver,2026,7,Yes,Sunday,North,Supermarket,31.3,Credit Card,5,Nanda Rakhi Hub 195,122.0,13
4482,Kids & Cartoon,Silk Thread,2026,1,Yes,Sunday,West,Supermarket,34.6,Cash,13,Rastogi Rakhi Corner,18.09,36
4606,Kids & Cartoon,Silk Thread,2026,5,No,Tuesday,East,Online,34.9,Credit Card,3,Aggarwal Rakhi Hub 157,18.24,14
3717,Eco-Friendly,Silk Thread,2026,3,No,Wednesday,North,Online,31.4,Credit Card,3,Sharma Rakhi Hub 180,32.82,8
2682,Eco-Friendly,Sandalwood (Chandan),2026,1,No,Wednesday,Central,Online,31.3,Credit Card,9,Chawla Rakhi Hub 104,82.28,33
1765,Premium & Jewelry,Sterling Silver,2026,3,No,Monday,North,Local Street Vendor,27.0,Credit Card,6,Goel Rakhi Hub 86,519.99,21
1550,Premium & Jewelry,Sterling Silver,2026,4,nO,Monday,North,Local Street Vendor,23.7,Cash,3,Bansal Rakhi Hub 82,540.99,12
3030,Kids & Cartoon,Silk Thread,2026,2,nO,Friday,Central,Local Street Vendor,35.8,Cash,3,Mehra Rakhi Hub 167,13.68,16
647,Premium & Jewelry,Sterling Silver,2026,6,No,Wednesday,North,Local Street Vendor,24.5,Cash,5,Goel Rakhi Hub 54,543.76,15
2045,Eco-Friendly,Sandalwood (Chandan),2026,6,No,Monday,East,Online,32.5,UPI,5,Sethi Emporium,92.78,19
768,Premium & Jewelry,Sterling Silver,2026,3,No,Wednesday,West,Supermarket,27.5,Cash,3,Tandon Rakhi Hub 26,720.7,12
1509,Premium & Jewelry,Sterling Silver,2026,4,nO,Friday,East,Online,25.6,Credit Card,3,Saxena Rakhi Hub 83,989.15,12
2354,Kids & Cartoon,Silk Thread,2026,4,Yes,Sunday,,Supermarket,31.9,UPI,5,Nanda Rakhi Hub 21,17.83,13
4518,Premium & Jewelry,Sterling Silver,2026,3,#Yes,Saturday,East,Supermarket,26.3,UPI,5,Sethi Rakhi Hub 238,592.78,14
4220,Kids & Cartoon,Silk Thread,2026,5,Yes,Sunday,Central,Online,37.7,UPI,15,Verma Rakhi Point,21.39,45
1857,Premium & Jewelry,Sterling Silver,2026,7,Yes,Saturday,East,Supermarket,33.9,Cash,6,Chopra Rakhi Hub 248,540.66,15
5243,Kids & Cartoon,Silk Thread,2026,7,Yes,Sunday,Central,Supermarket,38.0,UPI,2,Sharma Rakhi Hub 180,23.23,9
3293,Kids & Cartoon,Silk Thread,2026,7,No,Tuesday,Central,Supermarket,25.1,Cash,5,Kapoor Rakhi Store,16.98,8
820,Premium & Jewelry,Sandalwood (Chandan),2026,5,No,Thursday,North,Online,31.5,Cash,6,Jain Gift House,229.35,20
1404,Kids & Cartoon,Silk Thread,2026,6,No,Tuesday,West,Online,40.1,Credit Card,2,Sharma Rakhi Hub 56,21.24,10
1383,Kids & Cartoon,Sandalwood (Chandan),2026,7,No,Wednesday,East,Local Street Vendor,42.7,UPI,2,Chawla Rakhi Hub 155,21.35,12
2149,Eco-Friendly,Sandalwood (Chandan),2026,2,Yes,Sunday,Central,Online,28.4,Cash,24,Kapoor Rakhi Hub 97,70.26,63
1639,Premium & Jewelry,Sterling Silver,2026,7,Yes,Sunday,North,Local Street Vendor,27.4,Credit Card,5,Sethi Rakhi Point,525.51,12
5443,Eco-Friendly,Silk Thread,2026,7,No,Wednesday,West,Local Street Vendor,33.2,Cash,1,Nanda Rakhi Hub 21,25.31,5
400,Kids & Cartoon,Silk Thread,2026,6,Yes,Saturday,East,Local Street Vendor,32.4,Credit Card,9,Malhotra Traditions,14.64,29
883,Eco-Friendly,Sandalwood (Chandan),2026,3,yES,Saturday,North,Local Street Vendor,29.7,Cash,6,Mehra Rakhi Hub 128,47.62,16
3566,Eco-Friendly,Sandalwood (Chandan),2026,6,No,Friday,North,Supermarket,40.3,Credit Card,7,Saxena Traditions,57.41,26
95,Kids & Cartoon,Sandalwood (Chandan),2026,6,No,Monday,West,Local Street Vendor,37.8,Cash,2,Nanda Rakhi Hub 279,25.64,9
1180,Premium & Jewelry,Sterling Silver,2026,6,nO,Thursday,Central,Local Street Vendor,26.5,Cash,5,Sethi Rakhi Hub 175,551.43,29
4245,Eco-Friendly,Sandalwood (Chandan),2026,2,No,Wednesday,East,Supermarket,35.4,Cash,15,Kapoor Festive Mart,66.88,62
5219,Premium & Jewelry,Sterling Silver,2026,6,No,Wednesday,Central,Supermarket,33.6,UPI,2,Nanda Rakhi Hub 96,784.22,6
5466,Eco-Friendly,Sandalwood (Chandan),2026,1,No,Wednesday,West,Supermarket,29.3,Credit Card,7,Sethi Rakhi Hub 160,59.47,21
2131,Premium & Jewelry,Sterling Silver,2026,1,No,Thursday,West,Supermarket,29.8,UPI,10,Nanda Emporium,625.37,40
5079,Kids & Cartoon,Silk Thread,2026,6,Yes,Saturday,West,Online,31.1,UPI,5,Saxena Rakhi Hub 123,21.44,13
457,Eco-Friendly,Sandalwood (Chandan),2026,3,No,Friday,West,Online,31.1,UPI,6,Khanna Emporium,72.55,22
5176,Premium & Jewelry,Sterling Silver,2026,3,No,Friday,Central,Local Street Vendor,34.7,Cash,7,Khanna Rakhi Hub 146,409.34,21
1951,Eco-Friendly,Sandalwood (Chandan),2026,7,No,Friday,West,Online,31.6,UPI,2,Chopra Rakhi Hub 153,71.89,11
690,Kids & Cartoon,Silk Thread,2026,6,No,Wednesday,North,Local Street Vendor,25.4,UPI,3,Bansal Rakhi Bazaar,13.56,8
2736,Kids & Cartoon,Silk Thread,2026,3,No,Tuesday,,Local Street Vendor,32.3,Cash,6,Bhatia Rakhi Hub 204,16.98,37
4117,Kids & Cartoon,Sandalwood (Chandan),2026,2,No,Thursday,West,Supermarket,,Cash,16,Kapoor Rakhi Store,28.18,47
1954,Eco-Friendly,Silk Thread,2026,5,No,Tuesday,Central,Online,30.9,Cash,7,Nanda Rakhi Hub 195,51.92,20
2711,Eco-Friendly,Sandalwood (Chandan),2026,2,No,Monday,East,Supermarket,26.6,UPI,4,Gupta Rakhi Hub 152,75.64,17
5912,Premium & Jewelry,Sandalwood (Chandan),2026,3,No,Wednesday,East,Local Street Vendor,25.3,Cash,7,Aggarwal Rakhi Bazaar,153.03,24
5946,Premium & Jewelry,Sterling Silver,2026,4,No,Thursday,East,Supermarket,35.2,Cash,3,Gupta Rakhi Hub 70,754.05,11
4350,Eco-Friendly,Sandalwood (Chandan),2026,2,No,Thursday,East,Local Street Vendor,27.6,Cash,4,Saxena Rakhi Store,53.37,12
4633,Kids & Cartoon,Sandalwood (Chandan),2026,3,No,Friday,,Supermarket,29.7,Credit Card,8,Rastogi Gift House,28.69,29
1885,Kids & Cartoon,Silk Thread,2026,2,No,Monday,North,Supermarket,30.9,Credit Card,6,Bhatia Rakhi Hub 29,16.35,18
1083,Eco-Friendly,Sandalwood (Chandan),2026,2,nO,Monday,East,Local Street Vendor,33.7,Cash,10,Jain Rakhi Store,42.75,37
1253,Premium & Jewelry,Sandalwood (Chandan),2026,4,No,Wednesday,Central,Local Street Vendor,26.4,Credit Card,2,Tandon Rakhi Corner,159.04,11
2495,Eco-Friendly,Sandalwood (Chandan),2026,1,No,Monday,West,Supermarket,28.6,Credit Card,2,Arora Rakhi Hub 46,65.16,9
3037,Kids & Cartoon,Sandalwood (Chandan),2026,1,No,Wednesday,Central,Supermarket,32.4,Cash,19,Malhotra Rakhi Point,32.44,26
3604,Premium & Jewelry,Sterling Silver,2026,6,No,Monday,East,Local Street Vendor,28.5,UPI,3,Kapoor Rakhi Hub 109,588.46,14
846,Eco-Friendly,Silk Thread,2026,4,yES,Saturday,East,Online,38.0,Credit Card,7,Rastogi Rakhi Point,38.32,18
543,Eco-Friendly,Sandalwood (Chandan),2026,4,Yes,Sunday,Central,Local Street Vendor,29.5,Cash,4,Aggarwal Gift House,57.14,18
3725,Eco-Friendly,Sandalwood (Chandan),2026,2,Yes,Saturday,West,Local Street Vendor,30.1,Credit Card,12,Chawla Rakhi Hub 125,46.31,38
4188,Premium & Jewelry,Sterling Silver,2026,5,No,Tuesday,Central,Supermarket,31.3,UPI,4,Khanna Rakhi Hub 215,521.96,14
3680,Premium & Jewelry,Sterling Silver,2026,4,No,Tuesday,Central,Supermarket,29.0,Cash,4,Chawla Rakhi Hub 295,826.3,12
5290,Kids & Cartoon,Silk Thread,2026,2,nO,Monday,,Supermarket,39.1,Cash,3,Sharma Rakhi Hub 172,17.59,16
3970,Premium & Jewelry,Sterling Silver,2026,7,Yes,Sunday,East,Local Street Vendor,30.0,UPI,3,Chawla Rakhi Hub 283,541.64,15
5501,Premium & Jewelry,Sterling Silver,2026,5,No,Thursday,West,Online,34.9,Credit Card,3,Bhatia Rakhi Hub 18,847.51,14
2965,Premium & Jewelry,Sterling Silver,2026,6,No,Tuesday,North,Supermarket,32.6,Cash,3,Nanda Rakhi Hub 279,735.31,17
2530,Kids & Cartoon,Silk Thread,2026,2,No,Tuesday,West,Supermarket,31.3,Cash,21,Mehra Emporium,15.21,28
1049,Eco-Friendly,Sandalwood (Chandan),2026,2,No,Tuesday,West,Local Street Vendor,33.5,Credit Card,2,Rastogi Handicrafts,38.42,11
1961,Kids & Cartoon,Silk Thread,2026,4,No,Friday,East,Local Street Vendor,31.9,Cash,5,Kapoor Rakhi Hub 36,15.52,22
2531,Kids & Cartoon,Silk Thread,2026,1,nO,Wednesday,North,Online,26.9,Cash,6,Saxena Rakhi Hub 83,17.77,19
5884,Eco-Friendly,Sandalwood (Chandan),2026,7,yES,Sunday,North,Online,26.6,UPI,2,Arora Rakhi Hub 210,55.1,8
238,Eco-Friendly,Sandalwood (Chandan),2026,1,No,Tuesday,West,Local Street Vendor,28.7,Credit Card,6,Sethi Festive Mart,50.31,31
4918,Kids & Cartoon,Silk Thread,2026,5,nO,Tuesday,West,Supermarket,,Cash,7,Sharma Traditions,19.84,25
1134,Eco-Friendly,Sandalwood (Chandan),2026,3,Yes,Saturday,,Supermarket,38.7,Cash,2,Goel Rakhi Hub 239,57.46,10
1063,Premium & Jewelry,Sterling Silver,2026,4,No,Thursday,North,Supermarket,31.9,UPI,4,Aggarwal Rakhi Corner,866.14,29
4260,Premium & Jewelry,Sandalwood (Chandan),2026,3,Yes,Sunday,East,Supermarket,28.1,Cash,6,Chopra Rakhi & Gifts,225.55,30
5919,Eco-Friendly,Sandalwood (Chandan),2026,5,Yes,Saturday,,Online,33.7,Credit Card,11,Mehra Rakhi Hub 81,60.29,30
2392,Eco-Friendly,Sandalwood (Chandan),2026,4,Yes,Sunday,West,Supermarket,33.5,Credit Card,11,Sethi Rakhi Hub 40,75.51,28
5497,Eco-Friendly,Sterling Silver,2026,3,No,Monday,West,Local Street Vendor,27.1,Cash,8,Chawla Rakhi Hub 155,124.65,34
2979,Eco-Friendly,Sandalwood (Chandan),2026,1,No,Friday,East,Local Street Vendor,31.7,Credit Card,10,Rastogi Rakhi Hub 251,196.44,45
226,Eco-Friendly,Silk Thread,2026,6,Yes,Sunday,North,Local Street Vendor,31.0,Cash,2,Khanna Rakhi Store,33.36,10
2626,Kids & Cartoon,Silk Thread,2026,1,No,Friday,West,Local Street Vendor,24.7,Cash,13,Sharma Rakhi Hub 78,14.06,47
5704,Eco-Friendly,Sandalwood (Chandan),2026,6,No,Monday,Central,Online,36.7,Cash,2,Mehra Emporium,72.54,7
5970,Eco-Friendly,Sandalwood (Chandan),2026,7,Yes,Sunday,East,Supermarket,29.0,Cash,3,Khanna Gift House,50.38,8
3920,Kids & Cartoon,Silk Thread,2026,2,nO,Monday,East,Supermarket,32.7,Cash,5,Mehra Rakhi Hub 128,19.87,25
3139,Eco-Friendly,Sandalwood (Chandan),2026,7,No,Thursday,Central,Online,21.0,Cash,1,Mehra Rakhi Hub 25,77.97,4
4911,Premium & Jewelry,Silk Thread,2026,4,yES,Saturday,West,Local Street Vendor,25.5,Credit Card,5,Jain Rakhi Hub 72,75.18,22
4074,Premium & Jewelry,Sandalwood (Chandan),2026,7,No,Wednesday,East,Online,28.2,Cash,9,Saxena Rakhi Hub 213,245.75,34
4189,Premium & Jewelry,Sterling Silver,2026,4,No,Wednesday,North,Online,32.4,Cash,4,Rastogi Rakhi Hub 224,775.11,25
3230,Kids & Cartoon,Silk Thread,2026,7,No,Wednesday,Central,Supermarket,33.9,Credit Card,3,Sharma Gift House,13.56,11
1827,Kids & Cartoon,Silk Thread,2026,7,No,Monday,East,Local Street Vendor,25.4,UPI,4,Bhatia Handicrafts,14.71,11
594,Kids & Cartoon,Silk Thread,2026,7,nO,Wednesday,Central,Local Street Vendor,26.4,UPI,2,Jain Rakhi Point,12.42,8
2726,Eco-Friendly,Sandalwood (Chandan),2026,3,No,Thursday,East,Online,30.9,UPI,6,Rastogi Handicrafts,71.16,34
4138,Eco-Friendly,Sandalwood (Chandan),2026,5,nO,Monday,West,Online,32.0,Cash,7,Rastogi Rakhi Hub 42,77.77,20
561,Premium & Jewelry,Sterling Silver,2026,6,Yes,Sunday,West,Online,33.6,UPI,10,Bhatia Rakhi Hub 290,751.48,24
2050,Kids & Cartoon,Silk Thread,2026,1,Yes,Saturday,East,Supermarket,32.1,Cash,9,Gupta Rakhi Hub 176,11.76,25
5639,Premium & Jewelry,Sandalwood (Chandan),2026,2,Yes,Saturday,North,Supermarket,33.6,Cash,14,Sethi Rakhi Hub 10,209.43,35
244,Kids & Cartoon,Silk Thread,2026,6,No,Friday,West,Online,30.4,UPI,12,Tandon Rakhi Hub 20,19.39,34
4438,Premium & Jewelry,Sandalwood (Chandan),2026,6,No,Tuesday,West,Supermarket,34.6,UPI,7,Nanda Emporium,187.17,21
5553,Kids & Cartoon,Silk Thread,2026,2,No,Friday,Central,Local Street Vendor,30.7,Cash,6,Tandon Rakhi Hub 62,16.5,19
406,Eco-Friendly,Sandalwood (Chandan),2026,5,No,Thursday,East,Online,31.2,Cash,6,Kapoor Rakhi Hub 31,90.61,20
1443,Premium & Jewelry,Silk Thread,2026,2,Yes,Saturday,West,Supermarket,31.5,Credit Card,14,Sethi Rakhi Point,116.08,43
262,Eco-Friendly,Silk Thread,2026,4,No,Monday,East,Supermarket,41.0,Credit Card,12,Khanna Rakhi Hub 120,41.19,45
5369,Eco-Friendly,Sandalwood (Chandan),2026,4,nO,Friday,Central,Supermarket,30.8,Cash,5,Goel Traditions,57.05,13
5298,Premium & Jewelry,Sandalwood (Chandan),2026,7,No,Tuesday,North,Local Street Vendor,32.3,UPI,3,Tandon Gift House,135.38,14
1690,Kids & Cartoon,Silk Thread,2026,2,No,Wednesday,North,Online,29.5,Credit Card,4,Goel Rakhi Hub 277,23.21,18
1726,Premium & Jewelry,Sterling Silver,2026,2,No,Wednesday,North,Local Street Vendor,30.7,Cash,10,Sharma Rakhi Hub 78,572.42,33
3747,Premium & Jewelry,Sterling Silver,2026,5,No,Monday,East,Online,29.5,Credit Card,1,Verma Rakhi Hub 92,724.74,6
4931,Eco-Friendly,Silk Thread,2026,7,No,Monday,West,Supermarket,37.5,UPI,15,Goel Rakhi Hub 228,37.08,74
2497,Kids & Cartoon,Silk Thread,2026,4,No,Wednesday,,Local Street Vendor,39.9,Cash,5,Chopra Rakhi Hub 57,14.32,38
5383,Eco-Friendly,Sandalwood (Chandan),2026,4,Yes,Saturday,East,Supermarket,37.9,Credit Card,7,Tandon Rakhi Hub 53,67.53,23
341,Premium & Jewelry,Sandalwood (Chandan),2026,2,yES,Saturday,East,Online,34.5,Cash,10,Mehra Rakhi Hub 110,203.28,33
1349,Kids & Cartoon,Silk Thread,2026,7,No,Monday,Central,Local Street Vendor,26.9,UPI,2,Sethi Rakhi & Gifts,14.85,6
1602,Premium & Jewelry,Sandalwood (Chandan),2026,7,Yes,Saturday,East,Local Street Vendor,30.3,Credit Card,1,Bhatia Gift House,135.93,5
4577,Eco-Friendly,Sandalwood (Chandan),2026,4,No,Thursday,West,Supermarket,32.7,Cash,3,Chawla Festive Mart,61.05,10
3726,Eco-Friendly,Sandalwood (Chandan),2026,4,No,Tuesday,West,Supermarket,29.4,Cash,8,Aggarwal Rakhi Hub 144,74.34,27
106,Eco-Friendly,Sandalwood (Chandan),2026,1,No,Wednesday,East,Supermarket,29.9,Cash,10,Malhotra Festive Mart,69.58,60
2786,Kids & Cartoon,Silk Thread,2026,6,Yes,Sunday,West,Supermarket,26.8,Credit Card,3,Bansal Rakhi Hub 237,18.95,10
1524,Eco-Friendly,Silk Thread,2026,4,Yes,Sunday,North,Online,31.7,UPI,8,Chopra Rakhi Hub 57,44.58,23
5968,Premium & Jewelry,Sterling Silver,2026,5,No,Friday,North,Online,,Credit Card,3,Saxena Rakhi & Gifts,1050.1,19
4917,Eco-Friendly,Sandalwood (Chandan),2026,7,Yes,Sunday,West,Online,30.3,Cash,3,Verma Rakhi Bazaar,73.27,12
3029,Kids & Cartoon,Sterling Silver,2026,5,No,Tuesday,West,Supermarket,29.8,Cash,5,Khanna Rakhi Point,474.03,15
5643,Eco-Friendly,Sandalwood (Chandan),2026,4,No,Tuesday,West,Local Street Vendor,27.9,Cash,16,Kapoor Rakhi Hub 36,52.52,49
3673,Premium & Jewelry,Sandalwood (Chandan),2026,7,Yes,Saturday,Central,Supermarket,31.1,Credit Card,4,Mehra Rakhi Hub 110,1086.36,12
1767,Eco-Friendly,Sandalwood (Chandan),2026,4,yES,Saturday,Central,Local Street Vendor,33.9,Cash,7,Sethi Rakhi Hub 10,47.13,16
214,Eco-Friendly,Sandalwood (Chandan),2026,5,No,Tuesday,Central,Supermarket,40.0,Cash,2,Bansal Handicrafts,54.79,10
4038,Eco-Friendly,Sandalwood (Chandan),2026,3,#Yes,Sunday,North,Local Street Vendor,31.9,Cash,3,Jain Rakhi Hub 197,42.7,13
5477,Premium & Jewelry,Sterling Silver,2026,6,No,Tuesday,East,Local Street Vendor,28.6,Credit Card,3,Tandon Rakhi Point,445.05,11
4556,Eco-Friendly,Sandalwood (Chandan),2026,2,Yes,Saturday,North,Local Street Vendor,28.3,UPI,8,Arora Rakhi & Gifts,51.03,26
4046,Premium & Jewelry,Sterling Silver,2026,5,No,Wednesday,East,Online,32.6,UPI,2,Khanna Rakhi Hub 194,802.41,11
216,Eco-Friendly,Silk Thread,2026,1,No,Wednesday,West,Supermarket,27.8,Cash,8,Tandon Rakhi Hub 103,31.48,35
364,Premium & Jewelry,Sterling Silver,2026,6,nO,Friday,West,Supermarket,33.7,UPI,1,Sethi Rakhi Hub 11,563.69,7
918,Premium & Jewelry,Sterling Silver,2026,6,Yes,Saturday,Central,Supermarket,30.1,Cash,26,Mehra Rakhi Point,876.06,67
5733,Kids & Cartoon,Sandalwood (Chandan),2026,5,No,Wednesday,Central,Supermarket,34.2,Credit Card,8,Nanda Rakhi Hub 279,35.85,27
4726,Kids & Cartoon,Sandalwood (Chandan),2026,7,No,Thursday,West,Local Street Vendor,33.1,Cash,5,Arora Gift House,30.04,17
4444,Eco-Friendly,Sandalwood (Chandan),2026,3,No,Thursday,West,Local Street Vendor,30.4,Cash,4,Arora Rakhi Hub 218,48.65,16
2734,Kids & Cartoon,Silk Thread,2026,3,Yes,Sunday,North,Local Street Vendor,35.4,Cash,6,Saxena Rakhi Hub 138,15.67,19
2176,Kids & Cartoon,Silk Thread,2026,1,No,Tuesday,West,Supermarket,25.0,Cash,19,Chawla Rakhi Hub 295,21.63,81
2563,Eco-Friendly,Sandalwood (Chandan),2026,1,nO,Thursday,Central,Local Street Vendor,31.6,Cash,25,Verma Handicrafts,40.05,91
5602,Premium & Jewelry,Sterling Silver,2026,1,No,Thursday,Central,Supermarket,33.7,UPI,15,Bansal Rakhi Hub 214,616.99,44
5668,Eco-Friendly,Sandalwood (Chandan),2026,2,No,Wednesday,North,Local Street Vendor,35.2,Cash,10,Verma Rakhi Store,40.03,60
4890,Eco-Friendly,Silk Thread,2026,5,yES,Sunday,West,Supermarket,27.9,Credit Card,7,Kapoor Rakhi Hub 36,37.13,25
3084,Eco-Friendly,Silk Thread,2026,7,No,Friday,East,Local Street Vendor,32.6,Credit Card,2,Kapoor Handicrafts,20.83,10
4617,Premium & Jewelry,Sterling Silver,2026,6,No,Wednesday,East,Local Street Vendor,28.8,Cash,2,Verma Rakhi Bazaar,509.58,9
2103,Eco-Friendly,Sandalwood (Chandan),2026,3,No,Tuesday,North,Local Street Vendor,36.1,Cash,6,Nanda Rakhi Hub 129,44.0,19
633,Premium & Jewelry,Sandalwood (Chandan),2026,2,yES,Sunday,Central,Online,29.8,Cash,16,Aggarwal Rakhi Hub 205,201.57,51
2494,Eco-Friendly,Sandalwood (Chandan),2026,7,#Yes,Saturday,East,Local Street Vendor,31.8,UPI,6,Tandon Rakhi Hub 292,52.97,13
2666,Eco-Friendly,Sandalwood (Chandan),2026,4,Yes,Sunday,,Online,,Credit Card,8,Bansal Rakhi Hub 214,64.55,31
5804,Kids & Cartoon,Silk Thread,2026,3,No,Wednesday,West,Online,30.1,Cash,10,Kapoor Rakhi Hub 257,19.87,33
4407,Eco-Friendly,Sandalwood (Chandan),2026,4,No,Friday,Central,Supermarket,30.1,Cash,3,Gupta Rakhi Hub 297,62.39,9
5885,Kids & Cartoon,Silk Thread,2026,1,No,Monday,North,Supermarket,38.1,UPI,5,Malhotra Traditions,18.88,16
1575,Premium & Jewelry,Sterling Silver,2026,7,No,Wednesday,West,Supermarket,28.0,Cash,2,Aggarwal Rakhi Corner,453.74,11
2335,Kids & Cartoon,Silk Thread,2026,4,Yes,Sunday,West,Online,35.4,Cash,12,Bansal Rakhi Hub 237,18.61,28
864,Kids & Cartoon,Silk Thread,2026,6,No,Friday,East,Local Street Vendor,32.2,Cash,1,Gupta Rakhi Hub 68,12.66,5
3620,Eco-Friendly,Sandalwood (Chandan),2026,7,No,Monday,,Supermarket,36.5,Credit Card,2,Nanda Rakhi Hub 279,63.96,8
3884,Kids & Cartoon,Silk Thread,2026,3,No,Wednesday,North,Online,29.5,Cash,14,Sethi Rakhi Point,18.99,47
5439,Eco-Friendly,Sandalwood (Chandan),2026,6,No,Friday,Central,Online,29.7,UPI,4,Chopra Rakhi Hub 12,85.96,15
4212,Kids & Cartoon,Silk Thread,2026,3,#Yes,Saturday,Central,Supermarket,30.6,Cash,4,Tandon Rakhi Hub 20,15.28,15
1495,Kids & Cartoon,Silk Thread,2026,7,#Yes,Saturday,West,Online,32.8,UPI,3,Mehra Rakhi Hub 285,18.7,7
2402,Eco-Friendly,Silk Thread,2026,6,No,Tuesday,East,Local Street Vendor,28.4,Credit Card,2,Bansal Rakhi Hub 274,24.59,8
3875,Eco-Friendly,Silk Thread,2026,4,#Yes,Sunday,West,Supermarket,26.1,Cash,4,Rastogi Gift House,31.22,15
1233,Premium & Jewelry,Sterling Silver,2026,1,#Yes,Sunday,Central,Online,22.9,UPI,7,Bansal Rakhi Hub 8,735.13,26
2662,Kids & Cartoon,Silk Thread,2026,2,yES,Sunday,East,Supermarket,35.4,Cash,3,Rastogi Emporium,18.87,12
2818,Kids & Cartoon,Silk Thread,2026,1,Yes,Sunday,East,Supermarket,25.5,Credit Card,6,Nanda Rakhi Hub 89,18.52,34
5471,Kids & Cartoon,Silk Thread,2026,2,nO,Friday,East,Local Street Vendor,37.5,Cash,9,Jain Rakhi Hub 154,13.11,26
3676,Eco-Friendly,Silk Thread,2026,3,Yes,Saturday,West,Local Street Vendor,34.4,UPI,6,Bhatia Rakhi Hub 182,30.05,21
826,Premium & Jewelry,Sterling Silver,2026,7,No,Wednesday,West,Online,31.7,Cash,2,Saxena Rakhi Hub 227,676.18,12
1061,Eco-Friendly,Silk Thread,2026,7,No,Wednesday,West,Online,30.4,UPI,4,Kapoor Rakhi & Gifts,50.58,14
4154,Kids & Cartoon,Silk Thread,2026,2,No,Wednesday,Central,Supermarket,32.5,Cash,6,Chopra Rakhi Point,13.93,24
5969,Kids & Cartoon,Silk Thread,2026,6,Yes,Sunday,West,Online,33.6,UPI,13,Chawla Festive Mart,12.92,30
3062,Kids & Cartoon,Sandalwood (Chandan),2026,6,yES,Sunday,West,Supermarket,28.3,Cash,3,Saxena Rakhi Hub 278,26.78,10
1359,Kids & Cartoon,Silk Thread,2026,4,No,Friday,Central,Online,28.9,Cash,8,Saxena Rakhi Hub 83,17.3,47
3175,Kids & Cartoon,Sandalwood (Chandan),2026,2,No,Tuesday,Central,Supermarket,31.1,UPI,4,Sharma Rakhi Store,31.7,14
1736,Eco-Friendly,Sandalwood (Chandan),2026,5,No,Monday,Central,Supermarket,34.9,Credit Card,5,Saxena Rakhi & Gifts,66.2,17
2824,Eco-Friendly,Sandalwood (Chandan),2026,2,nO,Monday,Central,Online,24.8,Cash,6,Saxena Rakhi Hub 227,81.47,33
5795,Eco-Friendly,Sandalwood (Chandan),2026,1,Yes,Saturday,East,Supermarket,26.2,UPI,8,Goel Rakhi Point,62.76,31
2753,Eco-Friendly,Sandalwood (Chandan),2026,6,No,Thursday,Central,Supermarket,29.1,Credit Card,7,Arora Rakhi Store,56.46,21
2476,Premium & Jewelry,Sterling Silver,2026,5,No,Monday,West,Local Street Vendor,31.4,UPI,4,Arora Rakhi Hub 220,499.09,13
2565,Kids & Cartoon,Silk Thread,2026,4,No,Friday,North,Local Street Vendor,37.1,Credit Card,6,Sethi Rakhi Hub 286,15.51,18
2357,Kids & Cartoon,Silk Thread,2026,2,nO,Friday,Central,Local Street Vendor,34.7,UPI,5,Malhotra Rakhi Hub 64,15.04,23
2780,Premium & Jewelry,Sterling Silver,2026,7,Yes,Sunday,West,Online,30.5,UPI,2,Saxena Rakhi Hub 294,669.27,6
1496,Kids & Cartoon,Silk Thread,2026,3,yES,Saturday,,Supermarket,32.8,UPI,3,Sharma Rakhi Hub 259,19.14,11
708,Eco-Friendly,Sandalwood (Chandan),2026,5,No,Thursday,East,Supermarket,27.4,Cash,3,Khanna Rakhi Hub 164,63.8,13
3047,Kids & Cartoon,Silk Thread,2026,4,#Yes,Sunday,East,Local Street Vendor,32.4,Cash,4,Sharma Rakhi Corner,11.97,11
2123,Premium & Jewelry,Silk Thread,2026,7,nO,Thursday,East,Local Street Vendor,,Cash,3,Kapoor Rakhi Hub 287,96.75,8
5190,Kids & Cartoon,Silk Thread,2026,1,No,Wednesday,West,Online,30.7,Cash,10,Arora Festive Mart,22.85,33
3100,Premium & Jewelry,Sandalwood (Chandan),2026,2,No,Tuesday,,Online,27.7,Cash,5,Bhatia Rakhi Hub 2,245.08,32
73,Eco-Friendly,Sterling Silver,2026,4,#Yes,Sunday,North,Supermarket,34.9,Cash,2,Bhatia Rakhi Hub 51,941.17,10
4449,Kids & Cartoon,Silk Thread,2026,1,No,Thursday,West,Local Street Vendor,29.5,Cash,13,Malhotra Emporium,14.63,49
4840,Premium & Jewelry,Silk Thread,2026,2,Yes,Sunday,East,Supermarket,31.7,Cash,18,Bansal Rakhi Hub 99,89.32,45
4063,Premium & Jewelry,Sandalwood (Chandan),2026,3,No,Monday,West,Supermarket,34.2,UPI,5,Bansal Rakhi Hub 67,229.98,19
5102,Premium & Jewelry,Sterling Silver,2026,3,No,Wednesday,Central,Supermarket,34.8,UPI,4,Khanna Rakhi Bazaar,885.14,13
1191,Kids & Cartoon,Silk Thread,2026,6,Yes,Sunday,North,Supermarket,34.6,Cash,5,Sethi Rakhi Hub 286,20.53,15
2602,Kids & Cartoon,Silk Thread,2026,5,Yes,Saturday,East,Supermarket,26.9,Cash,4,Khanna Rakhi Store,16.72,11
1126,Kids & Cartoon,Sandalwood (Chandan),2026,6,nO,Thursday,Central,Local Street Vendor,36.8,UPI,2,Bansal Rakhi Hub 274,22.7,9
1242,Kids & Cartoon,Silk Thread,2026,6,No,Friday,North,Supermarket,30.1,Cash,2,Jain Rakhi Hub 135,19.68,10
2189,Premium & Jewelry,Sterling Silver,2026,4,Yes,Sunday,Central,Online,34.9,UPI,4,Chopra Rakhi Hub 156,835.0,11
2503,Eco-Friendly,Silk Thread,2026,4,Yes,Saturday,West,Online,29.0,Credit Card,4,Gupta Rakhi Hub 139,229.46,16
5335,Kids & Cartoon,Silk Thread,2026,7,yES,Sunday,East,Local Street Vendor,35.7,Credit Card,1,Chawla Rakhi Corner,10.81,3
3352,Premium & Jewelry,Sterling Silver,2026,7,No,Thursday,East,Supermarket,36.2,Credit Card,3,Arora Rakhi Hub 218,694.03,11
5095,Eco-Friendly,Sterling Silver,2026,4,yES,Saturday,East,Local Street Vendor,31.7,Cash,13,Kapoor Rakhi Corner,201.25,40
4009,Premium & Jewelry,Sterling Silver,2026,2,Yes,Sunday,West,Local Street Vendor,36.2,Cash,5,Kapoor Rakhi Point,532.56,21
1578,Eco-Friendly,Sterling Silver,2026,6,yES,Saturday,East,Supermarket,33.8,UPI,2,Mehra Rakhi Hub 183,215.0,9
3907,Eco-Friendly,Sandalwood (Chandan),2026,4,Yes,Sunday,North,Online,27.7,UPI,5,Verma Rakhi Bazaar,64.51,24
3730,Eco-Friendly,Sandalwood (Chandan),2026,2,No,Thursday,West,Local Street Vendor,35.3,UPI,9,Kapoor Rakhi Store,46.01,31
4359,Kids & Cartoon,Silk Thread,2026,4,No,Tuesday,West,Online,30.9,UPI,10,Gupta Rakhi Hub 165,23.68,35
1344,Kids & Cartoon,Silk Thread,2026,7,yES,Sunday,North,Local Street Vendor,36.1,Cash,3,Chopra Gift House,16.19,8
4645,Premium & Jewelry,Sterling Silver,2026,6,Yes,Saturday,North,Online,32.4,Credit Card,2,Verma Rakhi Hub 264,829.21,8
5623,Kids & Cartoon,Silk Thread,2026,4,No,Friday,North,Online,30.0,Credit Card,9,Sharma Rakhi Hub 35,20.58,33
441,Eco-Friendly,Sandalwood (Chandan),2026,3,Yes,Saturday,Central,Local Street Vendor,36.1,Cash,10,Chawla Rakhi Hub 94,46.56,26
1101,Premium & Jewelry,Sterling Silver,2026,3,No,Monday,Central,Supermarket,24.4,UPI,4,Bhatia Rakhi Hub 3,640.06,22
2638,Premium & Jewelry,Sterling Silver,2026,6,yES,Saturday,East,Online,30.6,Cash,8,Verma Rakhi Hub 92,814.4,18
5653,Kids & Cartoon,Silk Thread,2026,6,No,Thursday,West,Local Street Vendor,34.3,Credit Card,19,Aggarwal Rakhi Hub 205,15.69,106
650,Premium & Jewelry,Sterling Silver,2026,3,#Yes,Saturday,Central,Local Street Vendor,26.6,Credit Card,4,Bansal Rakhi Hub 124,497.07,14
1547,Premium & Jewelry,Sterling Silver,2026,2,Yes,Sunday,North,Local Street Vendor,33.3,Cash,13,Goel Rakhi Hub 221,535.27,41
380,Eco-Friendly,Sandalwood (Chandan),2026,1,No,Thursday,East,Supermarket,28.9,UPI,5,Aggarwal Rakhi Hub 179,53.66,33
2279,Eco-Friendly,Sandalwood (Chandan),2026,5,yES,Sunday,West,Local Street Vendor,41.0,Cash,3,Gupta Rakhi Bazaar,54.75,10
2853,Eco-Friendly,Silk Thread,2026,1,Yes,Saturday,West,Local Street Vendor,38.6,UPI,6,Sethi Rakhi & Gifts,26.29,33
3504,Kids & Cartoon,Silk Thread,2026,4,#Yes,Sunday,East,Online,35.2,Credit Card,8,Mehra Rakhi Hub 275,21.12,22
5772,Eco-Friendly,Sandalwood (Chandan),2026,5,Yes,Saturday,West,Local Street Vendor,34.9,Cash,6,Khanna Traditions,43.89,16
631,Eco-Friendly,Sandalwood (Chandan),2026,6,No,Friday,West,Local Street Vendor,37.8,UPI,3,Bhatia Rakhi Hub 266,60.31,13
4769,Premium & Jewelry,Sandalwood (Chandan),2026,7,No,Wednesday,North,Local Street Vendor,21.3,Credit Card,2,Chawla Rakhi Point,159.22,14
1250,Eco-Friendly,Sandalwood (Chandan),2026,7,No,Wednesday,East,Online,34.8,Credit Card,5,Arora Rakhi Hub 137,79.58,16
5484,Kids & Cartoon,Silk Thread,2026,4,No,Wednesday,West,Local Street Vendor,31.2,Cash,5,Goel Rakhi Hub 181,10.62,16
483,Kids & Cartoon,Silk Thread,2026,4,No,Friday,Central,Supermarket,28.5,Cash,2,Malhotra Rakhi Bazaar,21.32,15
1585,Kids & Cartoon,Silk Thread,2026,2,No,Wednesday,West,Online,35.2,Cash,2,Tandon Rakhi & Gifts,15.71,13
4677,Premium & Jewelry,Sterling Silver,2026,7,No,Thursday,Central,Local Street Vendor,31.8,Cash,6,Bhatia Rakhi Hub 290,660.13,17
1463,Premium & Jewelry,Sterling Silver,2026,5,Yes,Sunday,North,Local Street Vendor,36.3,UPI,4,Jain Rakhi Hub 289,484.21,19
3041,Kids & Cartoon,Silk Thread,2026,5,Yes,Saturday,West,Online,38.1,Cash,9,Jain Rakhi Hub 202,20.78,33
5011,Premium & Jewelry,Sterling Silver,2026,6,No,Thursday,North,Online,35.5,Cash,4,Aggarwal Rakhi Hub 74,741.64,12
5740,Kids & Cartoon,Silk Thread,2026,3,Yes,Saturday,West,Supermarket,31.3,Cash,5,Khanna Rakhi Hub 85,16.02,20
3274,Eco-Friendly,Sandalwood (Chandan),2026,1,No,Friday,East,Local Street Vendor,36.0,Cash,6,Bansal Rakhi Hub 106,44.98,25
3684,Kids & Cartoon,Silk Thread,2026,5,No,Monday,North,Online,28.3,Cash,3,Kapoor Handicrafts,18.62,16
4146,Premium & Jewelry,Sandalwood (Chandan),2026,4,No,Tuesday,Central,Supermarket,29.6,Cash,5,Saxena Rakhi Hub 192,160.36,27
923,Kids & Cartoon,Silk Thread,2026,6,yES,Sunday,Central,Local Street Vendor,31.8,Cash,1,Nanda Rakhi Hub 279,19.58,6
4955,Premium & Jewelry,Sandalwood (Chandan),2026,4,nO,Thursday,North,Supermarket,33.3,Cash,4,Sharma Handicrafts,190.89,22
3226,Eco-Friendly,Sandalwood (Chandan),2026,5,No,Tuesday,West,Online,35.9,Credit Card,5,Bansal Rakhi Hub 99,51.99,19
1073,Kids & Cartoon,Silk Thread,2026,2,No,Monday,Central,Local Street Vendor,33.8,UPI,6,Bhatia Rakhi Point,14.72,21
4816,Premium & Jewelry,Sterling Silver,2026,5,Yes,Sunday,West,Online,30.0,Cash,8,Tandon Rakhi Bazaar,676.24,25
2632,Kids & Cartoon,Silk Thread,2026,3,No,Wednesday,West,Supermarket,31.2,Cash,7,Goel Handicrafts,17.32,23
1661,Premium & Jewelry,Sterling Silver,2026,4,yES,Saturday,North,Online,33.3,UPI,7,Sethi Emporium,842.63,16
2426,Eco-Friendly,Sandalwood (Chandan),2026,4,No,Thursday,Central,Online,33.6,Cash,6,Kapoor Rakhi Corner,74.5,20
5080,Eco-Friendly,Sandalwood (Chandan),2026,6,Yes,Sunday,West,Supermarket,33.3,UPI,3,Kapoor Traditions,54.75,8
5887,Premium & Jewelry,Sandalwood (Chandan),2026,6,No,Monday,East,Local Street Vendor,34.5,UPI,3,Verma Rakhi Point,153.96,16
879,Kids & Cartoon,Silk Thread,2026,7,No,Friday,Central,Local Street Vendor,34.0,Cash,2,Arora Festive Mart,11.93,11
3098,Kids & Cartoon,Silk Thread,2026,3,No,Wednesday,North,Supermarket,32.0,Cash,4,Jain Festive Mart,21.34,25
3977,Premium & Jewelry,Silk Thread,2026,6,Yes,Saturday,East,Local Street Vendor,29.9,UPI,16,Kapoor Rakhi Hub 31,84.74,10
4896,Kids & Cartoon,Sandalwood (Chandan),2026,5,No,Friday,East,Local Street Vendor,31.6,Cash,4,Bansal Rakhi Bazaar,17.58,22
2633,Eco-Friendly,Sterling Silver,2026,6,#Yes,Saturday,North,Local Street Vendor,26.1,UPI,5,Mehra Rakhi Point,126.98,25
5699,Eco-Friendly,Sandalwood (Chandan),2026,3,No,Tuesday,North,Local Street Vendor,33.1,Cash,4,Chawla Rakhi Corner,44.34,23
4643,Kids & Cartoon,Silk Thread,2026,7,Yes,Sunday,East,Supermarket,29.6,Cash,4,Nanda Emporium,19.96,14
5292,Kids & Cartoon,Silk Thread,2026,7,No,Tuesday,West,Local Street Vendor,26.5,Credit Card,2,Bansal Rakhi Corner,11.76,11
1409,Eco-Friendly,Sandalwood (Chandan),2026,3,nO,Friday,North,Supermarket,36.7,Credit Card,10,Bhatia Rakhi Corner,52.31,32
1846,Kids & Cartoon,Silk Thread,2026,2,Yes,Sunday,East,Supermarket,32.7,Cash,4,Sethi Traditions,13.92,17
1799,Kids & Cartoon,Silk Thread,2026,3,No,Wednesday,North,Local Street Vendor,28.3,Cash,4,Gupta Rakhi Hub 191,12.73,19
3958,Eco-Friendly,Silk Thread,2026,7,Yes,Saturday,West,Online,29.0,Credit Card,3,Gupta Rakhi Hub 297,40.15,8
1476,Kids & Cartoon,Silk Thread,2026,7,No,Tuesday,,Supermarket,30.9,Cash,1,Bhatia Rakhi Bazaar,19.74,5
5805,Kids & Cartoon,Silk Thread,2026,2,Yes,Saturday,Central,Local Street Vendor,28.3,UPI,8,Aggarwal Rakhi Hub 144,13.19,27
36,Premium & Jewelry,Sandalwood (Chandan),2026,7,Yes,Sunday,East,Local Street Vendor,26.0,Cash,2,Aggarwal Emporium,142.61,7
1598,Premium & Jewelry,Silk Thread,2026,4,#Yes,Saturday,Central,Supermarket,36.3,Cash,6,Aggarwal Rakhi Hub 212,126.62,27
445,Premium & Jewelry,Sterling Silver,2026,2,No,Friday,West,Supermarket,29.3,Cash,7,Nanda Rakhi Hub 89,655.45,27
2360,Premium & Jewelry,Sterling Silver,2026,7,nO,Tuesday,North,Supermarket,31.7,UPI,1,Jain Rakhi Hub 154,613.88,7
3655,Kids & Cartoon,Silk Thread,2026,5,No,Thursday,West,Local Street Vendor,32.1,UPI,3,Gupta Rakhi Hub 299,14.27,15
5540,Premium & Jewelry,Sandalwood (Chandan),2026,3,Yes,Saturday,North,Supermarket,36.3,Cash,8,Bhatia Gift House,205.43,26
3180,Kids & Cartoon,Silk Thread,2026,4,No,Monday,North,Local Street Vendor,33.9,Credit Card,6,Chopra Rakhi Hub 156,16.93,36
1287,Kids & Cartoon,Silk Thread,2026,5,No,Monday,,Local Street Vendor,42.2,Cash,5,Malhotra Emporium,11.49,18
5941,Kids & Cartoon,Silk Thread,2026,2,nO,Wednesday,North,Supermarket,35.7,Cash,5,Tandon Rakhi Point,18.75,16
4446,Kids & Cartoon,Silk Thread,2026,6,No,Wednesday,,Supermarket,27.2,Credit Card,5,Tandon Rakhi Hub 168,18.01,21
3417,Kids & Cartoon,Silk Thread,2026,7,#Yes,Sunday,Central,Online,,UPI,5,Saxena Rakhi Hub 49,16.9,22
2138,Eco-Friendly,Sterling Silver,2026,1,Yes,Sunday,North,Local Street Vendor,31.4,Cash,15,Jain Rakhi Hub 150,127.75,38
2637,Kids & Cartoon,Silk Thread,2026,3,Yes,Sunday,East,Local Street Vendor,36.4,Credit Card,14,Jain Rakhi Hub 223,13.0,33
4017,Premium & Jewelry,Sterling Silver,2026,7,No,Wednesday,East,Online,27.7,UPI,1,Goel Rakhi Hub 15,723.51,6
2404,Eco-Friendly,Sandalwood (Chandan),2026,1,#Yes,Sunday,,Online,18.9,Cash,17,Goel Handicrafts,72.02,27
1682,Eco-Friendly,Sandalwood (Chandan),2026,4,No,Monday,West,Local Street Vendor,32.4,Cash,3,Kapoor Rakhi Hub 118,172.21,10
5830,Eco-Friendly,Silk Thread,2026,1,No,Thursday,West,Local Street Vendor,31.1,Cash,4,Khanna Rakhi Hub 203,21.79,20
5276,Eco-Friendly,Sandalwood (Chandan),2026,4,#Yes,Saturday,Central,Local Street Vendor,30.5,Cash,7,Goel Rakhi Hub 15,45.9,32
1693,Premium & Jewelry,Sterling Silver,2026,4,No,Thursday,West,Supermarket,31.6,UPI,6,Chopra Rakhi Point,485.42,21
660,Kids & Cartoon,Silk Thread,2026,4,No,Tuesday,East,Supermarket,30.2,UPI,5,Arora Rakhi Hub 46,17.22,23
1817,Eco-Friendly,Sandalwood (Chandan),2026,2,No,Tuesday,East,Local Street Vendor,33.8,Credit Card,3,Mehra Rakhi Hub 285,70.02,21
3636,Premium & Jewelry,Sterling Silver,2026,6,No,Monday,East,Supermarket,,Cash,3,Kapoor Rakhi Hub 97,715.31,11
373,Kids & Cartoon,Sandalwood (Chandan),2026,1,No,Tuesday,East,Local Street Vendor,38.2,Credit Card,8,Kapoor Rakhi Hub 199,25.99,40
5916,Kids & Cartoon,Silk Thread,2026,3,No,Friday,East,Supermarket,26.6,Cash,4,Goel Rakhi Corner,14.31,15
5454,Premium & Jewelry,Sterling Silver,2026,4,No,Tuesday,North,Supermarket,,Cash,8,Tandon Rakhi Hub 296,574.28,29
4883,Kids & Cartoon,Silk Thread,2026,7,Yes,Sunday,West,Local Street Vendor,29.7,Cash,1,Nanda Rakhi Hub 279,15.53,6
3431,Kids & Cartoon,Silk Thread,2026,2,No,Wednesday,East,Local Street Vendor,35.4,UPI,13,Tandon Rakhi Hub 60,13.61,58
141,Kids & Cartoon,Silk Thread,2026,7,nO,Friday,Central,Supermarket,33.2,Cash,6,Chawla Rakhi Hub 102,14.56,19
4885,Eco-Friendly,Sandalwood (Chandan),2026,1,yES,Sunday,West,Local Street Vendor,24.4,Cash,5,Kapoor Handicrafts,49.84,15
4420,Kids & Cartoon,Silk Thread,2026,2,No,Friday,West,Supermarket,31.2,Credit Card,11,Jain Traditions,16.71,43
5761,Premium & Jewelry,Sterling Silver,2026,2,Yes,Saturday,North,Local Street Vendor,28.7,Cash,58,Goel Handicrafts,2361.56,218
5105,Eco-Friendly,Sandalwood (Chandan),2026,1,No,Wednesday,East,Online,31.4,Cash,6,Aggarwal Rakhi Hub 157,83.06,31
715,Eco-Friendly,Sandalwood (Chandan),2026,1,No,Friday,,Local Street Vendor,35.3,Cash,6,Verma Rakhi Hub 236,55.06,20
5244,Premium & Jewelry,Sterling Silver,2026,4,No,Thursday,North,Supermarket,33.7,Cash,4,Goel Rakhi Hub 208,770.94,20
3189,Premium & Jewelry,Silk Thread,2026,4,No,Friday,West,Online,29.2,Cash,2,Sethi Rakhi Corner,111.26,12
3644,Premium & Jewelry,Sterling Silver,2026,7,Yes,Sunday,East,Supermarket,37.9,UPI,6,Tandon Rakhi Corner,692.99,6
4432,Eco-Friendly,Sandalwood (Chandan),2026,3,No,Monday,East,Local Street Vendor,27.4,Credit Card,9,Bhatia Handicrafts,54.17,47
5614,Kids & Cartoon,Silk Thread,2026,4,Yes,Saturday,East,Local Street Vendor,34.5,UPI,5,Chopra Rakhi Store,52.93,15
407,Premium & Jewelry,Sandalwood (Chandan),2026,4,Yes,Saturday,East,Supermarket,47.9,Cash,3,Kapoor Rakhi Hub 287,167.66,14
21,Eco-Friendly,Sandalwood (Chandan),2026,5,No,Tuesday,Central,Supermarket,27.2,UPI,4,Kapoor Handicrafts,62.01,20
1005,Kids & Cartoon,Silk Thread,2026,2,Yes,Saturday,Central,Supermarket,27.1,Cash,6,Chawla Handicrafts,20.79,21
4987,Kids & Cartoon,Silk Thread,2026,2,No,Thursday,Central,Local Street Vendor,32.0,Cash,11,Jain Rakhi Store,19.43,38
2412,Eco-Friendly,Sandalwood (Chandan),2026,3,No,Monday,East,Supermarket,32.1,Cash,24,Nanda Rakhi Hub 21,57.31,74
2546,Kids & Cartoon,Silk Thread,2026,7,Yes,Sunday,Central,Local Street Vendor,35.1,Credit Card,2,Goel Rakhi Hub 116,11.04,9
3773,Kids & Cartoon,Silk Thread,2026,4,Yes,Saturday,East,Local Street Vendor,38.3,Cash,6,Bhatia Rakhi Hub 3,14.85,19
2391,Kids & Cartoon,Silk Thread,2026,6,No,Wednesday,West,Supermarket,32.8,Cash,2,Sharma Rakhi Hub 226,15.98,13
2254,Kids & Cartoon,Silk Thread,2026,5,Yes,Sunday,East,Supermarket,27.7,Cash,4,Saxena Rakhi Point,14.29,21
43,Eco-Friendly,Sandalwood (Chandan),2026,3,#Yes,Sunday,West,Supermarket,28.7,UPI,5,Goel Rakhi Hub 243,67.62,21
2831,Premium & Jewelry,Sterling Silver,2026,7,No,Tuesday,East,Online,30.9,UPI,4,Malhotra Rakhi Corner,520.84,18
3372,Premium & Jewelry,Sterling Silver,2026,2,Yes,Saturday,North,Online,33.4,Credit Card,6,Khanna Rakhi Hub 85,919.98,16
3023,Kids & Cartoon,Sandalwood (Chandan),2026,6,Yes,Sunday,West,Online,33.8,Credit Card,4,Jain Rakhi Hub 72,32.09,13
3365,Kids & Cartoon,Silk Thread,2026,1,Yes,Sunday,West,Supermarket,27.1,Cash,11,Sethi Rakhi Hub 174,16.87,39
4400,Eco-Friendly,Sandalwood (Chandan),2026,5,No,Friday,Central,Supermarket,30.9,UPI,4,Sethi Rakhi Hub 242,69.55,19
5253,Premium & Jewelry,Sterling Silver,2026,5,Yes,Saturday,East,Supermarket,31.1,UPI,10,Sethi Rakhi Hub 19,609.22,25
12,Eco-Friendly,Sandalwood (Chandan),2026,2,#Yes,Saturday,Central,Online,37.9,Cash,7,Aggarwal Rakhi Hub 74,70.18,21
4761,Kids & Cartoon,Silk Thread,2026,7,No,Monday,East,Local Street Vendor,33.1,UPI,3,Mehra Rakhi Hub 148,13.43,13
1178,Kids & Cartoon,Sandalwood (Chandan),2026,4,No,Wednesday,East,Supermarket,35.6,UPI,3,Mehra Rakhi Hub 275,31.91,9
1948,Eco-Friendly,Sandalwood (Chandan),2026,6,No,Friday,Central,Supermarket,35.3,Cash,3,Khanna Gift House,62.06,9
2502,Kids & Cartoon,Silk Thread,2026,6,No,Monday,North,Online,32.5,Cash,6,Chopra Rakhi & Gifts,24.55,21
2864,Premium & Jewelry,Sterling Silver,2026,4,No,Tuesday,West,Supermarket,33.5,Credit Card,6,Khanna Rakhi Hub 293,749.28,18
3866,Kids & Cartoon,Silk Thread,2026,5,Yes,Saturday,Central,Local Street Vendor,49.2,UPI,1,Sethi Rakhi Hub 76,9.41,4
1027,Eco-Friendly,Sandalwood (Chandan),2026,2,No,Wednesday,Central,Local Street Vendor,33.0,UPI,33,Sethi Rakhi Hub 286,53.16,33
3849,Premium & Jewelry,Sterling Silver,2026,6,No,Friday,North,Local Street Vendor,30.4,Cash,1,Gupta Rakhi Point,634.72,6
2990,Kids & Cartoon,Silk Thread,2026,5,No,Monday,West,Local Street Vendor,27.3,Cash,4,Goel Rakhi Hub 105,16.95,15
962,Kids & Cartoon,Silk Thread,2026,7,nO,Friday,North,Local Street Vendor,29.7,UPI,2,Arora Emporium,20.21,10
2890,Premium & Jewelry,Sterling Silver,2026,3,nO,Thursday,North,Supermarket,35.9,UPI,13,Tandon Rakhi Hub 296,580.88,47
3016,Eco-Friendly,Sandalwood (Chandan),2026,6,No,Tuesday,North,Online,35.6,Credit Card,6,Malhotra Rakhi Corner,87.59,17
3339,Premium & Jewelry,Sterling Silver,2026,1,No,Friday,East,Local Street Vendor,35.4,Cash,5,Khanna Rakhi Hub 85,541.52,21
5666,Kids & Cartoon,Silk Thread,2026,7,nO,Thursday,West,Supermarket,26.4,Credit Card,1,Kapoor Rakhi Bazaar,18.71,6
736,Kids & Cartoon,Sandalwood (Chandan),2026,2,No,Thursday,West,Online,33.1,UPI,8,Verma Handicrafts,41.54,48
4401,Eco-Friendly,Sandalwood (Chandan),2026,4,nO,Tuesday,East,Local Street Vendor,30.6,UPI,6,Gupta Emporium,42.12,31
1441,Premium & Jewelry,Sandalwood (Chandan),2026,6,Yes,Sunday,Central,Supermarket,31.7,UPI,6,Sharma Gift House,204.21,15
2876,Premium & Jewelry,Sterling Silver,2026,3,#Yes,Saturday,East,Local Street Vendor,41.3,Credit Card,5,Mehra Rakhi Hub 16,514.97,14
3987,Premium & Jewelry,Sandalwood (Chandan),2026,6,Yes,Saturday,North,Online,26.3,Credit Card,6,Tandon Rakhi Hub 168,287.31,24
917,Premium & Jewelry,Sterling Silver,2026,3,nO,Thursday,Central,Local Street Vendor,33.3,Cash,2,Jain Gift House,468.29,12
456,Premium & Jewelry,Silk Thread,2026,4,nO,Thursday,West,Local Street Vendor,31.5,Cash,4,Bansal Rakhi Hub 274,124.4,18
1987,Premium & Jewelry,Sandalwood (Chandan),2026,2,Yes,Sunday,Central,Local Street Vendor,34.5,Cash,6,Bhatia Rakhi Hub 2,131.24,14
4090,Premium & Jewelry,Sterling Silver,2026,6,No,Monday,Central,Supermarket,28.6,Cash,2,Arora Traditions,592.6,6
2090,Kids & Cartoon,Silk Thread,2026,7,nO,Tuesday,West,Local Street Vendor,33.6,Credit Card,0,Kapoor Rakhi Point,16.61,3
1960,Kids & Cartoon,Sandalwood (Chandan),2026,6,#Yes,Sunday,West,Supermarket,33.4,UPI,9,Bansal Emporium,28.18,22
2773,Eco-Friendly,Sandalwood (Chandan),2026,5,No,Tuesday,West,Local Street Vendor,49.5,UPI,4,Tandon Rakhi Hub 163,66.73,28
1625,Kids & Cartoon,Silk Thread,2026,4,Yes,Sunday,West,Supermarket,35.0,Cash,11,Saxena Rakhi Hub 138,18.03,36
3121,Premium & Jewelry,Sterling Silver,2026,1,nO,Thursday,West,Supermarket,30.6,UPI,12,Goel Emporium,563.68,55
822,Kids & Cartoon,Sandalwood (Chandan),2026,5,Yes,Sunday,North,Online,31.1,Credit Card,11,Mehra Rakhi Hub 209,37.91,46
1368,Premium & Jewelry,Silk Thread,2026,1,nO,Tuesday,North,Online,34.9,Cash,5,Kapoor Rakhi Hub 287,137.75,25
3713,Eco-Friendly,Sandalwood (Chandan),2026,1,Yes,Saturday,West,Local Street Vendor,34.4,Credit Card,6,Rastogi Rakhi Store,46.67,27
763,Premium & Jewelry,Sandalwood (Chandan),2026,1,nO,Thursday,West,Online,34.8,UPI,17,Kapoor Rakhi Point,240.21,71
3534,Premium & Jewelry,Sterling Silver,2026,5,No,Friday,East,Supermarket,36.7,UPI,6,Verma Rakhi Bazaar,604.37,25
851,Premium & Jewelry,Sandalwood (Chandan),2026,6,#Yes,Saturday,West,Local Street Vendor,30.5,Cash,6,Rastogi Handicrafts,196.64,15
1001,Premium & Jewelry,Silk Thread,2026,7,No,Wednesday,West,Local Street Vendor,32.9,Cash,5,Mehra Rakhi Hub 128,98.94,18
5958,Premium & Jewelry,Sterling Silver,2026,7,No,Monday,North,Online,32.9,UPI,3,Mehra Rakhi Point,885.44,12
4115,Eco-Friendly,Sterling Silver,2026,3,Yes,Sunday,,Online,33.2,Cash,2,Bhatia Rakhi Hub 204,225.35,7
1638,Eco-Friendly,Sandalwood (Chandan),2026,3,No,Thursday,East,Local Street Vendor,33.2,Cash,6,Khanna Emporium,44.2,17
1668,Premium & Jewelry,Sterling Silver,2026,2,No,Monday,North,Local Street Vendor,25.7,Credit Card,5,Mehra Rakhi Hub 110,457.2,24
4590,Eco-Friendly,Sandalwood (Chandan),2026,3,No,Monday,Central,Local Street Vendor,34.0,Cash,6,Kapoor Rakhi Hub 63,46.23,25
3174,Eco-Friendly,Silk Thread,2026,4,No,Tuesday,East,Supermarket,34.1,Cash,6,Bansal Rakhi Hub 274,30.32,38
2492,Kids & Cartoon,Sandalwood (Chandan),2026,7,No,Thursday,North,Supermarket,32.7,Cash,4,Chawla Rakhi Hub 265,43.95,17
1348,Kids & Cartoon,Silk Thread,2026,5,No,Friday,East,Supermarket,32.4,Cash,3,Bhatia Rakhi Hub 254,22.72,14
1844,Eco-Friendly,Sandalwood (Chandan),2026,7,No,Friday,North,Online,31.1,Cash,2,Sharma Rakhi Hub 59,57.9,7
3231,Kids & Cartoon,Silk Thread,2026,2,Yes,Sunday,East,Online,28.6,Credit Card,8,Kapoor Gift House,18.08,31
146,Premium & Jewelry,Sterling Silver,2026,3,Yes,Sunday,West,Local Street Vendor,30.4,Cash,6,Chawla Rakhi Hub 24,498.78,17
2730,Eco-Friendly,Sandalwood (Chandan),2026,3,No,Thursday,,Local Street Vendor,31.1,Cash,9,Khanna Rakhi Hub 215,67.22,39
4784,Kids & Cartoon,Silk Thread,2026,3,#Yes,Saturday,North,Local Street Vendor,28.5,Cash,3,Tandon Rakhi Bazaar,11.78,14
2386,Eco-Friendly,Sandalwood (Chandan),2026,2,Yes,Saturday,Central,Supermarket,29.7,UPI,7,Aggarwal Rakhi Hub 284,385.61,28
3233,Kids & Cartoon,Silk Thread,2026,6,No,Friday,West,Supermarket,33.4,Cash,2,Mehra Rakhi Hub 167,17.68,7
754,Kids & Cartoon,Sandalwood (Chandan),2026,1,No,Thursday,East,Supermarket,28.0,Cash,7,Sharma Rakhi Hub 141,30.49,48
704,Eco-Friendly,Silk Thread,2026,4,No,Wednesday,North,Supermarket,34.0,UPI,11,Verma Rakhi Hub 151,39.34,33
5106,Kids & Cartoon,Silk Thread,2026,3,No,Wednesday,North,Local Street Vendor,38.5,Cash,4,Saxena Rakhi Hub 278,14.25,13
3864,Kids & Cartoon,Sandalwood (Chandan),2026,4,No,Friday,East,Online,33.7,Cash,10,Bansal Rakhi Hub 8,32.16,32
3292,Eco-Friendly,Sandalwood (Chandan),2026,6,No,Wednesday,East,Online,33.5,Cash,4,Saxena Rakhi Hub 83,62.55,12
3674,Kids & Cartoon,Silk Thread,2026,6,No,Tuesday,East,Supermarket,32.5,Cash,4,Mehra Rakhi Hub 256,17.62,17
2409,Kids & Cartoon,Silk Thread,2026,6,No,Friday,North,Local Street Vendor,30.9,Cash,9,Mehra Rakhi Hub 88,12.03,27
2052,Premium & Jewelry,Silk Thread,2026,1,#Yes,Saturday,North,Local Street Vendor,34.2,Cash,18,Mehra Rakhi Hub 88,109.37,42
1328,Kids & Cartoon,Silk Thread,2026,5,nO,Friday,North,Local Street Vendor,29.7,Cash,2,Gupta Rakhi Hub 187,12.16,7
4461,Kids & Cartoon,Sandalwood (Chandan),2026,6,Yes,Sunday,North,Supermarket,29.3,Cash,3,Sharma Rakhi Store,28.11,11
5407,Kids & Cartoon,Silk Thread,2026,1,nO,Monday,Central,Local Street Vendor,25.4,UPI,12,Arora Rakhi Corner,12.47,38
1517,Premium & Jewelry,Sandalwood (Chandan),2026,4,nO,Tuesday,North,Supermarket,45.6,Credit Card,1,Verma Rakhi Hub 236,203.89,7
4910,Premium & Jewelry,Sandalwood (Chandan),2026,6,#Yes,Saturday,West,Online,38.5,Cash,7,Jain Rakhi Hub 150,315.44,21
4441,Premium & Jewelry,Sterling Silver,2026,3,Yes,Saturday,East,Local Street Vendor,33.3,Cash,19,Khanna Rakhi & Gifts,471.24,66
1215,Premium & Jewelry,Sandalwood (Chandan),2026,3,No,Monday,North,Supermarket,30.7,Cash,7,Gupta Rakhi Hub 187,201.64,37
987,Kids & Cartoon,Silk Thread,2026,7,No,Wednesday,East,Local Street Vendor,30.0,Cash,1,Goel Rakhi Corner,9.16,4
3421,Eco-Friendly,Silk Thread,2026,6,No,Wednesday,North,Supermarket,33.5,Credit Card,1,Rastogi Rakhi Hub 50,31.06,7
990,Eco-Friendly,Silk Thread,2026,5,No,Wednesday,North,Supermarket,35.4,Cash,3,Sharma Gift House,33.89,14
4778,Premium & Jewelry,Sterling Silver,2026,3,Yes,Saturday,North,Supermarket,30.4,Cash,7,Khanna Rakhi Bazaar,758.47,16
3202,Eco-Friendly,Sandalwood (Chandan),2026,5,Yes,Saturday,West,Local Street Vendor,35.8,UPI,11,Rastogi Rakhi Hub 224,47.32,28
4050,Eco-Friendly,Sandalwood (Chandan),2026,4,No,Thursday,North,Local Street Vendor,,Cash,15,Tandon Rakhi Point,60.3,59
3486,Eco-Friendly,Silk Thread,2026,5,Yes,Sunday,East,Supermarket,33.1,Credit Card,6,Bhatia Rakhi Hub 51,29.94,20
2475,Kids & Cartoon,Silk Thread,2026,3,No,Monday,East,Online,35.1,Credit Card,3,Aggarwal Rakhi Hub 247,21.74,11
5239,Kids & Cartoon,Silk Thread,2026,4,No,Thursday,East,Online,30.5,Cash,21,Jain Rakhi Bazaar,21.37,99
3874,Premium & Jewelry,Sterling Silver,2026,6,No,Thursday,Central,Supermarket,34.2,Credit Card,3,Bansal Rakhi Hub 237,605.77,12
1199,Premium & Jewelry,Silk Thread,2026,6,Yes,Saturday,East,Supermarket,26.5,Cash,5,Khanna Rakhi Corner,100.47,20
4182,Premium & Jewelry,Sterling Silver,2026,4,No,Monday,East,Local Street Vendor,33.0,Cash,4,Nanda Rakhi & Gifts,561.66,19
1519,Premium & Jewelry,Sterling Silver,2026,5,nO,Monday,Central,Supermarket,34.1,Cash,3,Malhotra Rakhi Corner,957.32,14
5513,Kids & Cartoon,Silk Thread,2026,1,No,Tuesday,North,Local Street Vendor,29.4,UPI,6,Tandon Handicrafts,11.41,22
5478,Kids & Cartoon,Silk Thread,2026,3,No,Tuesday,North,Supermarket,,Cash,5,Rastogi Gift House,19.73,20
1800,Kids & Cartoon,Silk Thread,2026,3,nO,Friday,East,Supermarket,29.4,Credit Card,10,Mehra Rakhi Hub 240,15.6,34
1015,Kids & Cartoon,Silk Thread,2026,7,nO,Tuesday,Central,Local Street Vendor,31.2,UPI,2,Sharma Rakhi Hub 84,11.6,7
129,Premium & Jewelry,Sterling Silver,2026,1,Yes,Sunday,East,Local Street Vendor,30.9,Cash,7,Bansal Rakhi Hub 134,615.82,19
1365,Kids & Cartoon,Silk Thread,2026,7,Yes,Sunday,East,Supermarket,32.6,Credit Card,5,Tandon Rakhi Hub 103,15.9,15
3628,Kids & Cartoon,Silk Thread,2026,5,Yes,Saturday,East,Supermarket,44.6,Credit Card,9,Chawla Rakhi Hub 104,15.3,35
4471,Eco-Friendly,Silk Thread,2026,4,No,Tuesday,North,Supermarket,25.8,UPI,7,Aggarwal Emporium,32.94,26
892,Eco-Friendly,Sandalwood (Chandan),2026,2,No,Wednesday,Central,Supermarket,45.5,UPI,8,Tandon Gift House,61.22,31
2794,Eco-Friendly,Sandalwood (Chandan),2026,1,Yes,Sunday,North,Supermarket,38.9,UPI,5,Sethi Rakhi Hub 33,61.47,24
3331,Eco-Friendly,Sandalwood (Chandan),2026,4,Yes,Sunday,West,Local Street Vendor,32.1,Credit Card,5,Verma Handicrafts,52.74,15
5456,Kids & Cartoon,Sterling Silver,2026,1,No,Monday,West,Local Street Vendor,30.7,Credit Card,5,Aggarwal Gift House,81.11,28
4404,Premium & Jewelry,Sterling Silver,2026,7,No,Friday,North,Online,30.2,Cash,2,Malhotra Rakhi Hub 38,833.17,7
3402,Eco-Friendly,Sandalwood (Chandan),2026,7,nO,Thursday,,Local Street Vendor,31.1,Credit Card,2,Goel Rakhi Hub 239,35.42,10
5414,Premium & Jewelry,Sterling Silver,2026,3,No,Monday,West,Local Street Vendor,32.5,Credit Card,5,Sethi Rakhi Hub 76,381.27,15
3446,Kids & Cartoon,Silk Thread,2026,5,Yes,Saturday,Central,Local Street Vendor,33.3,Credit Card,9,Tandon Rakhi Hub 47,12.08,25
3250,Kids & Cartoon,Silk Thread,2026,1,Yes,Saturday,West,Online,,UPI,7,Sethi Rakhi Hub 173,18.12,29
4179,Kids & Cartoon,Silk Thread,2026,3,nO,Tuesday,Central,Supermarket,26.3,Cash,10,Rastogi Gift House,20.33,33
1209,Premium & Jewelry,Sterling Silver,2026,1,nO,Monday,East,Supermarket,32.0,Cash,15,Malhotra Gift House,734.58,72
3869,Kids & Cartoon,Silk Thread,2026,4,Yes,Saturday,East,Local Street Vendor,31.2,Cash,6,Malhotra Rakhi Bazaar,13.45,15
3178,Kids & Cartoon,Silk Thread,2026,5,No,Friday,East,Local Street Vendor,31.2,UPI,2,Gupta Rakhi & Gifts,10.37,7
4066,Eco-Friendly,Sandalwood (Chandan),2026,2,No,Thursday,West,Local Street Vendor,36.3,Credit Card,11,Arora Rakhi Hub 114,44.89,41
4893,Kids & Cartoon,Silk Thread,2026,5,No,Thursday,Central,Local Street Vendor,29.6,Credit Card,6,Chawla Festive Mart,10.08,25
1982,Kids & Cartoon,Silk Thread,2026,4,Yes,Sunday,West,Local Street Vendor,26.6,UPI,8,Chopra Rakhi Hub 153,13.24,31
1240,Premium & Jewelry,Sandalwood (Chandan),2026,7,No,Friday,West,Local Street Vendor,30.0,Credit Card,1,Bansal Rakhi Hub 134,151.45,6
2290,Premium & Jewelry,Sterling Silver,2026,3,No,Thursday,East,Supermarket,29.2,Credit Card,5,Goel Rakhi Hub 54,921.55,19
2741,Premium & Jewelry,Sterling Silver,2026,5,#Yes,Sunday,West,Online,36.0,Cash,3,Arora Rakhi Hub 235,617.63,12
276,Kids & Cartoon,Silk Thread,2026,6,No,Monday,West,Supermarket,33.0,Cash,3,Sethi Rakhi Hub 173,13.96,10
4586,Eco-Friendly,Sandalwood (Chandan),2026,5,No,Tuesday,West,Supermarket,30.8,Cash,9,Aggarwal Rakhi Hub 157,73.67,40
1036,Kids & Cartoon,Silk Thread,2026,3,No,Thursday,East,Supermarket,26.7,UPI,8,Arora Festive Mart,15.55,28
1230,Premium & Jewelry,Sandalwood (Chandan),2026,2,No,Friday,Central,Local Street Vendor,28.1,UPI,5,Saxena Rakhi Hub 83,145.57,17
1009,Eco-Friendly,Sterling Silver,2026,1,No,Tuesday,North,Online,29.0,Cash,6,Khanna Rakhi Hub 45,264.96,26
3547,Kids & Cartoon,Silk Thread,2026,6,Yes,Saturday,West,Local Street Vendor,32.5,Cash,9,Sethi Rakhi Hub 113,68.48,25
5179,Kids & Cartoon,Sandalwood (Chandan),2026,1,Yes,Saturday,East,Online,33.5,Credit Card,42,Kapoor Rakhi Hub 257,34.46,98
3829,Eco-Friendly,Sandalwood (Chandan),2026,7,No,Friday,East,Supermarket,27.8,UPI,5,Bansal Rakhi Hub 82,82.81,17
2533,Kids & Cartoon,Silk Thread,2026,7,Yes,Sunday,East,Local Street Vendor,30.6,Cash,2,Kapoor Festive Mart,11.9,5
4294,Kids & Cartoon,Silk Thread,2026,3,Yes,Saturday,West,Supermarket,30.7,Credit Card,7,Chawla Emporium,20.11,26
1059,Kids & Cartoon,Silk Thread,2026,6,No,Monday,North,Local Street Vendor,34.8,Cash,2,Chawla Rakhi Point,12.15,8
5696,Premium & Jewelry,Sandalwood (Chandan),2026,4,No,Wednesday,West,Online,30.2,Credit Card,9,Bansal Rakhi Hub 161,237.36,45
282,Premium & Jewelry,Sterling Silver,2026,3,Yes,Sunday,North,Local Street Vendor,29.8,Cash,2,Kapoor Rakhi Hub 31,604.58,8
1044,Kids & Cartoon,Silk Thread,2026,4,Yes,Saturday,East,Local Street Vendor,31.3,Credit Card,3,Rastogi Traditions,15.03,13
1317,Kids & Cartoon,Silk Thread,2026,4,No,Tuesday,East,Local Street Vendor,33.7,UPI,20,Aggarwal Rakhi Hub 157,9.6,24
969,Kids & Cartoon,Silk Thread,2026,6,Yes,Sunday,Central,Supermarket,44.8,Cash,2,Chopra Rakhi Point,17.77,7
2382,Premium & Jewelry,Sterling Silver,2026,2,nO,Friday,East,Supermarket,34.2,Cash,5,Aggarwal Rakhi Hub 179,862.34,20
2547,Eco-Friendly,Sandalwood (Chandan),2026,5,Yes,Sunday,Central,Online,32.8,UPI,16,Sethi Rakhi Hub 131,50.34,43
1940,Premium & Jewelry,Sterling Silver,2026,3,Yes,Sunday,,Local Street Vendor,33.1,UPI,22,Saxena Rakhi Hub 17,494.5,15
5756,Kids & Cartoon,Silk Thread,2026,4,yES,Saturday,Central,Supermarket,27.8,UPI,11,Rastogi Rakhi Hub 50,16.68,35
1275,Premium & Jewelry,Silk Thread,2026,5,Yes,Sunday,East,Online,30.9,Cash,3,Sethi Rakhi Hub 174,94.4,7
620,Premium & Jewelry,Sterling Silver,2026,3,Yes,Sunday,West,Supermarket,30.5,Cash,3,Bansal Rakhi Hub 268,631.68,14
5823,Eco-Friendly,Sandalwood (Chandan),2026,4,No,Tuesday,East,Local Street Vendor,33.2,Cash,5,Bansal Rakhi Hub 268,46.04,21
1743,Premium & Jewelry,Sandalwood (Chandan),2026,2,No,Thursday,North,Supermarket,32.9,UPI,4,Mehra Emporium,174.07,12
1391,Eco-Friendly,Silk Thread,2026,1,nO,Monday,West,Supermarket,29.8,Cash,5,Chawla Rakhi Hub 104,28.83,21
4612,Kids & Cartoon,Silk Thread,2026,4,No,Wednesday,North,Online,32.7,Cash,3,Rastogi Rakhi Hub 143,18.17,13
1580,Eco-Friendly,Sandalwood (Chandan),2026,2,yES,Sunday,North,Supermarket,34.9,Credit Card,9,Jain Rakhi Hub 72,65.97,38
1656,Kids & Cartoon,Silk Thread,2026,2,No,Monday,East,Local Street Vendor,33.3,Cash,4,Rastogi Rakhi Point,15.96,17
3569,Eco-Friendly,Silk Thread,2026,2,No,Friday,East,Supermarket,31.9,Cash,12,Arora Rakhi Hub 220,31.5,43
2353,Premium & Jewelry,Sandalwood (Chandan),2026,1,No,Wednesday,Central,Supermarket,28.9,Credit Card,6,Kapoor Rakhi Hub 66,197.38,31
2213,Eco-Friendly,Sandalwood (Chandan),2026,3,No,Friday,Central,Local Street Vendor,30.7,Cash,8,Sethi Rakhi Hub 242,50.12,23
410,Eco-Friendly,Silk Thread,2026,4,Yes,Saturday,North,Online,28.8,Cash,4,Verma Rakhi Hub 95,46.04,13
3179,Premium & Jewelry,Silk Thread,2026,2,No,Wednesday,Central,Supermarket,38.1,Credit Card,4,Nanda Rakhi Hub 28,127.86,14
3193,Kids & Cartoon,Silk Thread,2026,7,Yes,Saturday,Central,Local Street Vendor,29.4,Cash,1,Verma Handicrafts,14.03,4
1308,Kids & Cartoon,Silk Thread,2026,5,No,Tuesday,East,Supermarket,30.9,Credit Card,3,Gupta Rakhi Hub 291,16.54,10
576,Kids & Cartoon,Silk Thread,2026,6,Yes,Sunday,West,Local Street Vendor,26.4,Cash,9,Chawla Rakhi Hub 295,13.19,22
2361,Eco-Friendly,Silk Thread,2026,5,No,Monday,Central,Supermarket,31.9,UPI,7,Malhotra Rakhi Hub 64,27.24,26
1281,Kids & Cartoon,Silk Thread,2026,5,No,Friday,East,Local Street Vendor,36.8,Credit Card,1,Tandon Rakhi Hub 60,15.22,6
3731,Eco-Friendly,Silk Thread,2026,5,No,Tuesday,Central,Local Street Vendor,28.9,Credit Card,4,Tandon Rakhi Hub 26,21.45,17
4958,Premium & Jewelry,Sterling Silver,2026,1,Yes,Sunday,North,Supermarket,29.3,Cash,5,Sethi Rakhi Store,562.75,27
5306,Kids & Cartoon,Silk Thread,2026,4,No,Monday,Central,Local Street Vendor,33.3,Credit Card,6,Chopra Handicrafts,9.46,20
1994,Premium & Jewelry,Sandalwood (Chandan),2026,7,No,Friday,East,Local Street Vendor,30.9,Credit Card,1,Gupta Emporium,208.15,6
2640,Premium & Jewelry,Sterling Silver,2026,1,No,Friday,Central,Supermarket,30.9,UPI,7,Chawla Rakhi & Gifts,565.35,26
270,Premium & Jewelry,Sterling Silver,2026,7,Yes,Sunday,West,Supermarket,37.3,Cash,1,Verma Rakhi Hub 30,606.96,3
630,Eco-Friendly,Sandalwood (Chandan),2026,5,Yes,Sunday,North,Supermarket,31.1,Credit Card,9,Saxena Handicrafts,55.65,27
5939,Kids & Cartoon,Silk Thread,2026,3,No,Friday,North,Supermarket,49.4,Credit Card,5,Chopra Rakhi Hub 166,16.8,20
3082,Premium & Jewelry,Sterling Silver,2026,1,No,Wednesday,West,Online,18.8,Cash,9,Malhotra Rakhi Bazaar,635.34,34
3467,Kids & Cartoon,Silk Thread,2026,5,Yes,Sunday,West,Supermarket,28.1,UPI,5,Kapoor Rakhi Hub 199,18.39,16
4325,Premium & Jewelry,Sterling Silver,2026,5,No,Friday,North,Local Street Vendor,32.1,Cash,5,Malhotra Rakhi & Gifts,690.72,25
4397,Premium & Jewelry,Sterling Silver,2026,2,No,Wednesday,,Local Street Vendor,32.9,Cash,7,Bhatia Rakhi Hub 290,541.06,21
4024,Eco-Friendly,Sandalwood (Chandan),2026,4,No,Monday,North,Online,37.3,Cash,10,Kapoor Rakhi Hub 270,84.96,32
4485,Eco-Friendly,Silk Thread,2026,5,Yes,Saturday,West,Local Street Vendor,24.9,UPI,8,Chawla Rakhi Hub 245,24.04,25
5544,Kids & Cartoon,Silk Thread,2026,5,No,Friday,East,Supermarket,,UPI,4,Aggarwal Rakhi Hub 162,19.13,16
5569,Premium & Jewelry,Sterling Silver,2026,4,No,Thursday,North,Supermarket,33.9,Cash,2,Goel Rakhi Hub 267,742.71,7
2047,Kids & Cartoon,Silk Thread,2026,5,Yes,Saturday,West,Supermarket,28.2,Credit Card,9,Aggarwal Rakhi Hub 212,22.43,28
4357,Eco-Friendly,Sandalwood (Chandan),2026,7,Yes,Saturday,,Supermarket,35.6,Cash,3,Goel Gift House,71.91,9
2129,Premium & Jewelry,Sterling Silver,2026,7,nO,Friday,West,Local Street Vendor,30.5,UPI,2,Saxena Rakhi Hub 294,576.25,7
2114,Kids & Cartoon,Silk Thread,2026,1,No,Monday,West,Supermarket,35.1,UPI,18,Khanna Festive Mart,14.39,54
28,Premium & Jewelry,Sterling Silver,2026,1,No,Wednesday,East,Supermarket,30.1,Credit Card,4,Rastogi Rakhi Hub 231,584.1,21
2041,Premium & Jewelry,Sterling Silver,2026,2,nO,Monday,East,Local Street Vendor,32.0,Credit Card,8,Nanda Rakhi Hub 229,505.84,24
3929,Premium & Jewelry,Silk Thread,2026,5,No,Wednesday,East,Supermarket,32.0,Cash,8,Bhatia Emporium,127.11,35
5300,Premium & Jewelry,Sterling Silver,2026,5,Yes,Sunday,West,Local Street Vendor,37.5,Credit Card,8,Mehra Rakhi Hub 207,606.53,21
3217,Kids & Cartoon,Sandalwood (Chandan),2026,7,No,Monday,East,Online,29.9,Cash,2,Verma Rakhi & Gifts,32.85,8
1241,Eco-Friendly,Sandalwood (Chandan),2026,5,No,Thursday,Central,Local Street Vendor,35.7,Credit Card,2,Tandon Rakhi Hub 47,43.07,8
3815,Kids & Cartoon,Sandalwood (Chandan),2026,4,nO,Wednesday,Central,Supermarket,29.2,Cash,11,Tandon Rakhi Hub 296,32.82,33
130,Kids & Cartoon,Silk Thread,2026,3,No,Tuesday,East,Supermarket,31.2,Cash,26,Arora Rakhi Hub 235,22.68,75
5943,Premium & Jewelry,Sterling Silver,2026,4,No,Tuesday,North,Supermarket,30.9,Cash,10,Jain Rakhi Hub 202,706.68,30
3596,Eco-Friendly,Sandalwood (Chandan),2026,3,Yes,Sunday,East,Local Street Vendor,32.2,Cash,6,Aggarwal Rakhi Hub 212,66.25,28
4600,Kids & Cartoon,Silk Thread,2026,4,nO,Tuesday,North,Online,29.9,UPI,7,Saxena Festive Mart,17.2,21
14,Eco-Friendly,Sandalwood (Chandan),2026,2,No,Friday,East,Supermarket,29.1,UPI,9,Sharma Rakhi Point,70.3,29
900,Kids & Cartoon,Sandalwood (Chandan),2026,4,No,Friday,North,Supermarket,26.5,Credit Card,11,Jain Festive Mart,26.32,50
4477,Kids & Cartoon,Silk Thread,2026,3,No,Friday,East,Online,36.8,Cash,3,Rastogi Rakhi Hub 231,14.98,13
1526,Premium & Jewelry,Sterling Silver,2026,3,No,Monday,West,Supermarket,29.3,UPI,11,Saxena Rakhi Hub 294,748.98,35
2366,Kids & Cartoon,Sandalwood (Chandan),2026,2,yES,Sunday,West,Local Street Vendor,9.2,Cash,9,Aggarwal Rakhi Corner,17.69,24
4649,Kids & Cartoon,Silk Thread,2026,7,No,Friday,East,Local Street Vendor,33.1,UPI,2,Rastogi Festive Mart,13.04,6
3053,Kids & Cartoon,Sandalwood (Chandan),2026,5,No,Monday,Central,Online,35.1,Cash,3,Bansal Rakhi Hub 198,39.5,10
4006,Premium & Jewelry,Sterling Silver,2026,5,No,Monday,East,Online,30.9,Credit Card,6,Sharma Rakhi Hub 78,698.73,17
2341,Premium & Jewelry,Sterling Silver,2026,6,No,Monday,East,Local Street Vendor,32.4,Cash,2,Mehra Rakhi Hub 209,392.75,14
375,Premium & Jewelry,Sterling Silver,2026,4,nO,Monday,East,Local Street Vendor,26.1,Cash,3,Chopra Rakhi Store,406.75,10
5842,Kids & Cartoon,Silk Thread,2026,4,Yes,Sunday,Central,Online,33.5,Cash,24,Jain Rakhi Corner,21.53,74
3123,Kids & Cartoon,Silk Thread,2026,5,nO,Tuesday,Central,Online,33.2,Cash,18,Chopra Rakhi Hub 166,14.61,13
940,Premium & Jewelry,Sterling Silver,2026,2,Yes,Sunday,,Online,33.0,Credit Card,3,Nanda Rakhi Hub 195,912.09,13
988,Premium & Jewelry,Sterling Silver,2026,6,No,Thursday,East,Supermarket,31.6,Cash,4,Tandon Rakhi Corner,662.2,23
5719,Premium & Jewelry,Sterling Silver,2026,5,No,Tuesday,Central,Online,28.1,Credit Card,2,Chopra Rakhi Hub 44,682.19,6
4574,Kids & Cartoon,Silk Thread,2026,4,No,Monday,West,Online,37.5,Cash,4,Malhotra Rakhi Hub 4,22.29,22
2148,Eco-Friendly,Silk Thread,2026,2,No,Tuesday,North,Online,30.5,Credit Card,9,Saxena Rakhi Hub 192,40.15,27
3592,Kids & Cartoon,Silk Thread,2026,5,Yes,Saturday,East,Supermarket,33.0,Credit Card,32,Chawla Rakhi Hub 94,14.09,106
4566,Kids & Cartoon,Silk Thread,2026,6,nO,Thursday,North,Local Street Vendor,32.5,Credit Card,2,Rastogi Gift House,13.63,8
723,Premium & Jewelry,Sterling Silver,2026,3,No,Friday,East,Local Street Vendor,33.5,Cash,13,Sethi Rakhi Hub 175,460.46,51
668,Eco-Friendly,Sandalwood (Chandan),2026,3,nO,Monday,East,Supermarket,28.5,Cash,27,Aggarwal Traditions,56.13,38
3624,Eco-Friendly,Sandalwood (Chandan),2026,5,No,Wednesday,North,Supermarket,28.4,Cash,2,Bansal Rakhi Hub 13,96.35,10
530,Kids & Cartoon,Silk Thread,2026,6,Yes,Saturday,East,Online,35.1,Credit Card,4,Jain Rakhi Hub 150,19.6,14
3715,Eco-Friendly,Sterling Silver,2026,7,No,Wednesday,Central,Online,36.3,UPI,2,Mehra Rakhi Hub 81,198.57,7
5760,Premium & Jewelry,Sterling Silver,2026,6,Yes,Sunday,East,Local Street Vendor,32.3,Cash,3,Jain Rakhi Hub 150,710.05,9
4733,Kids & Cartoon,Silk Thread,2026,1,Yes,Saturday,West,Local Street Vendor,31.9,Cash,8,Nanda Rakhi Point,14.0,24
1270,Kids & Cartoon,Silk Thread,2026,1,nO,Monday,Central,Online,30.9,Cash,4,Jain Rakhi Hub 223,19.61,25
4282,Kids & Cartoon,Silk Thread,2026,4,No,Tuesday,Central,Online,28.4,Cash,17,Sethi Rakhi Hub 173,19.86,19
1395,Eco-Friendly,Sandalwood (Chandan),2026,3,yES,Sunday,West,Online,34.0,Cash,5,Sharma Rakhi Hub 172,85.12,13
4851,Premium & Jewelry,Sterling Silver,2026,6,No,Thursday,,Local Street Vendor,34.2,Cash,3,Gupta Rakhi Bazaar,426.74,8
4010,Kids & Cartoon,Silk Thread,2026,1,No,Wednesday,North,Local Street Vendor,24.7,Credit Card,10,Bhatia Handicrafts,13.49,30
4391,Premium & Jewelry,Sterling Silver,2026,2,yES,Sunday,West,Online,33.5,Cash,11,Mehra Rakhi Hub 6,604.97,30
1798,Premium & Jewelry,Sandalwood (Chandan),2026,6,No,Friday,North,Supermarket,34.7,Credit Card,3,Tandon Rakhi Corner,189.93,10
2980,Eco-Friendly,Sandalwood (Chandan),2026,7,#Yes,Saturday,West,Supermarket,33.3,Cash,22,Sethi Traditions,63.3,23
1442,Premium & Jewelry,Sandalwood (Chandan),2026,3,No,Thursday,West,Supermarket,31.3,Cash,12,Khanna Festive Mart,288.47,37
5995,Kids & Cartoon,Silk Thread,2026,7,No,Thursday,North,Supermarket,28.6,Cash,2,Gupta Rakhi Hub 152,17.16,6
4666,Kids & Cartoon,Silk Thread,2026,1,Yes,Saturday,Central,Local Street Vendor,30.5,Credit Card,18,Jain Rakhi & Gifts,10.88,17
3812,Premium & Jewelry,Sterling Silver,2026,7,No,Tuesday,West,Local Street Vendor,32.7,UPI,1,Goel Rakhi Hub 277,492.86,6
5632,Premium & Jewelry,Sterling Silver,2026,4,No,Friday,Central,Local Street Vendor,29.6,Credit Card,10,Mehra Rakhi Hub 246,406.01,29
1274,Kids & Cartoon,Silk Thread,2026,1,No,Thursday,Central,Supermarket,30.8,Cash,6,Tandon Rakhi Hub 147,14.05,37
4704,Kids & Cartoon,Silk Thread,2026,6,Yes,Saturday,Central,Local Street Vendor,26.2,Cash,4,Bansal Rakhi Hub 13,10.94,11
1713,Eco-Friendly,Sandalwood (Chandan),2026,2,No,Thursday,East,Supermarket,32.2,UPI,6,Bhatia Festive Mart,67.01,38
956,Eco-Friendly,Sandalwood (Chandan),2026,4,No,Monday,West,Online,31.3,Cash,6,Aggarwal Rakhi Hub 55,85.97,20
5937,Premium & Jewelry,Sandalwood (Chandan),2026,6,Yes,Saturday,West,Online,22.3,UPI,3,Verma Rakhi Store,204.38,12
750,Eco-Friendly,Sandalwood (Chandan),2026,2,nO,Wednesday,Central,Local Street Vendor,35.2,Cash,2,Tandon Festive Mart,40.04,10
2622,Eco-Friendly,Sandalwood (Chandan),2026,5,Yes,Sunday,West,Supermarket,32.3,Cash,6,Kapoor Rakhi Hub 36,58.8,14
1556,Eco-Friendly,Sandalwood (Chandan),2026,1,Yes,Sunday,East,Local Street Vendor,32.3,Credit Card,2,Mehra Rakhi Hub 75,40.16,12
404,Premium & Jewelry,Sterling Silver,2026,6,No,Monday,North,Online,31.9,Cash,2,Jain Rakhi Hub 37,813.35,12
2072,Kids & Cartoon,Silk Thread,2026,5,#Yes,Sunday,West,Online,33.8,Credit Card,13,Bhatia Rakhi Hub 18,20.87,30
4069,Eco-Friendly,Silk Thread,2026,6,No,Monday,East,Supermarket,28.2,Cash,2,Verma Rakhi Hub 196,42.91,9
1978,Eco-Friendly,Sandalwood (Chandan),2026,5,No,Friday,Central,Online,31.1,UPI,3,Sharma Rakhi Hub 136,79.86,19
159,Eco-Friendly,Sterling Silver,2026,4,nO,Wednesday,North,Local Street Vendor,32.3,Credit Card,8,Bhatia Rakhi Hub 3,148.88,26
3889,Eco-Friendly,Sterling Silver,2026,1,nO,Monday,Central,Supermarket,32.6,UPI,7,Verma Rakhi Hub 95,273.54,36
5452,Kids & Cartoon,Sandalwood (Chandan),2026,6,No,Thursday,East,Local Street Vendor,27.2,Cash,3,Sharma Rakhi Hub 141,25.48,18
903,Premium & Jewelry,Sterling Silver,2026,4,No,Tuesday,West,Online,31.7,Credit Card,9,Goel Rakhi Hub 100,680.8,30
353,Kids & Cartoon,Silk Thread,2026,3,No,Monday,East,Supermarket,29.7,Cash,6,Goel Rakhi Hub 181,16.68,35
5327,Kids & Cartoon,Silk Thread,2026,2,Yes,Sunday,East,Local Street Vendor,27.3,Cash,2,Sethi Rakhi Hub 40,13.75,10
4541,Premium & Jewelry,Sandalwood (Chandan),2026,5,Yes,Sunday,North,Local Street Vendor,35.3,Cash,4,Malhotra Rakhi Hub 64,149.31,19
4131,Eco-Friendly,Sandalwood (Chandan),2026,3,No,Tuesday,Central,Supermarket,33.3,Credit Card,3,Bansal Rakhi Hub 237,59.1,16
755,Kids & Cartoon,Silk Thread,2026,4,No,Tuesday,North,Local Street Vendor,30.7,UPI,5,Bhatia Rakhi Hub 254,13.42,27
2972,Kids & Cartoon,Silk Thread,2026,7,No,Wednesday,Central,Supermarket,31.2,Credit Card,5,Mehra Rakhi Hub 128,12.03,15
1561,Eco-Friendly,Sandalwood (Chandan),2026,4,No,Thursday,North,Supermarket,26.1,Cash,8,Chawla Gift House,48.11,34
2921,Eco-Friendly,Sandalwood (Chandan),2026,2,Yes,Saturday,Central,Online,28.8,Credit Card,12,Sharma Rakhi Corner,66.43,39
312,Kids & Cartoon,Silk Thread,2026,1,No,Monday,East,Supermarket,36.5,UPI,6,Goel Rakhi Hub 243,15.66,21
4645,Premium & Jewelry,Sterling Silver,2026,6,Yes,Saturday,North,Online,32.4,Credit Card,2,Verma Rakhi Hub 264,829.21,8
662,Eco-Friendly,Sandalwood (Chandan),2026,2,No,Thursday,Central,Supermarket,36.1,Cash,4,Chawla Rakhi & Gifts,62.31,15
1990,Premium & Jewelry,Sandalwood (Chandan),2026,6,nO,Tuesday,North,Local Street Vendor,35.0,Credit Card,3,Kapoor Festive Mart,166.65,13
3666,Kids & Cartoon,Silk Thread,2026,3,No,Wednesday,West,Online,30.0,Credit Card,43,Nanda Emporium,13.99,154
307,Kids & Cartoon,Silk Thread,2026,4,No,Monday,East,Local Street Vendor,33.3,UPI,6,Gupta Emporium,16.39,17
2336,Kids & Cartoon,Silk Thread,2026,3,nO,Friday,West,Local Street Vendor,42.2,Credit Card,2,Tandon Rakhi Hub 163,14.61,17
4791,Kids & Cartoon,Sandalwood (Chandan),2026,7,yES,Sunday,East,Supermarket,27.4,UPI,2,Mehra Rakhi Hub 246,32.38,5
2357,Kids & Cartoon,Silk Thread,2026,2,nO,Friday,Central,Local Street Vendor,34.7,UPI,5,Malhotra Rakhi Hub 64,15.04,23
3703,Kids & Cartoon,Sandalwood (Chandan),2026,5,No,Thursday,North,Online,32.2,Cash,5,Nanda Rakhi Hub 195,35.49,15
3805,Premium & Jewelry,Sterling Silver,2026,4,No,Tuesday,Central,Supermarket,32.5,Cash,3,Tandon Rakhi Hub 147,701.27,18
1928,Eco-Friendly,Sandalwood (Chandan),2026,6,yES,Sunday,West,Local Street Vendor,31.0,UPI,3,Jain Rakhi Hub 223,40.76,18
4209,Kids & Cartoon,Silk Thread,2026,4,#Yes,Saturday,East,Online,33.8,Cash,14,Saxena Rakhi Hub 262,20.1,41
3428,Eco-Friendly,Sandalwood (Chandan),2026,3,No,Wednesday,East,Online,35.7,Credit Card,6,Aggarwal Emporium,72.16,20
750,Eco-Friendly,Sandalwood (Chandan),2026,2,nO,Wednesday,Central,Local Street Vendor,35.2,Cash,2,Tandon Festive Mart,40.04,10
3639,Eco-Friendly,Sandalwood (Chandan),2026,1,No,Wednesday,West,Online,35.4,Cash,32,Chawla Rakhi Hub 102,68.8,47
5833,Kids & Cartoon,Silk Thread,2026,5,Yes,Sunday,North,Online,31.1,Cash,4,Khanna Rakhi Bazaar,21.28,19
1267,Premium & Jewelry,Sterling Silver,2026,6,No,Friday,Central,Supermarket,30.3,Credit Card,5,Rastogi Rakhi Hub 251,498.53,24
5864,Eco-Friendly,Sandalwood (Chandan),2026,2,Yes,Sunday,North,Online,37.4,Cash,17,Chawla Rakhi Hub 155,97.93,41
1276,Kids & Cartoon,Silk Thread,2026,6,#Yes,Saturday,Central,Online,32.6,Cash,1,Goel Rakhi Hub 116,19.08,5
4821,Eco-Friendly,Sandalwood (Chandan),2026,1,No,Tuesday,West,Online,29.1,Cash,10,Bhatia Rakhi Hub 18,64.84,35
3596,Eco-Friendly,Sandalwood (Chandan),2026,3,Yes,Sunday,East,Local Street Vendor,32.2,Cash,6,Aggarwal Rakhi Hub 212,66.25,28
2135,Kids & Cartoon,Silk Thread,2026,6,Yes,Sunday,Central,Local Street Vendor,,Cash,2,Rastogi Rakhi Store,12.74,7
5067,Kids & Cartoon,Silk Thread,2026,2,No,Friday,East,Supermarket,34.9,Credit Card,2,Chopra Rakhi Hub 156,22.27,13
4110,Kids & Cartoon,Silk Thread,2026,3,Yes,Saturday,West,Online,26.1,UPI,18,Jain Rakhi Bazaar,17.83,43
4970,Kids & Cartoon,Silk Thread,2026,4,#Yes,Sunday,North,Online,35.9,Cash,6,Kapoor Rakhi Hub 258,16.2,15
4905,Eco-Friendly,Silk Thread,2026,4,No,Tuesday,East,Local Street Vendor,31.6,Cash,6,Bansal Rakhi Hub 260,19.49,16
515,Kids & Cartoon,Silk Thread,2026,6,Yes,Saturday,East,Local Street Vendor,34.1,Credit Card,3,Gupta Rakhi Hub 68,12.03,8
4107,Eco-Friendly,Sandalwood (Chandan),2026,4,No,Monday,East,Online,,Credit Card,7,Bhatia Rakhi & Gifts,78.35,20
410,Eco-Friendly,Silk Thread,2026,4,Yes,Saturday,North,Online,28.8,Cash,4,Verma Rakhi Hub 95,46.04,13
1869,Kids & Cartoon,Silk Thread,2026,2,Yes,Saturday,West,Supermarket,24.8,Credit Card,7,Chawla Rakhi Bazaar,22.42,24
4781,Kids & Cartoon,Silk Thread,2026,5,nO,Friday,West,Supermarket,34.0,Credit Card,2,Saxena Rakhi Hub 227,15.07,13
2849,Eco-Friendly,Sandalwood (Chandan),2026,3,Yes,Saturday,,Local Street Vendor,29.4,UPI,10,Bhatia Rakhi Hub 182,47.63,23
2825,Eco-Friendly,Sandalwood (Chandan),2026,1,No,Tuesday,North,Online,,Cash,14,Nanda Rakhi Corner,232.42,52
208,Kids & Cartoon,Silk Thread,2026,5,No,Wednesday,West,Local Street Vendor,33.1,Credit Card,3,Chawla Rakhi Hub 186,10.78,10
2490,Kids & Cartoon,Silk Thread,2026,3,No,Tuesday,Central,Local Street Vendor,33.9,UPI,6,Khanna Rakhi Hub 120,12.93,19
459,Eco-Friendly,Sandalwood (Chandan),2026,5,No,Monday,,Supermarket,32.3,UPI,3,Jain Handicrafts,55.53,20
2055,Kids & Cartoon,Sandalwood (Chandan),2026,1,nO,Wednesday,West,Local Street Vendor,28.8,Cash,5,Chopra Rakhi Hub 241,18.64,23
2431,Eco-Friendly,Sterling Silver,2026,2,yES,Saturday,West,Local Street Vendor,33.9,Credit Card,3,Saxena Rakhi Hub 23,207.77,14
251,Kids & Cartoon,Silk Thread,2026,2,No,Thursday,North,Supermarket,31.9,Credit Card,13,Chawla Rakhi Hub 94,20.11,40
2483,Premium & Jewelry,Sandalwood (Chandan),2026,3,#Yes,Sunday,West,Supermarket,27.6,Cash,15,Malhotra Handicrafts,275.98,47
5438,Premium & Jewelry,Sterling Silver,2026,1,nO,Tuesday,East,Local Street Vendor,34.8,Credit Card,7,Sharma Rakhi Hub 172,550.58,34
1108,Kids & Cartoon,Silk Thread,2026,4,No,Thursday,Central,Supermarket,32.1,Cash,4,Gupta Rakhi Hub 139,20.01,24
5054,Premium & Jewelry,Sterling Silver,2026,7,Yes,Sunday,East,Local Street Vendor,35.0,Credit Card,4,Saxena Rakhi Hub 43,563.92,15
1714,Eco-Friendly,Silk Thread,2026,1,No,Thursday,West,Local Street Vendor,28.8,UPI,14,Chopra Emporium,28.6,44
3912,Kids & Cartoon,Silk Thread,2026,5,Yes,Saturday,Central,Local Street Vendor,33.9,UPI,3,Nanda Rakhi Store,12.13,9
636,Premium & Jewelry,Sterling Silver,2026,4,nO,Tuesday,West,Online,32.7,UPI,5,Malhotra Handicrafts,736.6,27
716,Premium & Jewelry,Sandalwood (Chandan),2026,2,Yes,Sunday,Central,Online,,Cash,31,Aggarwal Rakhi Hub 162,310.44,78
553,Premium & Jewelry,Sandalwood (Chandan),2026,3,No,Monday,North,Local Street Vendor,31.2,Cash,9,Goel Rakhi Hub 86,119.31,33
1440,Eco-Friendly,Sandalwood (Chandan),2026,2,No,Monday,East,Local Street Vendor,25.6,Cash,4,Chawla Gift House,41.55,13
2271,Kids & Cartoon,Silk Thread,2026,5,Yes,Sunday,North,Local Street Vendor,30.5,UPI,5,Aggarwal Rakhi Hub 162,79.03,13
3145,Eco-Friendly,Sterling Silver,2026,3,nO,Wednesday,Central,Supermarket,33.5,UPI,14,Chawla Rakhi Hub 245,205.81,53
2467,Eco-Friendly,Sandalwood (Chandan),2026,4,Yes,Saturday,West,Local Street Vendor,31.2,Cash,6,Aggarwal Rakhi Hub 234,48.72,13
1926,Premium & Jewelry,Sterling Silver,2026,6,No,Thursday,West,Supermarket,,UPI,6,Chawla Rakhi Hub 265,608.26,31
635,Premium & Jewelry,Silk Thread,2026,6,No,Tuesday,North,Supermarket,35.7,Cash,3,Chopra Emporium,148.35,12
317,Kids & Cartoon,Silk Thread,2026,4,No,Thursday,North,Online,30.3,UPI,6,Jain Rakhi Store,14.76,24
3145,Eco-Friendly,Sterling Silver,2026,3,nO,Wednesday,Central,Supermarket,33.5,UPI,14,Chawla Rakhi Hub 245,205.81,53
5425,Eco-Friendly,Silk Thread,2026,3,No,Friday,East,Supermarket,34.0,Cash,5,Bansal Rakhi Hub 288,42.31,19
428,Eco-Friendly,Sandalwood (Chandan),2026,7,No,Wednesday,West,Local Street Vendor,35.7,UPI,2,Tandon Rakhi Hub 20,50.67,10
5951,Kids & Cartoon,Silk Thread,2026,3,No,Monday,East,Local Street Vendor,,Cash,4,Tandon Rakhi Hub 53,13.73,13
106,Eco-Friendly,Sandalwood (Chandan),2026,1,No,Wednesday,East,Supermarket,29.9,Cash,10,Malhotra Festive Mart,69.58,60
3042,Eco-Friendly,Silk Thread,2026,5,No,Tuesday,West,Supermarket,30.1,UPI,4,Goel Rakhi Hub 208,33.88,15
4239,Kids & Cartoon,Silk Thread,2026,3,No,Friday,North,Supermarket,29.6,Credit Card,5,Sethi Rakhi Hub 174,18.91,31
2170,Kids & Cartoon,Silk Thread,2026,4,yES,Saturday,East,Online,30.8,Credit Card,11,Malhotra Emporium,20.69,42
1710,Premium & Jewelry,Sterling Silver,2026,7,No,Monday,North,Supermarket,30.2,Cash,2,Sethi Rakhi Hub 40,718.2,6
90,Kids & Cartoon,Silk Thread,2026,1,No,Friday,North,Supermarket,35.2,UPI,8,Verma Festive Mart,18.79,44
2242,Premium & Jewelry,Sandalwood (Chandan),2026,2,nO,Friday,Central,Online,35.2,Cash,5,Sharma Rakhi & Gifts,308.35,28
3175,Kids & Cartoon,Sandalwood (Chandan),2026,2,No,Tuesday,Central,Supermarket,31.1,UPI,4,Sharma Rakhi Store,31.7,14
5984,Kids & Cartoon,Silk Thread,2026,2,No,Tuesday,,Local Street Vendor,36.9,Credit Card,9,Gupta Festive Mart,12.65,37
1950,Eco-Friendly,Sandalwood (Chandan),2026,1,yES,Sunday,Central,Supermarket,39.2,Cash,7,Rastogi Rakhi Bazaar,53.37,26
4045,Kids & Cartoon,Silk Thread,2026,2,Yes,Sunday,West,Local Street Vendor,33.7,UPI,16,Sethi Rakhi & Gifts,13.0,42
2849,Eco-Friendly,Sandalwood (Chandan),2026,3,Yes,Saturday,,Local Street Vendor,29.4,UPI,10,Bhatia Rakhi Hub 182,47.63,23
2,Kids & Cartoon,Silk Thread,2026,4,yES,Saturday,North,Local Street Vendor,26.2,Cash,6,Bhatia Emporium,12.45,16
4338,Premium & Jewelry,Sandalwood (Chandan),2026,4,No,Tuesday,East,Supermarket,31.9,Cash,6,Sethi Rakhi Hub 10,219.03,20
936,Premium & Jewelry,Silk Thread,2026,1,yES,Sunday,East,Local Street Vendor,32.3,Credit Card,6,Nanda Rakhi & Gifts,83.26,28
5972,Premium & Jewelry,Sterling Silver,2026,6,No,Wednesday,East,Local Street Vendor,32.8,UPI,1,Aggarwal Gift House,433.6,8
2721,Kids & Cartoon,Silk Thread,2026,5,No,Friday,West,Supermarket,26.1,UPI,9,Saxena Rakhi Hub 192,16.59,25
5206,Premium & Jewelry,Sterling Silver,2026,4,No,Tuesday,North,Local Street Vendor,35.7,Cash,3,Bansal Handicrafts,474.34,12
17,Kids & Cartoon,Silk Thread,2026,1,nO,Friday,West,Online,28.9,UPI,20,Jain Rakhi Hub 159,18.04,81
592,Kids & Cartoon,Silk Thread,2026,6,Yes,Sunday,East,Local Street Vendor,29.1,Cash,5,Sethi Rakhi Hub 174,13.61,14
3739,Eco-Friendly,Sandalwood (Chandan),2026,6,Yes,Saturday,North,Supermarket,32.0,Credit Card,6,Jain Rakhi Point,56.27,16
131,Premium & Jewelry,Sterling Silver,2026,2,nO,Tuesday,Central,Local Street Vendor,30.7,Cash,4,Verma Rakhi Hub 151,481.01,21
2937,Kids & Cartoon,Silk Thread,2026,4,Yes,Saturday,North,Local Street Vendor,32.0,Cash,10,Goel Rakhi Hub 105,12.48,31
2449,Kids & Cartoon,Silk Thread,2026,6,No,Monday,North,Local Street Vendor,30.2,Credit Card,4,Goel Rakhi Hub 116,11.07,17
1577,Eco-Friendly,Sandalwood (Chandan),2026,5,Yes,Saturday,West,Local Street Vendor,32.4,Cash,5,Goel Handicrafts,38.37,11
4365,Eco-Friendly,Silk Thread,2026,3,Yes,Sunday,West,Supermarket,35.8,Cash,5,Chopra Traditions,33.3,13
3073,Eco-Friendly,Sandalwood (Chandan),2026,2,No,Wednesday,Central,Supermarket,33.0,Credit Card,10,Chopra Rakhi Store,47.31,44
214,Eco-Friendly,Sandalwood (Chandan),2026,5,No,Tuesday,Central,Supermarket,40.0,Cash,2,Bansal Handicrafts,54.79,10
779,Eco-Friendly,Sandalwood (Chandan),2026,4,No,Monday,East,Local Street Vendor,25.3,Cash,3,Arora Rakhi Hub 115,48.81,13
1041,Premium & Jewelry,Sterling Silver,2026,7,No,Friday,East,Supermarket,35.4,Cash,2,Chawla Rakhi Store,546.64,6
3497,Eco-Friendly,Silk Thread,2026,6,Yes,Saturday,East,Online,29.8,UPI,3,Sethi Rakhi Hub 242,29.67,11
5125,Kids & Cartoon,Sandalwood (Chandan),2026,5,nO,Thursday,East,Supermarket,35.0,Cash,1,Sharma Rakhi Bazaar,28.96,7
2044,Eco-Friendly,Sandalwood (Chandan),2026,4,yES,Sunday,North,Local Street Vendor,33.8,Cash,5,Tandon Rakhi Hub 103,50.75,21
4423,Kids & Cartoon,Silk Thread,2026,5,No,Tuesday,East,Supermarket,34.1,Cash,5,Chawla Rakhi Hub 245,16.73,23
5421,Kids & Cartoon,Silk Thread,2026,7,No,Monday,West,Online,33.6,Cash,1,Gupta Emporium,20.61,4
1568,Premium & Jewelry,Sterling Silver,2026,4,nO,Tuesday,Central,Local Street Vendor,25.9,UPI,12,Rastogi Traditions,627.16,33
166,Kids & Cartoon,Silk Thread,2026,3,Yes,Sunday,North,Online,32.9,Credit Card,8,Sharma Rakhi Point,17.91,25
4703,Kids & Cartoon,Silk Thread,2026,1,No,Wednesday,Central,Supermarket,15.8,Credit Card,7,Tandon Rakhi Hub 296,14.03,28
3567,Eco-Friendly,Silk Thread,2026,4,nO,Wednesday,Central,Supermarket,32.9,UPI,11,Bansal Festive Mart,31.93,37
4494,Premium & Jewelry,Sterling Silver,2026,5,Yes,Saturday,Central,Supermarket,26.6,Cash,4,Kapoor Gift House,579.46,20
5422,Kids & Cartoon,Silk Thread,2026,2,No,Wednesday,East,Local Street Vendor,35.4,Cash,5,Bhatia Traditions,15.76,20
5440,Premium & Jewelry,Sandalwood (Chandan),2026,3,Yes,Saturday,North,Online,32.1,Credit Card,10,Arora Rakhi Hub 218,230.4,27
2014,Kids & Cartoon,Silk Thread,2026,5,nO,Thursday,North,Online,30.8,Cash,6,Goel Rakhi Store,23.69,39
274,Kids & Cartoon,Sterling Silver,2026,4,No,Wednesday,East,Local Street Vendor,30.7,Credit Card,2,Saxena Rakhi Hub 192,71.11,8
3861,Kids & Cartoon,Silk Thread,2026,5,No,Tuesday,East,Local Street Vendor,25.5,Cash,3,Jain Rakhi Hub 135,14.39,13
4168,Kids & Cartoon,Silk Thread,2026,3,No,Friday,East,Local Street Vendor,,Cash,11,Goel Rakhi Hub 52,11.3,46
2538,Kids & Cartoon,Sandalwood (Chandan),2026,3,Yes,Saturday,West,Online,35.4,Credit Card,7,Goel Rakhi Hub 15,37.27,26
3789,Kids & Cartoon,Silk Thread,2026,2,nO,Wednesday,West,Online,27.6,Credit Card,4,Sharma Rakhi Bazaar,24.24,16
5184,Kids & Cartoon,Silk Thread,2026,7,No,Tuesday,East,Local Street Vendor,27.1,UPI,1,Chawla Emporium,12.04,5
395,Premium & Jewelry,Sterling Silver,2026,5,Yes,Sunday,West,Local Street Vendor,27.9,UPI,4,Bansal Rakhi Store,416.64,14
584,Kids & Cartoon,Silk Thread,2026,6,Yes,Sunday,Central,Local Street Vendor,33.1,Cash,3,Khanna Rakhi Hub 164,12.23,8
5464,Eco-Friendly,Silk Thread,2026,2,No,Monday,North,Supermarket,33.1,Cash,8,Tandon Rakhi Hub 53,34.55,40
2336,Kids & Cartoon,Silk Thread,2026,3,nO,Friday,West,Local Street Vendor,42.2,Credit Card,2,Tandon Rakhi Hub 163,14.61,17
4226,Eco-Friendly,Sandalwood (Chandan),2026,4,No,Wednesday,East,Supermarket,54.8,Cash,7,Sethi Rakhi Store,66.13,26
2144,Eco-Friendly,Sandalwood (Chandan),2026,2,Yes,Sunday,Central,Local Street Vendor,51.3,Cash,6,Rastogi Rakhi & Gifts,41.3,22
1934,Eco-Friendly,Silk Thread,2026,5,No,Thursday,Central,Supermarket,36.2,UPI,3,Sethi Rakhi Store,26.65,10
4800,Eco-Friendly,Sandalwood (Chandan),2026,5,Yes,Saturday,East,Supermarket,30.9,UPI,8,Kapoor Rakhi & Gifts,59.4,21
521,Eco-Friendly,Sandalwood (Chandan),2026,5,#Yes,Saturday,West,Online,40.0,UPI,11,Saxena Handicrafts,76.74,31
1764,Premium & Jewelry,Sterling Silver,2026,5,Yes,Sunday,West,Online,31.7,Cash,7,Bansal Rakhi Hub 106,598.37,16
1876,Eco-Friendly,Silk Thread,2026,3,yES,Sunday,North,Supermarket,30.4,Credit Card,11,Saxena Rakhi Hub 49,40.77,32
5356,Eco-Friendly,Silk Thread,2026,6,Yes,Sunday,East,Local Street Vendor,36.7,Credit Card,6,Aggarwal Rakhi Store,20.48,20
3966,Premium & Jewelry,Sterling Silver,2026,6,No,Thursday,East,Online,33.0,Cash,5,Khanna Rakhi Hub 85,794.66,15
3345,Kids & Cartoon,Silk Thread,2026,5,nO,Monday,East,Supermarket,31.9,Cash,6,Sethi Rakhi Hub 286,14.48,21
2254,Kids & Cartoon,Silk Thread,2026,5,Yes,Sunday,East,Supermarket,27.7,Cash,4,Saxena Rakhi Point,14.29,21
3225,Premium & Jewelry,Sterling Silver,2026,2,No,Wednesday,West,Local Street Vendor,25.8,Credit Card,11,Arora Rakhi Hub 218,435.36,44
527,Eco-Friendly,Sandalwood (Chandan),2026,3,No,Thursday,North,Online,30.3,Cash,12,Rastogi Handicrafts,77.56,44
2947,Kids & Cartoon,Silk Thread,2026,7,Yes,Sunday,East,Local Street Vendor,31.0,Cash,1,Arora Emporium,12.77,3
4474,Premium & Jewelry,Sandalwood (Chandan),2026,7,Yes,Saturday,West,Local Street Vendor,36.6,Cash,3,Bansal Traditions,122.6,10
3900,Premium & Jewelry,Sandalwood (Chandan),2026,4,No,Friday,East,Local Street Vendor,,Credit Card,4,Kapoor Rakhi Hub 287,148.27,12
5656,Premium & Jewelry,Sterling Silver,2026,1,No,Tuesday,West,Supermarket,31.8,UPI,6,Saxena Rakhi Hub 192,711.22,22
693,Premium & Jewelry,Sandalwood (Chandan),2026,7,No,Wednesday,East,Online,34.0,Cash,1,Saxena Rakhi Hub 192,240.99,7
5728,Kids & Cartoon,Silk Thread,2026,2,No,Monday,Central,Online,34.5,Cash,8,Khanna Rakhi Hub 85,21.02,50
4445,Premium & Jewelry,Sterling Silver,2026,2,Yes,Sunday,North,Online,28.5,Credit Card,14,Verma Rakhi Hub 92,801.02,36
3634,Kids & Cartoon,Silk Thread,2026,4,yES,Saturday,Central,Local Street Vendor,24.0,UPI,4,Kapoor Rakhi Point,12.83,12
5806,Eco-Friendly,Sandalwood (Chandan),2026,1,No,Tuesday,North,Local Street Vendor,35.7,Cash,3,Arora Rakhi Hub 210,38.82,20
1051,Kids & Cartoon,Sandalwood (Chandan),2026,1,No,Wednesday,West,Local Street Vendor,22.4,Credit Card,5,Chawla Rakhi Hub 102,23.95,22
591,Eco-Friendly,Silk Thread,2026,3,No,Monday,North,Online,36.8,Credit Card,6,Khanna Rakhi Hub 45,50.34,22
520,Eco-Friendly,Sandalwood (Chandan),2026,6,nO,Tuesday,North,Online,41.5,UPI,4,Gupta Rakhi Hub 176,79.97,22
3381,Premium & Jewelry,Sterling Silver,2026,7,Yes,Sunday,East,Local Street Vendor,32.0,Credit Card,2,Rastogi Rakhi Hub 77,580.23,8
3677,Kids & Cartoon,Silk Thread,2026,1,nO,Thursday,North,Local Street Vendor,36.2,Cash,6,Bansal Rakhi Hub 13,16.92,21
5777,Eco-Friendly,Sterling Silver,2026,4,No,Monday,East,Supermarket,27.9,Cash,5,Saxena Rakhi Hub 17,215.87,18
1366,Kids & Cartoon,Silk Thread,2026,1,Yes,Sunday,East,Local Street Vendor,31.8,Cash,5,Mehra Rakhi Hub 246,12.89,12
5180,Kids & Cartoon,Silk Thread,2026,4,nO,Thursday,,Online,35.1,Credit Card,8,Arora Rakhi Hub 46,18.01,25
1608,Premium & Jewelry,Sterling Silver,2026,2,#Yes,Saturday,North,Online,26.4,Cash,7,Saxena Rakhi Hub 192,1022.25,24
3611,Kids & Cartoon,Sandalwood (Chandan),2026,3,No,Friday,,Local Street Vendor,33.7,Cash,6,Nanda Festive Mart,19.9,26
5140,Eco-Friendly,Silk Thread,2026,7,No,Wednesday,East,Supermarket,38.5,UPI,1,Khanna Rakhi Hub 132,186.69,4
404,Premium & Jewelry,Sterling Silver,2026,6,No,Monday,North,Online,31.9,Cash,2,Jain Rakhi Hub 37,813.35,12
1810,Premium & Jewelry,Sterling Silver,2026,2,No,Monday,North,Online,32.5,Cash,4,Chopra Rakhi Hub 130,932.82,14
792,Kids & Cartoon,Silk Thread,2026,3,No,Wednesday,Central,Supermarket,33.9,Credit Card,11,Kapoor Rakhi Store,21.19,49
793,Kids & Cartoon,Silk Thread,2026,1,No,Thursday,West,Local Street Vendor,33.4,Credit Card,3,Rastogi Handicrafts,11.58,11
2065,Kids & Cartoon,Sandalwood (Chandan),2026,6,No,Friday,North,Supermarket,38.1,Credit Card,4,Bansal Rakhi Hub 214,39.17,16
1856,Eco-Friendly,Sandalwood (Chandan),2026,1,No,Wednesday,Central,Local Street Vendor,32.7,Credit Card,7,Jain Emporium,55.01,34
1981,Eco-Friendly,Sandalwood (Chandan),2026,6,No,Thursday,East,Supermarket,31.4,Cash,1,Goel Rakhi Hub 208,73.79,4
3234,Premium & Jewelry,Sandalwood (Chandan),2026,1,No,Tuesday,North,Online,33.8,Cash,3,Jain Rakhi Hub 87,255.08,13
3599,Eco-Friendly,Sandalwood (Chandan),2026,3,Yes,Sunday,Central,Online,32.4,Cash,5,Sethi Rakhi Hub 10,430.32,25
934,Eco-Friendly,Sandalwood (Chandan),2026,3,No,Wednesday,East,Online,32.4,Credit Card,7,Khanna Rakhi Hub 132,73.77,32
3964,Premium & Jewelry,Sandalwood (Chandan),2026,2,Yes,Sunday,North,Local Street Vendor,30.6,UPI,3,Rastogi Emporium,171.17,13
3532,Premium & Jewelry,Sterling Silver,2026,5,nO,Thursday,Central,Supermarket,32.8,Cash,7,Malhotra Rakhi Corner,556.65,21
5627,Eco-Friendly,Silk Thread,2026,5,Yes,Sunday,East,Local Street Vendor,26.7,Credit Card,3,Chopra Rakhi Hub 166,35.85,12
5507,Premium & Jewelry,Sterling Silver,2026,5,Yes,Sunday,East,Supermarket,29.2,UPI,6,Saxena Rakhi Hub 23,745.78,17
4125,Eco-Friendly,Silk Thread,2026,3,yES,Sunday,East,Online,27.0,Cash,6,Rastogi Rakhi Hub 231,50.85,19
4180,Eco-Friendly,Sandalwood (Chandan),2026,2,Yes,Sunday,East,Local Street Vendor,36.3,UPI,7,Nanda Rakhi Hub 21,57.23,18
4027,Kids & Cartoon,Sandalwood (Chandan),2026,6,yES,Saturday,West,Local Street Vendor,36.5,Cash,3,Sethi Rakhi Corner,29.38,16
4806,Eco-Friendly,Sandalwood (Chandan),2026,7,No,Tuesday,Central,Supermarket,33.9,UPI,1,Verma Rakhi Store,52.21,6
4117,Kids & Cartoon,Sandalwood (Chandan),2026,2,No,Thursday,West,Supermarket,,Cash,16,Kapoor Rakhi Store,28.18,47
989,Kids & Cartoon,Sterling Silver,2026,6,Yes,Saturday,East,Supermarket,33.5,Credit Card,13,Bhatia Emporium,110.64,33
5069,Premium & Jewelry,Sterling Silver,2026,7,No,Wednesday,Central,Supermarket,31.9,UPI,2,Tandon Rakhi Store,492.56,5
3454,Premium & Jewelry,Sterling Silver,2026,4,No,Monday,East,Local Street Vendor,33.0,Credit Card,5,Malhotra Rakhi Hub 38,719.9,22
3301,Eco-Friendly,Sandalwood (Chandan),2026,4,nO,Monday,East,Supermarket,31.6,UPI,5,Aggarwal Rakhi Hub 144,59.26,17
3779,Eco-Friendly,Sandalwood (Chandan),2026,7,Yes,Saturday,North,Local Street Vendor,36.4,UPI,3,Chawla Rakhi Hub 94,61.28,13
5659,Premium & Jewelry,Sterling Silver,2026,1,#Yes,Saturday,East,Local Street Vendor,35.3,Cash,11,Saxena Rakhi Bazaar,511.97,55
3487,Kids & Cartoon,Silk Thread,2026,7,No,Monday,Central,Local Street Vendor,36.9,Cash,3,Khanna Rakhi Hub 164,15.13,16
3094,Eco-Friendly,Silk Thread,2026,7,No,Friday,,Local Street Vendor,34.9,Credit Card,1,Kapoor Rakhi Store,28.58,6
3156,Kids & Cartoon,Sandalwood (Chandan),2026,7,Yes,Saturday,Central,Local Street Vendor,48.3,Cash,3,Sharma Rakhi Hub 84,24.63,12
5070,Kids & Cartoon,Silk Thread,2026,7,yES,Sunday,North,Supermarket,31.7,Credit Card,4,Saxena Rakhi Hub 41,13.77,11
5807,Eco-Friendly,Sandalwood (Chandan),2026,7,nO,Wednesday,East,Supermarket,31.7,Credit Card,3,Bhatia Rakhi Hub 254,70.7,12
3202,Eco-Friendly,Sandalwood (Chandan),2026,5,Yes,Saturday,West,Local Street Vendor,35.8,UPI,11,Rastogi Rakhi Hub 224,47.32,28
1013,Kids & Cartoon,Sterling Silver,2026,5,No,Tuesday,Central,Local Street Vendor,34.7,UPI,3,Arora Traditions,56.95,16
1099,Eco-Friendly,Silk Thread,2026,5,nO,Friday,East,Supermarket,32.4,Cash,3,Bansal Rakhi & Gifts,34.7,15
1389,Eco-Friendly,Sterling Silver,2026,5,No,Friday,East,Supermarket,22.5,Cash,5,Rastogi Festive Mart,247.02,26
2845,Premium & Jewelry,Silk Thread,2026,1,No,Thursday,,Supermarket,30.2,Cash,7,Sharma Rakhi Hub 78,110.15,36
887,Kids & Cartoon,Silk Thread,2026,6,No,Tuesday,East,Local Street Vendor,25.8,UPI,2,Bhatia Rakhi Hub 29,14.76,13
3763,Premium & Jewelry,Silk Thread,2026,6,No,Thursday,East,Supermarket,27.1,Cash,6,Sethi Rakhi Hub 33,85.61,20
161,Premium & Jewelry,Sterling Silver,2026,4,Yes,Sunday,Central,Online,36.0,Cash,7,Arora Rakhi & Gifts,668.07,17
516,Premium & Jewelry,Sterling Silver,2026,1,Yes,Saturday,North,Local Street Vendor,37.5,Cash,7,Bansal Rakhi Hub 217,469.92,21
3181,Eco-Friendly,Sandalwood (Chandan),2026,6,No,Monday,East,Local Street Vendor,26.2,Cash,3,Sethi Handicrafts,57.65,14
4834,Eco-Friendly,Sandalwood (Chandan),2026,7,Yes,Saturday,East,Supermarket,29.2,Cash,2,Saxena Rakhi Hub 49,51.8,5
1454,Eco-Friendly,Sandalwood (Chandan),2026,7,No,Thursday,East,Local Street Vendor,30.3,Cash,2,Jain Rakhi Hub 119,48.78,8
3554,Kids & Cartoon,Silk Thread,2026,4,No,Tuesday,North,Online,37.2,Cash,4,Chopra Rakhi & Gifts,20.02,12
3610,Premium & Jewelry,Sterling Silver,2026,5,No,Tuesday,West,Local Street Vendor,34.8,UPI,4,Bansal Rakhi Hub 58,432.12,13
4666,Kids & Cartoon,Silk Thread,2026,1,Yes,Saturday,Central,Local Street Vendor,30.5,Credit Card,18,Jain Rakhi & Gifts,10.88,17
2507,Eco-Friendly,Sandalwood (Chandan),2026,1,No,Friday,North,Online,34.9,Cash,5,Saxena Rakhi Hub 227,60.39,23
2995,Kids & Cartoon,Silk Thread,2026,4,#Yes,Sunday,North,Online,27.8,Cash,7,Saxena Rakhi Hub 252,26.11,25
4000,Premium & Jewelry,Sterling Silver,2026,4,No,Friday,West,Supermarket,31.4,Cash,4,Tandon Rakhi Hub 62,589.14,23
3761,Eco-Friendly,Sandalwood (Chandan),2026,2,No,Wednesday,Central,Supermarket,30.1,Cash,6,Sharma Festive Mart,62.22,32
907,Kids & Cartoon,Silk Thread,2026,3,nO,Thursday,Central,Supermarket,30.5,Credit Card,9,Rastogi Rakhi Store,15.28,36
29,Premium & Jewelry,Sandalwood (Chandan),2026,4,No,Tuesday,Central,Online,32.7,Cash,2,Chawla Rakhi & Gifts,215.94,11
2948,Eco-Friendly,Sandalwood (Chandan),2026,1,No,Tuesday,North,Local Street Vendor,31.2,Cash,4,Rastogi Rakhi Point,54.18,18
2508,Eco-Friendly,Silk Thread,2026,2,Yes,Saturday,East,Online,39.4,Cash,91,Bansal Rakhi Point,50.93,282
2429,Kids & Cartoon,Sandalwood (Chandan),2026,2,nO,Wednesday,Central,Online,26.6,Cash,11,Saxena Handicrafts,36.38,62
5044,Kids & Cartoon,Silk Thread,2026,3,#Yes,Sunday,West,Supermarket,,UPI,10,Bhatia Rakhi Hub 2,13.7,30
5347,Eco-Friendly,Sandalwood (Chandan),2026,3,No,Friday,North,Supermarket,37.0,Credit Card,8,Nanda Rakhi Hub 96,64.63,29
763,Premium & Jewelry,Sandalwood (Chandan),2026,1,nO,Thursday,West,Online,34.8,UPI,17,Kapoor Rakhi Point,240.21,71
3748,Eco-Friendly,Sandalwood (Chandan),2026,7,Yes,Saturday,Central,Online,,Cash,2,Saxena Traditions,79.62,9
4812,Kids & Cartoon,Silk Thread,2026,7,No,Friday,North,Local Street Vendor,31.4,Credit Card,1,Tandon Rakhi Hub 142,15.34,8
285,Kids & Cartoon,Silk Thread,2026,7,yES,Saturday,West,Local Street Vendor,37.9,UPI,4,Goel Emporium,10.51,12
687,Kids & Cartoon,Sandalwood (Chandan),2026,5,No,Wednesday,Central,Online,32.2,Cash,3,Bansal Rakhi Hub 214,39.66,10
4684,Eco-Friendly,Sandalwood (Chandan),2026,3,Yes,Saturday,Central,Online,30.7,UPI,38,Tandon Rakhi Hub 26,65.22,29
2354,Kids & Cartoon,Silk Thread,2026,4,Yes,Sunday,,Supermarket,31.9,UPI,5,Nanda Rakhi Hub 21,17.83,13
992,Eco-Friendly,Silk Thread,2026,7,No,Monday,West,Local Street Vendor,,UPI,3,Chawla Rakhi Hub 230,31.37,9
2398,Premium & Jewelry,Silk Thread,2026,1,nO,Friday,North,Online,32.4,Cash,8,Nanda Rakhi Hub 129,159.98,49
22,Kids & Cartoon,Silk Thread,2026,7,nO,Thursday,East,Local Street Vendor,39.2,Credit Card,18,Mehra Rakhi Hub 273,11.22,68
2753,Eco-Friendly,Sandalwood (Chandan),2026,6,No,Thursday,Central,Supermarket,29.1,Credit Card,7,Arora Rakhi Store,56.46,21
886,Kids & Cartoon,Sandalwood (Chandan),2026,4,No,Thursday,North,Supermarket,31.2,Cash,5,Sethi Rakhi Hub 242,26.88,18
918,Premium & Jewelry,Sterling Silver,2026,6,Yes,Saturday,Central,Supermarket,30.1,Cash,26,Mehra Rakhi Point,876.06,67
1041,Premium & Jewelry,Sterling Silver,2026,7,No,Friday,East,Supermarket,35.4,Cash,2,Chawla Rakhi Store,546.64,6
1070,Kids & Cartoon,Silk Thread,2026,3,Yes,Saturday,East,Local Street Vendor,33.4,Credit Card,7,Sethi Gift House,15.98,24
1266,Eco-Friendly,Silk Thread,2026,7,#Yes,Sunday,East,Supermarket,,Cash,6,Jain Rakhi Hub 289,190.21,15
4580,Premium & Jewelry,Sterling Silver,2026,3,#Yes,Saturday,West,Supermarket,28.6,UPI,7,Nanda Rakhi Hub 21,608.65,27
2798,Kids & Cartoon,Silk Thread,2026,5,No,Friday,East,Local Street Vendor,33.8,UPI,3,Sethi Rakhi & Gifts,12.07,11
5409,Premium & Jewelry,Sterling Silver,2026,5,No,Tuesday,East,Supermarket,38.6,Credit Card,3,Chopra Gift House,554.44,18
278,Kids & Cartoon,Silk Thread,2026,6,No,Friday,West,Local Street Vendor,29.9,Cash,2,Kapoor Rakhi Hub 31,13.24,13
5085,Eco-Friendly,Sandalwood (Chandan),2026,7,No,Friday,East,Online,29.2,UPI,1,Bhatia Rakhi Hub 51,63.09,6
2085,Kids & Cartoon,Silk Thread,2026,3,No,Wednesday,Central,Local Street Vendor,31.5,Cash,4,Jain Rakhi & Gifts,9.35,15
1246,Premium & Jewelry,Sandalwood (Chandan),2026,6,Yes,Sunday,North,Online,28.1,UPI,15,Verma Festive Mart,251.91,42
2383,Premium & Jewelry,Sterling Silver,2026,2,No,Thursday,,Online,34.9,UPI,11,Sharma Rakhi Hub 259,674.68,33
572,Eco-Friendly,Sandalwood (Chandan),2026,2,No,Tuesday,North,Supermarket,28.2,Cash,11,Sharma Rakhi Hub 185,49.83,45
1436,Eco-Friendly,Sandalwood (Chandan),2026,6,No,Friday,Central,Online,30.5,UPI,4,Khanna Rakhi Hub 271,82.47,20
3903,Eco-Friendly,Sandalwood (Chandan),2026,2,Yes,Saturday,East,Supermarket,33.5,Cash,12,Bansal Rakhi Hub 13,57.19,40
5090,Premium & Jewelry,Sterling Silver,2026,1,Yes,Sunday,East,Supermarket,26.1,UPI,11,Bansal Rakhi Hub 8,658.27,31
1248,Premium & Jewelry,Sterling Silver,2026,5,Yes,Saturday,Central,Supermarket,,Credit Card,4,Jain Rakhi Hub 135,644.27,9
3445,Eco-Friendly,Sandalwood (Chandan),2026,2,nO,Thursday,Central,Local Street Vendor,36.6,UPI,3,Rastogi Rakhi Hub 50,61.62,14
4682,Premium & Jewelry,Sandalwood (Chandan),2026,5,No,Wednesday,West,Local Street Vendor,31.2,Cash,2,Gupta Rakhi Hub 70,151.22,7
3527,Premium & Jewelry,Sterling Silver,2026,3,Yes,Saturday,East,Local Street Vendor,26.6,Cash,10,Rastogi Rakhi Store,467.65,32
2515,Premium & Jewelry,Sterling Silver,2026,4,No,Friday,West,Supermarket,27.3,Cash,23,Mehra Gift House,570.28,65
5446,Premium & Jewelry,Sterling Silver,2026,6,No,Monday,,Local Street Vendor,36.5,Credit Card,3,Verma Rakhi Hub 73,626.31,13
1008,Kids & Cartoon,Silk Thread,2026,7,#Yes,Sunday,North,Online,33.1,Credit Card,3,Sethi Rakhi Hub 113,21.35,10
4771,Kids & Cartoon,Silk Thread,2026,3,Yes,Saturday,Central,Local Street Vendor,31.2,Credit Card,8,Gupta Gift House,14.62,18
4544,Kids & Cartoon,Silk Thread,2026,6,nO,Thursday,East,Supermarket,26.3,Cash,8,Chopra Rakhi Hub 57,16.21,32
5920,Premium & Jewelry,Sterling Silver,2026,2,No,Monday,Central,Supermarket,35.5,UPI,5,Khanna Festive Mart,634.55,21
3087,Premium & Jewelry,Sterling Silver,2026,2,Yes,Saturday,North,Supermarket,34.1,Cash,10,Khanna Rakhi Hub 45,719.7,32
2065,Kids & Cartoon,Sandalwood (Chandan),2026,6,No,Friday,North,Supermarket,38.1,Credit Card,4,Bansal Rakhi Hub 214,39.17,16
5353,Kids & Cartoon,Silk Thread,2026,7,Yes,Saturday,Central,Online,30.4,Credit Card,4,Nanda Rakhi Hub 225,19.77,12
4497,Kids & Cartoon,Silk Thread,2026,2,Yes,Sunday,North,Supermarket,32.0,Cash,16,Nanda Rakhi Hub 96,58.17,37
1691,Eco-Friendly,Sterling Silver,2026,4,yES,Saturday,East,Local Street Vendor,34.0,UPI,4,Tandon Rakhi Corner,180.38,18
1277,Premium & Jewelry,Sterling Silver,2026,6,Yes,Saturday,Central,Local Street Vendor,35.5,Credit Card,7,Aggarwal Rakhi Hub 247,514.14,17
2718,Eco-Friendly,Silk Thread,2026,3,No,Monday,East,Local Street Vendor,32.4,Cash,5,Mehra Rakhi Bazaar,22.16,23
5344,Kids & Cartoon,Silk Thread,2026,2,Yes,Saturday,West,Online,29.9,Credit Card,13,Tandon Rakhi Hub 62,73.99,33
1986,Eco-Friendly,Silk Thread,2026,3,No,Tuesday,Central,Supermarket,35.3,Credit Card,4,Goel Traditions,27.73,23
295,Eco-Friendly,Silk Thread,2026,6,No,Friday,West,Supermarket,29.6,Cash,2,Chawla Rakhi Hub 269,28.78,11
1548,Eco-Friendly,Silk Thread,2026,1,No,Monday,East,Supermarket,31.0,UPI,9,Goel Rakhi Hub 54,33.29,28
2013,Premium & Jewelry,Sterling Silver,2026,4,No,Friday,Central,Local Street Vendor,31.3,Credit Card,4,Nanda Rakhi Hub 206,434.62,13
589,Premium & Jewelry,Sandalwood (Chandan),2026,2,#Yes,Sunday,North,Supermarket,34.7,Cash,28,Goel Rakhi Store,207.97,106
3330,Premium & Jewelry,Sterling Silver,2026,6,Yes,Saturday,North,Supermarket,24.3,Cash,2,Sharma Rakhi Corner,571.09,5
2404,Eco-Friendly,Sandalwood (Chandan),2026,1,#Yes,Sunday,,Online,18.9,Cash,17,Goel Handicrafts,72.02,27
2130,Premium & Jewelry,Sterling Silver,2026,3,Yes,Saturday,Central,Supermarket,30.1,Credit Card,7,Chawla Rakhi Hub 93,577.22,21
3999,Kids & Cartoon,Silk Thread,2026,3,No,Tuesday,North,Local Street Vendor,34.4,Cash,5,Sethi Rakhi Hub 113,15.71,22
2763,Premium & Jewelry,Sterling Silver,2026,3,No,Tuesday,North,Supermarket,29.0,Cash,3,Mehra Rakhi Hub 16,591.22,12
3742,Premium & Jewelry,Sterling Silver,2026,3,Yes,Sunday,East,Supermarket,26.4,Credit Card,13,Rastogi Rakhi Hub 77,618.67,58
3509,Kids & Cartoon,Silk Thread,2026,4,No,Thursday,East,Online,33.6,Credit Card,9,Bhatia Rakhi Bazaar,19.76,28
2720,Kids & Cartoon,Silk Thread,2026,1,No,Wednesday,West,Supermarket,24.9,UPI,5,Saxena Traditions,15.38,21
4522,Kids & Cartoon,Silk Thread,2026,4,No,Wednesday,,Local Street Vendor,33.5,UPI,18,Rastogi Rakhi Hub 298,15.85,13
5151,Kids & Cartoon,Silk Thread,2026,1,No,Thursday,Central,Supermarket,34.8,Credit Card,4,Kapoor Rakhi Hub 270,16.47,18
4151,Premium & Jewelry,Sterling Silver,2026,1,No,Monday,Central,Supermarket,36.1,UPI,7,Jain Rakhi Hub 197,513.1,45
1824,Kids & Cartoon,Silk Thread,2026,3,nO,Thursday,East,Local Street Vendor,29.3,Cash,3,Khanna Rakhi Hub 45,11.65,9
557,Premium & Jewelry,Sandalwood (Chandan),2026,4,No,Monday,,Supermarket,33.8,Cash,5,Khanna Rakhi Hub 120,185.69,16
4796,Premium & Jewelry,Sterling Silver,2026,1,yES,Saturday,West,Local Street Vendor,33.1,UPI,17,Bansal Rakhi Hub 161,510.78,45
2470,Kids & Cartoon,Silk Thread,2026,6,Yes,Saturday,Central,Online,28.4,Cash,5,Jain Rakhi Hub 253,30.19,19
3739,Eco-Friendly,Sandalwood (Chandan),2026,6,Yes,Saturday,North,Supermarket,32.0,Credit Card,6,Jain Rakhi Point,56.27,16
4287,Eco-Friendly,Sandalwood (Chandan),2026,1,No,Monday,East,Supermarket,32.5,Cash,7,Sethi Rakhi Corner,63.48,29
5393,Eco-Friendly,Sandalwood (Chandan),2026,2,#Yes,Sunday,Central,Online,32.9,Cash,19,Khanna Rakhi Hub 120,68.54,60
5290,Kids & Cartoon,Silk Thread,2026,2,nO,Monday,,Supermarket,39.1,Cash,3,Sharma Rakhi Hub 172,17.59,16
1717,Kids & Cartoon,Silk Thread,2026,6,No,Thursday,West,Local Street Vendor,37.2,Credit Card,7,Chawla Rakhi Hub 250,12.35,29
2605,Premium & Jewelry,Sterling Silver,2026,7,Yes,Saturday,Central,Local Street Vendor,24.5,UPI,2,Sharma Rakhi Hub 84,555.48,10
4361,Premium & Jewelry,Sandalwood (Chandan),2026,1,No,Wednesday,Central,Supermarket,28.6,Cash,19,Bhatia Emporium,209.94,65
1705,Kids & Cartoon,Silk Thread,2026,7,No,Wednesday,North,Online,28.4,Cash,5,Bhatia Handicrafts,15.56,18
2140,Eco-Friendly,Sandalwood (Chandan),2026,5,Yes,Sunday,Central,Local Street Vendor,29.1,Credit Card,3,Mehra Rakhi & Gifts,40.51,15
3240,Kids & Cartoon,Sandalwood (Chandan),2026,5,Yes,Saturday,East,Local Street Vendor,29.3,Cash,6,Nanda Rakhi Point,26.03,23
2384,Premium & Jewelry,Sterling Silver,2026,7,No,Friday,Central,Local Street Vendor,32.2,Cash,2,Nanda Festive Mart,429.21,6
4312,Eco-Friendly,Sandalwood (Chandan),2026,6,nO,Tuesday,West,Online,29.4,Cash,3,Aggarwal Emporium,386.47,15
1286,Eco-Friendly,Sandalwood (Chandan),2026,3,No,Tuesday,North,Local Street Vendor,30.4,Cash,3,Tandon Rakhi Hub 60,56.49,12
1078,Kids & Cartoon,Sandalwood (Chandan),2026,6,Yes,Sunday,West,Local Street Vendor,24.1,Cash,7,Verma Rakhi Bazaar,17.37,19
1710,Premium & Jewelry,Sterling Silver,2026,7,No,Monday,North,Supermarket,30.2,Cash,2,Sethi Rakhi Hub 40,718.2,6
1956,Eco-Friendly,Sandalwood (Chandan),2026,4,Yes,Sunday,,Supermarket,33.2,Credit Card,7,Gupta Rakhi Hub 291,54.81,18
3931,Kids & Cartoon,Silk Thread,2026,4,No,Wednesday,West,Supermarket,22.2,Cash,6,Kapoor Gift House,18.88,35
5986,Kids & Cartoon,Silk Thread,2026,2,No,Wednesday,West,Online,33.6,Cash,21,Jain Rakhi Hub 119,23.75,115
3153,Kids & Cartoon,Silk Thread,2026,6,#Yes,Saturday,Central,Online,33.3,Credit Card,27,Mehra Rakhi Hub 240,30.12,21
1592,Premium & Jewelry,Sandalwood (Chandan),2026,5,No,Friday,North,Local Street Vendor,,Cash,2,Mehra Rakhi Hub 6,153.62,10
1522,Kids & Cartoon,Silk Thread,2026,6,#Yes,Saturday,West,Local Street Vendor,32.6,Credit Card,3,Gupta Rakhi Hub 7,10.34,8
5985,Kids & Cartoon,Silk Thread,2026,4,No,Wednesday,North,Supermarket,33.2,Cash,9,Gupta Festive Mart,18.13,30
2163,Kids & Cartoon,Silk Thread,2026,3,No,Friday,West,Local Street Vendor,31.8,Credit Card,7,Chopra Rakhi Bazaar,12.88,20
2397,Premium & Jewelry,Sterling Silver,2026,4,Yes,Saturday,,Local Street Vendor,,Cash,2,Nanda Rakhi Hub 129,431.74,12
318,Kids & Cartoon,Silk Thread,2026,1,Yes,Saturday,West,Supermarket,34.3,Cash,7,Goel Gift House,18.69,24
127,Kids & Cartoon,Silk Thread,2026,3,No,Friday,West,Local Street Vendor,31.1,Credit Card,5,Aggarwal Rakhi Hub 205,14.63,26
3112,Premium & Jewelry,Sterling Silver,2026,1,nO,Wednesday,North,Supermarket,37.8,UPI,3,Mehra Traditions,580.1,9
5234,Kids & Cartoon,Silk Thread,2026,3,No,Friday,Central,Local Street Vendor,34.0,UPI,7,Sethi Rakhi Hub 76,13.45,21
5597,Eco-Friendly,Sandalwood (Chandan),2026,2,No,Friday,Central,Supermarket,33.1,Credit Card,7,Saxena Rakhi Corner,64.71,45
1266,Eco-Friendly,Silk Thread,2026,7,#Yes,Sunday,East,Supermarket,,Cash,6,Jain Rakhi Hub 289,190.21,15
4037,Kids & Cartoon,Silk Thread,2026,4,Yes,Saturday,East,Supermarket,29.0,UPI,6,Bhatia Festive Mart,15.17,17
796,Kids & Cartoon,Silk Thread,2026,3,nO,Monday,Central,Local Street Vendor,31.1,Cash,7,Bansal Rakhi Hub 124,10.47,22
3021,Kids & Cartoon,Silk Thread,2026,4,No,Friday,Central,Online,35.2,Cash,9,Mehra Rakhi Bazaar,15.25,44
1712,Kids & Cartoon,Silk Thread,2026,5,No,Wednesday,East,Local Street Vendor,33.1,Credit Card,5,Sethi Festive Mart,14.3,22
3388,Eco-Friendly,Sandalwood (Chandan),2026,2,Yes,Saturday,Central,Online,33.0,Credit Card,15,Chawla Rakhi & Gifts,70.66,50
37,Premium & Jewelry,Sandalwood (Chandan),2026,4,No,Tuesday,,Local Street Vendor,28.5,Cash,2,Bhatia Rakhi Hub 290,163.17,8
4550,Premium & Jewelry,Sterling Silver,2026,3,Yes,Sunday,,Supermarket,28.1,Credit Card,3,Arora Rakhi Hub 210,716.72,13
914,Eco-Friendly,Sandalwood (Chandan),2026,2,No,Wednesday,Central,Supermarket,30.2,Credit Card,7,Tandon Rakhi Corner,59.6,26
5722,Premium & Jewelry,Sterling Silver,2026,2,No,Friday,West,Online,34.8,Cash,3,Arora Handicrafts,785.76,15
5296,Kids & Cartoon,Silk Thread,2026,6,yES,Saturday,East,Supermarket,33.4,Cash,2,Nanda Rakhi Corner,19.03,6
3973,Kids & Cartoon,Sandalwood (Chandan),2026,4,#Yes,Sunday,Central,Supermarket,26.3,Cash,4,Arora Rakhi Hub 115,32.26,12
5371,Premium & Jewelry,Sterling Silver,2026,3,No,Tuesday,East,Online,37.0,Cash,5,Khanna Rakhi Hub 45,786.87,20
4134,Kids & Cartoon,Silk Thread,2026,7,nO,Tuesday,West,Local Street Vendor,26.7,UPI,1,Bhatia Rakhi Hub 300,14.47,5
975,Kids & Cartoon,Silk Thread,2026,5,No,Monday,Central,Online,30.7,UPI,4,Goel Rakhi Hub 181,26.06,15
984,Kids & Cartoon,Silk Thread,2026,2,yES,Saturday,North,Supermarket,37.2,Cash,17,Bansal Rakhi Hub 198,16.86,48
5388,Premium & Jewelry,Silk Thread,2026,2,#Yes,Sunday,Central,Local Street Vendor,28.5,Cash,9,Saxena Rakhi Hub 49,96.83,30
1419,Eco-Friendly,Sandalwood (Chandan),2026,2,No,Monday,Central,Online,34.6,Credit Card,7,Sethi Rakhi Hub 174,87.42,26
1561,Eco-Friendly,Sandalwood (Chandan),2026,4,No,Thursday,North,Supermarket,26.1,Cash,8,Chawla Gift House,48.11,34
4136,Premium & Jewelry,Sterling Silver,2026,6,No,Thursday,Central,Local Street Vendor,31.9,UPI,2,Rastogi Traditions,414.82,8
5583,Kids & Cartoon,Silk Thread,2026,1,Yes,Sunday,Central,Supermarket,28.6,Cash,15,Kapoor Rakhi & Gifts,19.98,43
4015,Kids & Cartoon,Sandalwood (Chandan),2026,5,Yes,Sunday,West,Supermarket,33.3,UPI,3,Bansal Rakhi Hub 13,32.1,13
4266,Kids & Cartoon,Silk Thread,2026,6,No,Thursday,Central,Online,32.4,Cash,3,Verma Rakhi Hub 92,20.62,9
1356,Premium & Jewelry,Sterling Silver,2026,5,No,Tuesday,East,Local Street Vendor,29.3,Cash,5,Arora Rakhi Bazaar,488.94,21
710,Kids & Cartoon,Silk Thread,2026,2,yES,Sunday,Central,Local Street Vendor,34.1,Cash,11,Saxena Festive Mart,14.27,35
1166,Eco-Friendly,Sandalwood (Chandan),2026,5,Yes,Saturday,West,Supermarket,35.3,Cash,2,Rastogi Rakhi Hub 251,63.71,7
988,Premium & Jewelry,Sterling Silver,2026,6,No,Thursday,East,Supermarket,31.6,Cash,4,Tandon Rakhi Corner,662.2,23
2683,Premium & Jewelry,Silk Thread,2026,3,No,Monday,North,Supermarket,32.3,UPI,13,Rastogi Rakhi Store,109.79,40
5048,Eco-Friendly,Sandalwood (Chandan),2026,6,yES,Saturday,North,Supermarket,29.8,Cash,2,Malhotra Gift House,68.78,10
1641,Eco-Friendly,Sterling Silver,2026,3,No,Wednesday,,Online,27.9,Cash,4,Chawla Rakhi Hub 104,200.97,15
1291,Kids & Cartoon,Silk Thread,2026,5,Yes,Saturday,West,Local Street Vendor,32.6,Cash,5,Khanna Rakhi Hub 121,11.22,11
3682,Premium & Jewelry,Sterling Silver,2026,1,No,Thursday,East,Supermarket,30.1,Credit Card,6,Saxena Rakhi Hub 262,550.38,34
1381,Kids & Cartoon,Silk Thread,2026,2,No,Thursday,North,Supermarket,32.4,UPI,7,Tandon Rakhi Hub 296,18.05,23
1934,Eco-Friendly,Silk Thread,2026,5,No,Thursday,Central,Supermarket,36.2,UPI,3,Sethi Rakhi Store,26.65,10
4676,Premium & Jewelry,Sterling Silver,2026,6,Yes,Saturday,West,Online,33.3,Cash,4,Nanda Rakhi Hub 21,632.65,16
1876,Eco-Friendly,Silk Thread,2026,3,yES,Sunday,North,Supermarket,30.4,Credit Card,11,Saxena Rakhi Hub 49,40.77,32
3161,Eco-Friendly,Sandalwood (Chandan),2026,2,No,Monday,East,Supermarket,32.7,Cash,7,Malhotra Handicrafts,55.28,31
2031,Premium & Jewelry,Sterling Silver,2026,6,No,Tuesday,East,Supermarket,34.4,Cash,2,Goel Rakhi Hub 277,601.82,11
893,Premium & Jewelry,Sterling Silver,2026,3,Yes,Saturday,East,Supermarket,28.9,UPI,12,Tandon Rakhi Hub 296,606.34,36
4877,Premium & Jewelry,Sterling Silver,2026,7,nO,Tuesday,Central,Local Street Vendor,29.5,Cash,2,Chawla Rakhi Hub 186,588.44,9
4070,Premium & Jewelry,Sterling Silver,2026,5,No,Friday,North,Local Street Vendor,26.7,Cash,4,Mehra Rakhi Hub 183,517.85,21
4256,Premium & Jewelry,Sterling Silver,2026,5,Yes,Saturday,Central,Supermarket,37.0,UPI,14,Saxena Rakhi Hub 17,654.62,33
3,Eco-Friendly,Sandalwood (Chandan),2026,5,yES,Saturday,West,Local Street Vendor,43.0,Credit Card,6,Chawla Rakhi Hub 245,48.05,22
2110,Premium & Jewelry,Sterling Silver,2026,2,No,Tuesday,East,Supermarket,40.0,Cash,11,Mehra Festive Mart,613.18,49
850,Eco-Friendly,Sandalwood (Chandan),2026,2,nO,Tuesday,East,Online,33.3,UPI,3,Gupta Rakhi Hub 139,74.43,22
2738,Kids & Cartoon,Silk Thread,2026,5,No,Wednesday,Central,Local Street Vendor,38.7,Cash,11,Malhotra Rakhi Hub 4,59.14,49
2467,Eco-Friendly,Sandalwood (Chandan),2026,4,Yes,Saturday,West,Local Street Vendor,31.2,Cash,6,Aggarwal Rakhi Hub 234,48.72,13
1915,Premium & Jewelry,Sandalwood (Chandan),2026,3,No,Wednesday,West,Online,31.1,Cash,18,Chawla Rakhi Hub 250,235.44,25
1597,Premium & Jewelry,Sterling Silver,2026,4,Yes,Saturday,North,Supermarket,33.5,Credit Card,11,Sethi Rakhi Bazaar,608.67,38
5873,Premium & Jewelry,Sterling Silver,2026,1,nO,Thursday,North,Local Street Vendor,29.0,Credit Card,6,Bansal Rakhi Hub 288,568.13,21
1914,Kids & Cartoon,Silk Thread,2026,2,No,Monday,East,Supermarket,,Cash,4,Goel Festive Mart,14.22,22
5140,Eco-Friendly,Silk Thread,2026,7,No,Wednesday,East,Supermarket,38.5,UPI,1,Khanna Rakhi Hub 132,186.69,4
131,Premium & Jewelry,Sterling Silver,2026,2,nO,Tuesday,Central,Local Street Vendor,30.7,Cash,4,Verma Rakhi Hub 151,481.01,21
5641,Kids & Cartoon,Silk Thread,2026,6,No,Wednesday,Central,Supermarket,37.3,Credit Card,2,Verma Emporium,16.22,14
2737,Premium & Jewelry,Sterling Silver,2026,1,#Yes,Sunday,Central,Online,33.4,Credit Card,8,Sharma Gift House,973.96,28
727,Premium & Jewelry,Sterling Silver,2026,6,yES,Saturday,North,Local Street Vendor,36.8,Cash,4,Bhatia Rakhi Hub 2,605.05,21
54,Kids & Cartoon,Silk Thread,2026,7,nO,Tuesday,North,Supermarket,30.7,Credit Card,2,Malhotra Emporium,17.66,9
1797,Kids & Cartoon,Silk Thread,2026,1,No,Monday,Central,Supermarket,30.7,Credit Card,5,Bansal Rakhi Hub 99,19.59,28
3846,Kids & Cartoon,Silk Thread,2026,4,No,Thursday,West,Local Street Vendor,26.5,UPI,3,Rastogi Traditions,16.09,10
467,Kids & Cartoon,Silk Thread,2026,5,No,Tuesday,West,Local Street Vendor,24.3,Cash,2,Kapoor Rakhi Corner,12.21,6
2554,Eco-Friendly,Sandalwood (Chandan),2026,4,No,Friday,Central,Supermarket,33.9,Credit Card,2,Goel Rakhi Hub 1,63.85,7
2801,Eco-Friendly,Silk Thread,2026,1,No,Thursday,East,Supermarket,30.9,Cash,15,Bansal Rakhi Hub 161,44.66,64
937,Eco-Friendly,Sandalwood (Chandan),2026,2,No,Wednesday,North,Supermarket,28.7,Credit Card,22,Chawla Rakhi Hub 93,53.92,64
396,Kids & Cartoon,Silk Thread,2026,2,No,Friday,Central,Online,29.5,UPI,3,Gupta Festive Mart,25.05,13
825,Eco-Friendly,Sandalwood (Chandan),2026,6,nO,Thursday,Central,Local Street Vendor,34.8,Cash,4,Sharma Traditions,56.32,11
4322,Kids & Cartoon,Silk Thread,2026,4,No,Thursday,North,Supermarket,32.1,Credit Card,3,Bhatia Rakhi Hub 18,18.44,18
3402,Eco-Friendly,Sandalwood (Chandan),2026,7,nO,Thursday,,Local Street Vendor,31.1,Credit Card,2,Goel Rakhi Hub 239,35.42,10
1390,Premium & Jewelry,Sterling Silver,2026,4,No,Tuesday,North,Supermarket,24.6,Credit Card,8,Sharma Rakhi Hub 136,587.08,29
3565,Eco-Friendly,Sandalwood (Chandan),2026,4,No,Monday,West,Local Street Vendor,37.7,Cash,18,Tandon Rakhi Hub 62,38.83,63
885,Premium & Jewelry,Sandalwood (Chandan),2026,4,No,Monday,North,Supermarket,22.5,Cash,11,Saxena Rakhi Hub 138,180.6,35
5430,Kids & Cartoon,Silk Thread,2026,5,Yes,Saturday,East,Supermarket,31.9,UPI,10,Chawla Rakhi Hub 265,18.22,26
5704,Eco-Friendly,Sandalwood (Chandan),2026,6,No,Monday,Central,Online,36.7,Cash,2,Mehra Emporium,72.54,7
5691,Kids & Cartoon,Silk Thread,2026,1,No,Thursday,North,Local Street Vendor,31.0,Credit Card,2,Mehra Rakhi Hub 183,12.2,9
4868,Premium & Jewelry,Sterling Silver,2026,7,#Yes,Saturday,West,Local Street Vendor,30.7,Cash,35,Rastogi Traditions,470.14,116
1869,Kids & Cartoon,Silk Thread,2026,2,Yes,Saturday,West,Supermarket,24.8,Credit Card,7,Chawla Rakhi Bazaar,22.42,24
5182,Kids & Cartoon,Sterling Silver,2026,7,No,Friday,East,Supermarket,33.4,Cash,6,Aggarwal Rakhi Hub 90,123.89,19
11,Kids & Cartoon,Silk Thread,2026,3,Yes,Saturday,West,Local Street Vendor,30.8,Cash,14,Goel Rakhi Hub 107,12.18,58
3416,Premium & Jewelry,Sterling Silver,2026,4,No,Tuesday,West,Supermarket,32.0,Cash,14,Nanda Rakhi Hub 32,593.76,41
5422,Kids & Cartoon,Silk Thread,2026,2,No,Wednesday,East,Local Street Vendor,35.4,Cash,5,Bhatia Traditions,15.76,20
1464,Kids & Cartoon,Sandalwood (Chandan),2026,1,#Yes,Sunday,,Online,35.6,Cash,4,Khanna Handicrafts,33.54,10
807,Kids & Cartoon,Silk Thread,2026,3,No,Wednesday,West,Online,30.3,Cash,7,Rastogi Rakhi Hub 231,21.34,24
4522,Kids & Cartoon,Silk Thread,2026,4,No,Wednesday,,Local Street Vendor,33.5,UPI,18,Rastogi Rakhi Hub 298,15.85,13
2737,Premium & Jewelry,Sterling Silver,2026,1,#Yes,Sunday,Central,Online,33.4,Credit Card,8,Sharma Gift House,973.96,28
4069,Eco-Friendly,Silk Thread,2026,6,No,Monday,East,Supermarket,28.2,Cash,2,Verma Rakhi Hub 196,42.91,9
2109,Kids & Cartoon,Silk Thread,2026,5,No,Tuesday,North,Local Street Vendor,30.8,Cash,2,Malhotra Emporium,12.83,11
4805,Eco-Friendly,Sandalwood (Chandan),2026,6,Yes,Sunday,,Local Street Vendor,30.3,UPI,2,Gupta Handicrafts,64.81,7
1440,Eco-Friendly,Sandalwood (Chandan),2026,2,No,Monday,East,Local Street Vendor,25.6,Cash,4,Chawla Gift House,41.55,13
2235,Eco-Friendly,Sandalwood (Chandan),2026,1,No,Thursday,West,Local Street Vendor,28.7,Credit Card,6,Sharma Rakhi Hub 61,48.83,35
964,Premium & Jewelry,Sterling Silver,2026,5,No,Wednesday,West,Local Street Vendor,37.3,UPI,9,Goel Rakhi & Gifts,460.65,33
4495,Premium & Jewelry,Sandalwood (Chandan),2026,1,No,Monday,West,Online,34.1,Credit Card,70,Rastogi Rakhi Hub 5,203.66,49
2633,Eco-Friendly,Sterling Silver,2026,6,#Yes,Saturday,North,Local Street Vendor,26.1,UPI,5,Mehra Rakhi Point,126.98,25
5277,Kids & Cartoon,Silk Thread,2026,2,Yes,Saturday,West,Local Street Vendor,32.4,UPI,14,Aggarwal Rakhi Hub 74,14.46,49
705,Premium & Jewelry,Sterling Silver,2026,2,No,Tuesday,East,Online,49.3,Cash,5,Gupta Rakhi Hub 299,665.77,24
432,Eco-Friendly,Sandalwood (Chandan),2026,1,No,Monday,East,Supermarket,27.6,Cash,5,Saxena Rakhi Hub 213,69.32,28
4389,Eco-Friendly,Silk Thread,2026,4,Yes,Saturday,North,Local Street Vendor,32.8,Cash,4,Verma Rakhi Hub 95,24.13,21
4298,Kids & Cartoon,Silk Thread,2026,5,No,Tuesday,East,Supermarket,33.0,UPI,5,Gupta Rakhi Hub 70,17.3,18
146,Premium & Jewelry,Sterling Silver,2026,3,Yes,Sunday,West,Local Street Vendor,30.4,Cash,6,Chawla Rakhi Hub 24,498.78,17
2034,Kids & Cartoon,Silk Thread,2026,5,No,Monday,West,Online,32.9,Cash,2,Goel Rakhi Hub 239,20.84,5
3585,Eco-Friendly,Sandalwood (Chandan),2026,5,nO,Wednesday,West,Local Street Vendor,26.2,Credit Card,4,Malhotra Rakhi Hub 281,60.29,11
1166,Eco-Friendly,Sandalwood (Chandan),2026,5,Yes,Saturday,West,Supermarket,35.3,Cash,2,Rastogi Rakhi Hub 251,63.71,7
3501,Kids & Cartoon,Silk Thread,2026,7,No,Wednesday,East,Online,28.8,Cash,3,Arora Rakhi Hub 115,22.38,8
2051,Eco-Friendly,Sandalwood (Chandan),2026,5,No,Wednesday,North,Local Street Vendor,25.9,Credit Card,2,Gupta Rakhi Hub 7,59.19,14
3761,Eco-Friendly,Sandalwood (Chandan),2026,2,No,Wednesday,Central,Supermarket,30.1,Cash,6,Sharma Festive Mart,62.22,32
2625,Kids & Cartoon,Silk Thread,2026,4,No,Tuesday,East,Local Street Vendor,38.3,Cash,1,Tandon Rakhi Hub 47,15.9,10
4485,Eco-Friendly,Silk Thread,2026,5,Yes,Saturday,West,Local Street Vendor,24.9,UPI,8,Chawla Rakhi Hub 245,24.04,25
4436,Kids & Cartoon,Sandalwood (Chandan),2026,5,No,Tuesday,West,Supermarket,,UPI,3,Nanda Rakhi Hub 225,33.58,13
5443,Eco-Friendly,Silk Thread,2026,7,No,Wednesday,West,Local Street Vendor,33.2,Cash,1,Nanda Rakhi Hub 21,25.31,5
699,Kids & Cartoon,Silk Thread,2026,7,nO,Tuesday,Central,Local Street Vendor,33.7,UPI,2,Nanda Emporium,13.79,8
4362,Kids & Cartoon,Silk Thread,2026,4,No,Monday,Central,Local Street Vendor,30.0,UPI,6,Bhatia Emporium,13.75,19
2425,Eco-Friendly,Sandalwood (Chandan),2026,6,nO,Monday,West,Local Street Vendor,37.4,Credit Card,2,Sharma Rakhi & Gifts,46.55,7
1263,Kids & Cartoon,Silk Thread,2026,5,No,Tuesday,Central,Local Street Vendor,27.7,Cash,5,Goel Rakhi Hub 100,14.7,17
1772,Eco-Friendly,Silk Thread,2026,6,nO,Friday,,Supermarket,28.3,Credit Card,5,Tandon Emporium,38.44,17
3512,Eco-Friendly,Sandalwood (Chandan),2026,7,No,Thursday,North,Local Street Vendor,30.3,UPI,5,Sethi Rakhi Hub 22,50.53,23
272,Premium & Jewelry,Sterling Silver,2026,4,No,Tuesday,East,Local Street Vendor,33.2,UPI,3,Mehra Rakhi Hub 183,367.31,12
4793,Premium & Jewelry,Sterling Silver,2026,5,No,Monday,East,Online,27.6,UPI,6,Bhatia Rakhi Store,558.77,18
3639,Eco-Friendly,Sandalwood (Chandan),2026,1,No,Wednesday,West,Online,35.4,Cash,32,Chawla Rakhi Hub 102,68.8,47
245,Kids & Cartoon,Silk Thread,2026,3,No,Friday,North,Online,29.9,Cash,5,Goel Rakhi Store,23.65,16
2383,Premium & Jewelry,Sterling Silver,2026,2,No,Thursday,,Online,34.9,UPI,11,Sharma Rakhi Hub 259,674.68,33
4573,Premium & Jewelry,Sterling Silver,2026,3,No,Thursday,Central,Online,33.0,UPI,6,Mehra Rakhi & Gifts,3154.42,33
2033,Kids & Cartoon,Silk Thread,2026,7,No,Wednesday,Central,Local Street Vendor,34.2,Cash,2,Gupta Rakhi Bazaar,13.79,6
1305,Eco-Friendly,Sandalwood (Chandan),2026,3,No,Wednesday,Central,Local Street Vendor,,UPI,6,Chopra Festive Mart,48.74,24
2661,Eco-Friendly,Silk Thread,2026,5,No,Monday,West,Local Street Vendor,33.2,Credit Card,3,Goel Rakhi Hub 244,27.08,14
814,Kids & Cartoon,Silk Thread,2026,4,No,Thursday,East,Supermarket,31.4,Cash,7,Arora Rakhi Hub 220,21.07,32
5579,Eco-Friendly,Sandalwood (Chandan),2026,3,yES,Sunday,East,Supermarket,31.2,Cash,10,Chopra Rakhi & Gifts,66.45,30
3811,Kids & Cartoon,Silk Thread,2026,1,No,Monday,West,Supermarket,32.3,UPI,24,Jain Gift House,16.27,120
3454,Premium & Jewelry,Sterling Silver,2026,4,No,Monday,East,Local Street Vendor,33.0,Credit Card,5,Malhotra Rakhi Hub 38,719.9,22
5980,Kids & Cartoon,Silk Thread,2026,6,No,Monday,East,Online,32.8,Cash,3,Aggarwal Rakhi Hub 205,20.08,13
2480,Eco-Friendly,Sandalwood (Chandan),2026,1,No,Wednesday,East,Supermarket,33.9,Credit Card,19,Mehra Emporium,62.69,74
1805,Kids & Cartoon,Silk Thread,2026,4,Yes,Saturday,North,Supermarket,37.3,UPI,13,Kapoor Rakhi Hub 36,21.58,31
5566,Premium & Jewelry,Sterling Silver,2026,5,Yes,Sunday,Central,Supermarket,34.2,UPI,7,Goel Rakhi Hub 133,440.56,9
4347,Eco-Friendly,Sandalwood (Chandan),2026,4,No,Monday,East,Local Street Vendor,28.6,Cash,3,Rastogi Festive Mart,32.77,19
2462,Kids & Cartoon,Silk Thread,2026,4,#Yes,Saturday,Central,Online,37.4,Cash,6,Verma Rakhi Bazaar,20.0,21
546,Kids & Cartoon,Silk Thread,2026,2,Yes,Saturday,East,Supermarket,33.3,Credit Card,29,Nanda Rakhi Hub 225,14.56,84
3242,Kids & Cartoon,Silk Thread,2026,5,Yes,Sunday,Central,Supermarket,34.2,Credit Card,4,Chopra Rakhi Hub 190,17.77,14
739,Kids & Cartoon,Silk Thread,2026,4,Yes,Saturday,West,Online,34.4,Credit Card,7,Tandon Rakhi Hub 53,19.26,35
311,Kids & Cartoon,Silk Thread,2026,5,No,Wednesday,North,Supermarket,34.2,UPI,2,Tandon Rakhi Hub 147,19.2,9
3522,Eco-Friendly,Sandalwood (Chandan),2026,4,Yes,Sunday,West,Online,34.6,Cash,7,Mehra Gift House,68.55,28
1132,Kids & Cartoon,Silk Thread,2026,2,No,Wednesday,Central,Supermarket,34.0,Credit Card,5,Khanna Rakhi Hub 121,18.59,23
5546,Premium & Jewelry,Sterling Silver,2026,4,nO,Monday,North,Local Street Vendor,37.1,Cash,3,Bhatia Traditions,513.38,11
3861,Kids & Cartoon,Silk Thread,2026,5,No,Tuesday,East,Local Street Vendor,25.5,Cash,3,Jain Rakhi Hub 135,14.39,13
4112,Eco-Friendly,Silk Thread,2026,1,No,Wednesday,East,Supermarket,29.5,Cash,6,Mehra Rakhi Hub 275,36.12,39
2770,Eco-Friendly,Silk Thread,2026,5,No,Wednesday,West,Local Street Vendor,37.5,UPI,3,Rastogi Rakhi Hub 178,25.19,16
921,Premium & Jewelry,Silk Thread,2026,1,Yes,Sunday,Central,Local Street Vendor,34.8,Credit Card,10,Jain Rakhi Bazaar,92.37,49
5349,Kids & Cartoon,Silk Thread,2026,5,Yes,Sunday,Central,Local Street Vendor,38.2,Credit Card,4,Bhatia Rakhi Hub 290,12.01,13
3588,Kids & Cartoon,Silk Thread,2026,5,Yes,Sunday,Central,Supermarket,36.4,Cash,7,Nanda Festive Mart,19.97,26
3960,Kids & Cartoon,Silk Thread,2026,7,Yes,Sunday,North,Local Street Vendor,28.9,Cash,4,Gupta Rakhi Hub 139,17.87,14
39,Premium & Jewelry,Sterling Silver,2026,7,No,Monday,West,Local Street Vendor,30.8,Cash,3,Goel Rakhi Hub 228,709.55,9
4460,Eco-Friendly,Sandalwood (Chandan),2026,3,#Yes,Sunday,West,Supermarket,30.5,Credit Card,2,Bhatia Traditions,71.43,6
4279,Premium & Jewelry,Sterling Silver,2026,6,No,Thursday,West,Supermarket,29.3,Credit Card,6,Sethi Rakhi Hub 40,413.55,20
2984,Kids & Cartoon,Silk Thread,2026,6,No,Wednesday,West,Supermarket,26.8,Credit Card,38,Sethi Rakhi Hub 276,16.93,127
5291,Kids & Cartoon,Silk Thread,2026,2,No,Friday,East,Local Street Vendor,27.0,Cash,15,Sethi Rakhi Hub 175,16.58,44
1083,Eco-Friendly,Sandalwood (Chandan),2026,2,nO,Monday,East,Local Street Vendor,33.7,Cash,10,Jain Rakhi Store,42.75,37
5218,Premium & Jewelry,Sterling Silver,2026,6,No,Tuesday,Central,Local Street Vendor,28.8,Cash,2,Goel Emporium,525.46,10
2668,Premium & Jewelry,Sterling Silver,2026,3,No,Monday,West,Local Street Vendor,36.6,Credit Card,11,Aggarwal Rakhi Hub 157,533.4,53
3224,Kids & Cartoon,Silk Thread,2026,4,No,Monday,East,Local Street Vendor,24.0,Cash,7,Sharma Rakhi Hub 180,11.72,31
1183,Premium & Jewelry,Sterling Silver,2026,7,No,Thursday,Central,Online,27.3,Credit Card,1,Chawla Gift House,686.0,7
2263,Kids & Cartoon,Silk Thread,2026,4,Yes,Saturday,West,Online,34.8,Credit Card,18,Goel Rakhi Hub 116,25.38,71
615,Premium & Jewelry,Sandalwood (Chandan),2026,1,nO,Tuesday,North,Online,34.7,UPI,6,Goel Gift House,278.86,25
2947,Kids & Cartoon,Silk Thread,2026,7,Yes,Sunday,East,Local Street Vendor,31.0,Cash,1,Arora Emporium,12.77,3
1467,Kids & Cartoon,Silk Thread,2026,5,No,Tuesday,East,Supermarket,28.1,Credit Card,10,Gupta Rakhi Hub 249,17.62,33
4498,Kids & Cartoon,Silk Thread,2026,1,No,Monday,East,Supermarket,35.8,Cash,46,Chopra Emporium,12.97,138
3043,Eco-Friendly,Sandalwood (Chandan),2026,7,No,Monday,West,Supermarket,35.6,Cash,2,Bhatia Rakhi Hub 29,70.27,8
935,Eco-Friendly,Sandalwood (Chandan),2026,2,Yes,Saturday,West,Online,31.7,Cash,7,Arora Rakhi Hub 218,74.37,27
2420,Eco-Friendly,Silk Thread,2026,7,nO,Tuesday,East,Supermarket,35.6,Cash,6,Bhatia Traditions,31.46,20
5086,Kids & Cartoon,Sandalwood (Chandan),2026,5,No,Thursday,,Online,28.9,Credit Card,3,Arora Gift House,37.67,12
475,Premium & Jewelry,Sterling Silver,2026,5,No,Monday,West,Supermarket,27.8,Cash,7,Verma Rakhi Store,712.01,25
3682,Premium & Jewelry,Sterling Silver,2026,1,No,Thursday,East,Supermarket,30.1,Credit Card,6,Saxena Rakhi Hub 262,550.38,34
4823,Kids & Cartoon,Silk Thread,2026,1,Yes,Sunday,West,Local Street Vendor,30.9,UPI,6,Sharma Rakhi Hub 259,15.98,25
827,Kids & Cartoon,Sterling Silver,2026,7,No,Friday,Central,Supermarket,19.8,UPI,2,Kapoor Rakhi Store,91.92,10
1522,Kids & Cartoon,Silk Thread,2026,6,#Yes,Saturday,West,Local Street Vendor,32.6,Credit Card,3,Gupta Rakhi Hub 7,10.34,8
2931,Kids & Cartoon,Silk Thread,2026,2,No,Wednesday,Central,Supermarket,34.7,Cash,6,Bansal Rakhi Hub 82,14.74,22
4233,Eco-Friendly,Sandalwood (Chandan),2026,4,No,Tuesday,North,Local Street Vendor,37.8,UPI,6,Jain Handicrafts,52.78,21
629,Kids & Cartoon,Silk Thread,2026,4,No,Monday,North,Online,32.0,Cash,6,Bansal Rakhi & Gifts,20.11,25
4431,Kids & Cartoon,Sterling Silver,2026,3,Yes,Saturday,,Online,33.1,Credit Card,12,Jain Rakhi Store,157.37,30
3854,Kids & Cartoon,Silk Thread,2026,3,No,Tuesday,North,Supermarket,33.6,Cash,4,Goel Rakhi Hub 107,16.28,18
391,Kids & Cartoon,Silk Thread,2026,2,No,Monday,West,Supermarket,35.3,Cash,4,Bhatia Rakhi Hub 266,17.1,20
4346,Eco-Friendly,Sandalwood (Chandan),2026,5,No,Wednesday,North,Supermarket,30.8,Cash,37,Bhatia Rakhi Hub 29,62.81,24
3554,Kids & Cartoon,Silk Thread,2026,4,No,Tuesday,North,Online,37.2,Cash,4,Chopra Rakhi & Gifts,20.02,12
5914,Premium & Jewelry,Sterling Silver,2026,2,nO,Wednesday,North,Supermarket,27.8,Cash,3,Verma Rakhi Hub 73,499.71,10
3991,Eco-Friendly,Silk Thread,2026,6,No,Monday,East,Local Street Vendor,34.4,UPI,3,Gupta Rakhi Bazaar,23.96,14
401,Kids & Cartoon,Silk Thread,2026,4,Yes,Saturday,Central,Supermarket,31.7,Cash,18,Mehra Rakhi Hub 110,21.51,50
4807,Kids & Cartoon,Silk Thread,2026,3,yES,Saturday,East,Online,34.2,UPI,6,Bhatia Rakhi Hub 3,20.85,18
5136,Kids & Cartoon,Sandalwood (Chandan),2026,2,Yes,Sunday,West,Online,26.9,Credit Card,4,Saxena Emporium,42.65,12
560,Kids & Cartoon,Silk Thread,2026,5,No,Monday,East,Supermarket,32.3,Cash,6,Sethi Traditions,13.39,26
3360,Kids & Cartoon,Silk Thread,2026,1,Yes,Sunday,East,Supermarket,36.1,Cash,9,Arora Rakhi Hub 115,17.15,40
47,Kids & Cartoon,Silk Thread,2026,6,Yes,Sunday,Central,Online,28.0,UPI,4,Jain Rakhi Hub 223,29.13,15
5658,Eco-Friendly,Sandalwood (Chandan),2026,4,#Yes,Saturday,,Online,30.3,Cash,7,Tandon Rakhi Store,64.42,25
5371,Premium & Jewelry,Sterling Silver,2026,3,No,Tuesday,East,Online,37.0,Cash,5,Khanna Rakhi Hub 45,786.87,20
1390,Premium & Jewelry,Sterling Silver,2026,4,No,Tuesday,North,Supermarket,24.6,Credit Card,8,Sharma Rakhi Hub 136,587.08,29
3643,Eco-Friendly,Sandalwood (Chandan),2026,1,nO,Friday,East,Local Street Vendor,33.8,Cash,3,Malhotra Festive Mart,41.72,18
3727,Eco-Friendly,Silk Thread,2026,6,No,Tuesday,Central,Supermarket,32.5,Cash,2,Khanna Handicrafts,34.61,6
823,Premium & Jewelry,Sterling Silver,2026,1,nO,Thursday,East,Supermarket,33.6,Cash,5,Tandon Rakhi Hub 147,551.4,19
5209,Premium & Jewelry,Sandalwood (Chandan),2026,7,Yes,Saturday,West,Supermarket,26.8,Cash,1,Tandon Rakhi Hub 292,184.71,5
5320,Kids & Cartoon,Silk Thread,2026,2,Yes,Sunday,East,Local Street Vendor,31.5,UPI,10,Chawla Emporium,12.2,30
278,Kids & Cartoon,Silk Thread,2026,6,No,Friday,West,Local Street Vendor,29.9,Cash,2,Kapoor Rakhi Hub 31,13.24,13
2422,Premium & Jewelry,Sandalwood (Chandan),2026,6,No,Friday,Central,Supermarket,31.9,Cash,3,Jain Rakhi Hub 289,193.48,11
5605,Kids & Cartoon,Silk Thread,2026,5,nO,Friday,,Local Street Vendor,26.8,Cash,6,Gupta Rakhi Hub 70,13.96,21
1751,Kids & Cartoon,Silk Thread,2026,3,yES,Sunday,West,Local Street Vendor,39.5,Cash,4,Kapoor Rakhi Corner,12.02,11
2013,Premium & Jewelry,Sterling Silver,2026,4,No,Friday,Central,Local Street Vendor,31.3,Credit Card,4,Nanda Rakhi Hub 206,434.62,13
418,Eco-Friendly,Silk Thread,2026,3,No,Wednesday,Central,Supermarket,40.4,UPI,6,Nanda Gift House,33.0,26
4063,Premium & Jewelry,Sandalwood (Chandan),2026,3,No,Monday,West,Supermarket,34.2,UPI,5,Bansal Rakhi Hub 67,229.98,19
245,Kids & Cartoon,Silk Thread,2026,3,No,Friday,North,Online,29.9,Cash,5,Goel Rakhi Store,23.65,16
339,Premium & Jewelry,Sterling Silver,2026,3,No,Monday,East,Supermarket,38.3,UPI,3,Chawla Rakhi Hub 186,731.97,10
216,Eco-Friendly,Silk Thread,2026,1,No,Wednesday,West,Supermarket,27.8,Cash,8,Tandon Rakhi Hub 103,31.48,35
3664,Kids & Cartoon,Silk Thread,2026,1,No,Friday,Central,Local Street Vendor,32.2,Cash,2,Saxena Rakhi Hub 262,12.46,8
1342,Eco-Friendly,Silk Thread,2026,2,No,Thursday,East,Supermarket,32.4,Credit Card,4,Goel Rakhi Hub 116,33.2,16
2539,Premium & Jewelry,Sterling Silver,2026,7,No,Friday,Central,Local Street Vendor,35.9,Credit Card,6,Sethi Rakhi Hub 10,489.0,20
4456,Kids & Cartoon,Silk Thread,2026,3,nO,Wednesday,North,Local Street Vendor,30.4,Cash,17,Bansal Rakhi Hub 99,11.51,61
3895,Eco-Friendly,Sandalwood (Chandan),2026,5,No,Friday,West,Supermarket,33.6,Cash,4,Chawla Rakhi Hub 104,50.36,12
3641,Premium & Jewelry,Silk Thread,2026,2,Yes,Saturday,Central,Online,16.8,Cash,12,Bhatia Rakhi Hub 18,139.1,29
330,Premium & Jewelry,Sterling Silver,2026,1,Yes,Saturday,Central,Local Street Vendor,29.1,Cash,5,Kapoor Traditions,577.67,26
99,Premium & Jewelry,Sterling Silver,2026,5,nO,Friday,Central,Supermarket,28.1,Cash,3,Sharma Rakhi Hub 78,839.33,17
3005,Premium & Jewelry,Sterling Silver,2026,5,No,Thursday,,Online,37.4,Credit Card,5,Bhatia Rakhi Corner,995.16,19
850,Eco-Friendly,Sandalwood (Chandan),2026,2,nO,Tuesday,East,Online,33.3,UPI,3,Gupta Rakhi Hub 139,74.43,22
3116,Kids & Cartoon,Silk Thread,2026,7,yES,Saturday,East,Online,32.2,Credit Card,11,Kapoor Rakhi Hub 97,14.38,33
1267,Premium & Jewelry,Sterling Silver,2026,6,No,Friday,Central,Supermarket,30.3,Credit Card,5,Rastogi Rakhi Hub 251,498.53,24
2323,Kids & Cartoon,Silk Thread,2026,5,No,Monday,East,Supermarket,36.8,Cash,4,Sethi Rakhi Hub 76,16.15,12
4198,Eco-Friendly,Sandalwood (Chandan),2026,7,No,Monday,North,Online,39.4,Cash,2,Kapoor Rakhi Store,70.46,7
3550,Eco-Friendly,Silk Thread,2026,7,No,Friday,Central,Local Street Vendor,33.8,Cash,3,Chopra Rakhi Bazaar,24.76,11
1459,Eco-Friendly,Silk Thread,2026,7,nO,Wednesday,Central,Local Street Vendor,32.3,Cash,1,Bansal Rakhi Corner,24.01,9
172,Kids & Cartoon,Silk Thread,2026,6,No,Monday,North,Local Street Vendor,31.8,Cash,2,Malhotra Rakhi Bazaar,11.9,10
4204,Kids & Cartoon,Silk Thread,2026,2,No,Tuesday,North,Local Street Vendor,31.5,Cash,13,Chawla Gift House,12.06,57
3285,Premium & Jewelry,Sterling Silver,2026,1,No,Thursday,West,Online,27.8,UPI,2,Nanda Rakhi & Gifts,629.66,9
3570,Kids & Cartoon,Silk Thread,2026,6,No,Thursday,West,Local Street Vendor,36.8,UPI,3,Rastogi Rakhi Hub 231,10.07,8
4227,Kids & Cartoon,Silk Thread,2026,4,Yes,Saturday,North,Supermarket,42.3,Credit Card,7,Verma Emporium,16.87,24
5159,Kids & Cartoon,Silk Thread,2026,7,Yes,Saturday,Central,Online,28.8,UPI,2,Kapoor Rakhi & Gifts,19.25,4
1569,Kids & Cartoon,Sandalwood (Chandan),2026,7,No,Friday,East,Supermarket,32.5,Cash,2,Goel Rakhi Hub 221,33.14,8
4414,Premium & Jewelry,Sterling Silver,2026,6,No,Monday,,Online,33.5,UPI,7,Saxena Rakhi Hub 111,661.99,25
729,Kids & Cartoon,Silk Thread,2026,5,nO,Monday,Central,Online,31.5,Cash,4,Bhatia Rakhi Bazaar,23.85,20
939,Eco-Friendly,Silk Thread,2026,6,No,Thursday,East,Local Street Vendor,31.0,Credit Card,5,Verma Gift House,25.02,16
61,Kids & Cartoon,Silk Thread,2026,5,#Yes,Saturday,North,Online,32.0,Cash,21,Verma Rakhi & Gifts,17.96,51
1241,Eco-Friendly,Sandalwood (Chandan),2026,5,No,Thursday,Central,Local Street Vendor,35.7,Credit Card,2,Tandon Rakhi Hub 47,43.07,8
5761,Premium & Jewelry,Sterling Silver,2026,2,Yes,Saturday,North,Local Street Vendor,28.7,Cash,58,Goel Handicrafts,2361.56,218
5137,Premium & Jewelry,Sandalwood (Chandan),2026,1,Yes,Sunday,North,Online,26.5,Cash,11,Goel Rakhi Hub 15,228.07,34
1532,Premium & Jewelry,Sterling Silver,2026,1,yES,Sunday,,Online,33.9,UPI,7,Sethi Rakhi Hub 276,770.67,25
2121,Premium & Jewelry,Sterling Silver,2026,2,#Yes,Sunday,East,Supermarket,28.6,Credit Card,6,Jain Rakhi Hub 37,707.18,20
1525,Eco-Friendly,Silk Thread,2026,6,No,Thursday,Central,Online,32.5,Credit Card,4,Sethi Rakhi Hub 174,38.14,18
154,Kids & Cartoon,Silk Thread,2026,4,Yes,Sunday,Central,Local Street Vendor,35.8,UPI,2,Kapoor Rakhi Hub 97,16.39,12
482,Premium & Jewelry,Sterling Silver,2026,5,yES,Sunday,Central,Online,31.2,Credit Card,5,Kapoor Rakhi Point,635.65,14
805,Premium & Jewelry,Sandalwood (Chandan),2026,3,No,Friday,North,Online,33.5,UPI,7,Chawla Rakhi Hub 24,221.69,25
4461,Kids & Cartoon,Sandalwood (Chandan),2026,6,Yes,Sunday,North,Supermarket,29.3,Cash,3,Sharma Rakhi Store,28.11,11
3921,Premium & Jewelry,Sterling Silver,2026,3,No,Monday,West,Online,27.5,Cash,9,Rastogi Rakhi Hub 42,692.89,31
1763,Premium & Jewelry,Sterling Silver,2026,4,yES,Sunday,East,Supermarket,32.6,Cash,8,Aggarwal Rakhi Hub 234,694.45,20
751,Premium & Jewelry,Sterling Silver,2026,2,#Yes,Sunday,Central,Supermarket,35.1,UPI,8,Verma Handicrafts,707.85,27
1786,Eco-Friendly,Sandalwood (Chandan),2026,2,No,Tuesday,West,Local Street Vendor,37.4,Cash,8,Bansal Rakhi Hub 99,54.67,38
4313,Premium & Jewelry,Sterling Silver,2026,5,No,Friday,Central,Local Street Vendor,40.4,UPI,1,Tandon Rakhi Hub 292,448.58,4
5686,Premium & Jewelry,Sandalwood (Chandan),2026,3,Yes,Sunday,West,Supermarket,27.7,Credit Card,3,Tandon Rakhi Hub 60,244.91,11
4502,Kids & Cartoon,Silk Thread,2026,6,yES,Saturday,Central,Local Street Vendor,26.5,Cash,3,Saxena Rakhi Hub 262,13.8,9
4854,Premium & Jewelry,Silk Thread,2026,1,No,Friday,East,Supermarket,33.2,Cash,19,Bhatia Traditions,123.24,57
2712,Premium & Jewelry,Sterling Silver,2026,4,nO,Wednesday,North,Local Street Vendor,37.3,UPI,2,Khanna Rakhi Hub 132,548.74,9
4584,Eco-Friendly,Sandalwood (Chandan),2026,3,Yes,Sunday,North,Online,28.6,UPI,5,Chopra Rakhi Hub 233,67.44,26
4194,Eco-Friendly,Sandalwood (Chandan),2026,6,nO,Tuesday,West,Supermarket,37.0,Cash,4,Goel Rakhi Hub 243,70.97,18
1334,Eco-Friendly,Sandalwood (Chandan),2026,1,nO,Tuesday,Central,Online,26.4,Cash,5,Gupta Rakhi Hub 152,86.31,21
1997,Premium & Jewelry,Sterling Silver,2026,3,No,Wednesday,West,Supermarket,33.1,Cash,6,Goel Emporium,507.55,27
2855,Eco-Friendly,Sandalwood (Chandan),2026,2,No,Tuesday,North,Online,30.8,Credit Card,4,Aggarwal Rakhi Hub 90,76.31,17
187,Kids & Cartoon,Silk Thread,2026,2,yES,Sunday,West,Supermarket,29.2,Cash,8,Verma Traditions,20.92,29
1137,Kids & Cartoon,Silk Thread,2026,3,No,Thursday,West,Local Street Vendor,30.3,Cash,3,Mehra Rakhi Hub 207,16.12,14
2059,Premium & Jewelry,Silk Thread,2026,7,No,Monday,West,Supermarket,31.4,Credit Card,2,Malhotra Rakhi Hub 281,106.02,11
4121,Eco-Friendly,Silk Thread,2026,3,Yes,Sunday,North,Supermarket,32.2,Cash,8,Bhatia Handicrafts,23.88,21
2812,Eco-Friendly,Sandalwood (Chandan),2026,4,No,Wednesday,Central,Supermarket,35.0,Cash,17,Verma Rakhi Hub 95,67.32,22
149,Kids & Cartoon,Sandalwood (Chandan),2026,1,Yes,Saturday,East,Local Street Vendor,34.3,Credit Card,26,Tandon Rakhi & Gifts,23.34,81
4125,Eco-Friendly,Silk Thread,2026,3,yES,Sunday,East,Online,27.0,Cash,6,Rastogi Rakhi Hub 231,50.85,19
4890,Eco-Friendly,Silk Thread,2026,5,yES,Sunday,West,Supermarket,27.9,Credit Card,7,Kapoor Rakhi Hub 36,37.13,25
3954,Eco-Friendly,Sandalwood (Chandan),2026,2,yES,Saturday,Central,Local Street Vendor,30.4,Cash,3,Nanda Rakhi Hub 79,40.44,12
3364,Kids & Cartoon,Silk Thread,2026,2,No,Friday,West,Supermarket,35.3,Cash,95,Aggarwal Rakhi Hub 284,19.7,76
4789,Premium & Jewelry,Sterling Silver,2026,5,No,Tuesday,East,Online,32.5,UPI,3,Verma Rakhi Hub 30,916.28,9
2867,Kids & Cartoon,Silk Thread,2026,4,yES,Sunday,Central,Supermarket,33.6,UPI,4,Chawla Rakhi Hub 155,15.6,15
3777,Eco-Friendly,Silk Thread,2026,3,Yes,Saturday,East,Supermarket,34.0,Cash,11,Nanda Emporium,33.9,43
1387,Eco-Friendly,Sandalwood (Chandan),2026,2,Yes,Sunday,West,Supermarket,34.3,Cash,13,Bhatia Gift House,62.11,31
5942,Kids & Cartoon,Silk Thread,2026,6,nO,Thursday,West,Online,29.9,Cash,3,Bansal Rakhi Hub 161,19.22,11
1950,Eco-Friendly,Sandalwood (Chandan),2026,1,yES,Sunday,Central,Supermarket,39.2,Cash,7,Rastogi Rakhi Bazaar,53.37,26
2157,Premium & Jewelry,Sandalwood (Chandan),2026,7,No,Friday,Central,Local Street Vendor,18.3,UPI,1,Aggarwal Rakhi Hub 179,169.95,4
5696,Premium & Jewelry,Sandalwood (Chandan),2026,4,No,Wednesday,West,Online,30.2,Credit Card,9,Bansal Rakhi Hub 161,237.36,45
3630,Premium & Jewelry,Sterling Silver,2026,4,No,Friday,North,Supermarket,31.9,Cash,8,Saxena Handicrafts,824.9,31
3418,Eco-Friendly,Sandalwood (Chandan),2026,7,No,Friday,Central,Supermarket,30.8,Credit Card,3,Gupta Rakhi Point,48.42,9
4798,Kids & Cartoon,Silk Thread,2026,2,#Yes,Saturday,West,Supermarket,,UPI,6,Khanna Rakhi Hub 271,19.02,23
3029,Kids & Cartoon,Sterling Silver,2026,5,No,Tuesday,West,Supermarket,29.8,Cash,5,Khanna Rakhi Point,474.03,15
2970,Premium & Jewelry,Sterling Silver,2026,3,Yes,Saturday,East,Local Street Vendor,33.6,UPI,7,Malhotra Emporium,506.04,20
2473,Eco-Friendly,Sandalwood (Chandan),2026,5,No,Monday,West,Local Street Vendor,33.4,Cash,3,Sethi Rakhi Hub 11,50.35,9
1709,Eco-Friendly,Sandalwood (Chandan),2026,7,No,Thursday,Central,Supermarket,29.4,Cash,3,Saxena Festive Mart,64.07,19
2954,Eco-Friendly,Sandalwood (Chandan),2026,4,nO,Friday,West,Local Street Vendor,36.5,Cash,5,Saxena Rakhi Hub 41,45.88,15
455,Premium & Jewelry,Sterling Silver,2026,6,#Yes,Saturday,North,Supermarket,32.7,Credit Card,3,Aggarwal Rakhi Hub 90,517.3,13
207,Premium & Jewelry,Sterling Silver,2026,3,No,Thursday,East,Supermarket,,Cash,9,Jain Gift House,672.68,50
955,Eco-Friendly,Sandalwood (Chandan),2026,2,No,Thursday,Central,Online,32.5,UPI,7,Jain Rakhi Hub 202,80.5,28
610,Kids & Cartoon,Sterling Silver,2026,5,No,Monday,East,Online,32.1,Cash,6,Bhatia Rakhi & Gifts,107.01,28
4264,Eco-Friendly,Silk Thread,2026,7,#Yes,Sunday,East,Local Street Vendor,38.3,Credit Card,2,Rastogi Rakhi Corner,22.95,7
4827,Premium & Jewelry,Sterling Silver,2026,7,No,Tuesday,North,Online,30.7,UPI,4,Goel Handicrafts,571.23,13
639,Eco-Friendly,Sandalwood (Chandan),2026,5,No,Thursday,West,Supermarket,24.3,Cash,12,Kapoor Rakhi Corner,67.47,57
2075,Kids & Cartoon,Sandalwood (Chandan),2026,6,nO,Tuesday,North,Local Street Vendor,30.6,Cash,3,Aggarwal Rakhi Hub 144,25.75,14
4053,Kids & Cartoon,Silk Thread,2026,2,nO,Monday,West,Local Street Vendor,39.4,UPI,4,Verma Festive Mart,12.74,14
5882,Premium & Jewelry,Sandalwood (Chandan),2026,4,Yes,Sunday,North,Online,23.4,UPI,40,Malhotra Rakhi Hub 4,230.43,105
1623,Eco-Friendly,Silk Thread,2026,1,No,Friday,West,Supermarket,30.8,Cash,5,Jain Rakhi Hub 177,38.06,14
4684,Eco-Friendly,Sandalwood (Chandan),2026,3,Yes,Saturday,Central,Online,30.7,UPI,38,Tandon Rakhi Hub 26,65.22,29
5498,Kids & Cartoon,Sandalwood (Chandan),2026,7,No,Friday,Central,Supermarket,25.7,Credit Card,1,Chopra Rakhi Hub 130,44.72,3
5797,Kids & Cartoon,Silk Thread,2026,7,No,Friday,North,Online,29.1,Cash,5,Chopra Rakhi Hub 166,21.37,16
5765,Kids & Cartoon,Sandalwood (Chandan),2026,5,Yes,Sunday,West,Supermarket,30.8,Cash,2,Saxena Rakhi Hub 255,32.42,11
41,Kids & Cartoon,Silk Thread,2026,7,nO,Wednesday,West,Online,34.0,Cash,2,Kapoor Rakhi Hub 97,19.51,9
5476,Premium & Jewelry,Sterling Silver,2026,4,nO,Thursday,Central,Supermarket,37.0,Credit Card,18,Kapoor Rakhi Hub 36,793.87,62
2090,Kids & Cartoon,Silk Thread,2026,7,nO,Tuesday,West,Local Street Vendor,33.6,Credit Card,0,Kapoor Rakhi Point,16.61,3
3925,Premium & Jewelry,Sterling Silver,2026,5,#Yes,Sunday,North,Online,32.1,Cash,11,Saxena Rakhi Hub 252,606.12,28
2176,Kids & Cartoon,Silk Thread,2026,1,No,Tuesday,West,Supermarket,25.0,Cash,19,Chawla Rakhi Hub 295,21.63,81
75,Premium & Jewelry,Sandalwood (Chandan),2026,3,nO,Tuesday,North,Supermarket,32.4,Cash,9,Bhatia Festive Mart,233.21,27
4781,Kids & Cartoon,Silk Thread,2026,5,nO,Friday,West,Supermarket,34.0,Credit Card,2,Saxena Rakhi Hub 227,15.07,13
5512,Kids & Cartoon,Sandalwood (Chandan),2026,6,Yes,Sunday,East,Supermarket,33.0,Cash,5,Sethi Rakhi Hub 113,28.41,22
2658,Kids & Cartoon,Silk Thread,2026,1,No,Wednesday,East,Local Street Vendor,35.8,UPI,4,Rastogi Rakhi Hub 189,16.69,21
3181,Eco-Friendly,Sandalwood (Chandan),2026,6,No,Monday,East,Local Street Vendor,26.2,Cash,3,Sethi Handicrafts,57.65,14
2077,Eco-Friendly,Sterling Silver,2026,6,yES,Saturday,East,Online,29.3,Credit Card,1,Arora Handicrafts,230.28,4
442,Premium & Jewelry,Sandalwood (Chandan),2026,6,No,Wednesday,North,Online,,Cash,6,Khanna Traditions,249.91,20
2052,Premium & Jewelry,Silk Thread,2026,1,#Yes,Saturday,North,Local Street Vendor,34.2,Cash,18,Mehra Rakhi Hub 88,109.37,42
2542,Kids & Cartoon,Sterling Silver,2026,3,Yes,Saturday,North,Local Street Vendor,37.2,Credit Card,10,Bansal Rakhi Hub 106,79.95,27
1302,Kids & Cartoon,Silk Thread,2026,1,No,Wednesday,Central,Online,36.9,Cash,15,Chawla Rakhi Hub 125,19.78,55
1388,Kids & Cartoon,Silk Thread,2026,3,No,Friday,North,Supermarket,26.3,Credit Card,3,Nanda Rakhi Hub 96,16.18,11
3431,Kids & Cartoon,Silk Thread,2026,2,No,Wednesday,East,Local Street Vendor,35.4,UPI,13,Tandon Rakhi Hub 60,13.61,58
1305,Eco-Friendly,Sandalwood (Chandan),2026,3,No,Wednesday,Central,Local Street Vendor,,UPI,6,Chopra Festive Mart,48.74,24
237,Kids & Cartoon,Silk Thread,2026,6,No,Thursday,West,Local Street Vendor,28.9,Cash,3,Khanna Rakhi Hub 132,17.06,13
4269,Eco-Friendly,Sandalwood (Chandan),2026,2,No,Tuesday,North,Online,30.3,Cash,4,Rastogi Rakhi Hub 71,85.57,25
2600,Eco-Friendly,Sandalwood (Chandan),2026,5,No,Monday,East,Local Street Vendor,27.5,UPI,2,Arora Rakhi Store,43.47,7
4617,Premium & Jewelry,Sterling Silver,2026,6,No,Wednesday,East,Local Street Vendor,28.8,Cash,2,Verma Rakhi Bazaar,509.58,9
2574,Eco-Friendly,Sandalwood (Chandan),2026,7,No,Monday,Central,Online,29.6,Cash,1,Saxena Rakhi Store,61.18,3
3281,Kids & Cartoon,Sandalwood (Chandan),2026,1,Yes,Saturday,North,Supermarket,36.3,UPI,7,Aggarwal Emporium,34.76,25
3187,Eco-Friendly,Sandalwood (Chandan),2026,7,No,Friday,West,Local Street Vendor,33.3,Cash,2,Nanda Rakhi Hub 195,42.67,5
3954,Eco-Friendly,Sandalwood (Chandan),2026,2,yES,Saturday,Central,Local Street Vendor,30.4,Cash,3,Nanda Rakhi Hub 79,40.44,12
2769,Eco-Friendly,Sandalwood (Chandan),2026,3,Yes,Sunday,West,Local Street Vendor,28.7,UPI,38,Sharma Rakhi Hub 136,65.44,108
4832,Premium & Jewelry,Sterling Silver,2026,5,nO,Wednesday,West,Supermarket,36.1,Credit Card,4,Khanna Rakhi Store,511.16,14
4224,Premium & Jewelry,Silk Thread,2026,4,No,Wednesday,West,Online,32.4,Credit Card,10,Chopra Rakhi Hub 190,131.22,38
2107,Eco-Friendly,Silk Thread,2026,1,No,Thursday,North,Supermarket,32.0,Credit Card,9,Bhatia Emporium,31.78,35
2680,Kids & Cartoon,Silk Thread,2026,1,No,Wednesday,East,Supermarket,33.4,Cash,10,Saxena Rakhi Hub 193,16.21,46
2762,Eco-Friendly,Silk Thread,2026,2,No,Thursday,East,Supermarket,32.7,Cash,11,Khanna Rakhi Hub 120,33.57,38
4689,Eco-Friendly,Sandalwood (Chandan),2026,3,Yes,Sunday,East,Local Street Vendor,23.0,Credit Card,4,Jain Rakhi Hub 119,51.11,20
5400,Premium & Jewelry,Sandalwood (Chandan),2026,4,No,Tuesday,East,Supermarket,37.3,Credit Card,3,Goel Rakhi Hub 1,158.34,11
1388,Kids & Cartoon,Silk Thread,2026,3,No,Friday,North,Supermarket,26.3,Credit Card,3,Nanda Rakhi Hub 96,16.18,11
4346,Eco-Friendly,Sandalwood (Chandan),2026,5,No,Wednesday,North,Supermarket,30.8,Cash,37,Bhatia Rakhi Hub 29,62.81,24
4758,Eco-Friendly,Sandalwood (Chandan),2026,7,#Yes,Saturday,Central,Local Street Vendor,26.2,UPI,5,Nanda Handicrafts,50.78,19
5223,Premium & Jewelry,Sterling Silver,2026,3,No,Wednesday,East,Local Street Vendor,31.0,Cash,3,Saxena Rakhi Hub 193,582.79,13
2394,Premium & Jewelry,Silk Thread,2026,7,Yes,Saturday,Central,Local Street Vendor,34.9,Credit Card,3,Saxena Rakhi & Gifts,88.77,8
557,Premium & Jewelry,Sandalwood (Chandan),2026,4,No,Monday,,Supermarket,33.8,Cash,5,Khanna Rakhi Hub 120,185.69,16
5001,Premium & Jewelry,Sandalwood (Chandan),2026,2,No,Tuesday,East,Local Street Vendor,34.9,Cash,9,Tandon Rakhi Hub 103,601.59,25
5854,Premium & Jewelry,Sandalwood (Chandan),2026,4,No,Friday,,Supermarket,33.8,Cash,5,Kapoor Rakhi Hub 31,212.11,25
1280,Kids & Cartoon,Silk Thread,2026,4,#Yes,Saturday,North,Local Street Vendor,34.7,UPI,8,Bhatia Rakhi Hub 290,14.88,28
3229,Kids & Cartoon,Silk Thread,2026,7,Yes,Sunday,West,Supermarket,25.0,Cash,5,Saxena Rakhi Hub 41,16.29,16
5180,Kids & Cartoon,Silk Thread,2026,4,nO,Thursday,,Online,35.1,Credit Card,8,Arora Rakhi Hub 46,18.01,25
2951,Premium & Jewelry,Sterling Silver,2026,3,No,Thursday,Central,Local Street Vendor,36.3,Credit Card,5,Sethi Rakhi Hub 242,510.54,31
1556,Eco-Friendly,Sandalwood (Chandan),2026,1,Yes,Sunday,East,Local Street Vendor,32.3,Credit Card,2,Mehra Rakhi Hub 75,40.16,12
5976,Premium & Jewelry,Sterling Silver,2026,3,No,Friday,North,Supermarket,31.9,UPI,8,Mehra Rakhi Bazaar,696.76,31
3191,Premium & Jewelry,Sterling Silver,2026,6,No,Friday,,Local Street Vendor,25.7,Cash,4,Sethi Emporium,534.8,13
4567,Eco-Friendly,Silk Thread,2026,2,No,Monday,North,Supermarket,32.0,Credit Card,3,Goel Rakhi Hub 244,40.69,12
4803,Premium & Jewelry,Sterling Silver,2026,5,nO,Tuesday,Central,Local Street Vendor,,Cash,6,Verma Rakhi Hub 73,435.38,21
4807,Kids & Cartoon,Silk Thread,2026,3,yES,Saturday,East,Online,34.2,UPI,6,Bhatia Rakhi Hub 3,20.85,18
4842,Kids & Cartoon,Silk Thread,2026,7,No,Wednesday,West,Supermarket,32.8,Credit Card,4,Jain Rakhi Hub 37,17.83,14
3595,Premium & Jewelry,Sterling Silver,2026,6,yES,Sunday,North,Local Street Vendor,35.2,Cash,3,Goel Rakhi Hub 239,427.68,11
190,Premium & Jewelry,Sterling Silver,2026,4,yES,Saturday,West,Online,25.9,Cash,3,Goel Rakhi Hub 52,748.86,14
1921,Kids & Cartoon,Silk Thread,2026,1,#Yes,Saturday,East,Supermarket,36.1,Cash,7,Saxena Rakhi Hub 9,19.55,35
514,Premium & Jewelry,Silk Thread,2026,5,No,Tuesday,West,Online,30.5,Cash,7,Bhatia Rakhi Hub 211,133.54,30
4178,Eco-Friendly,Sandalwood (Chandan),2026,4,Yes,Sunday,West,Online,,Cash,4,Verma Rakhi Corner,62.45,23
1309,Premium & Jewelry,Sterling Silver,2026,1,No,Tuesday,West,Supermarket,33.0,Cash,16,Sharma Rakhi Store,785.03,50
5668,Eco-Friendly,Sandalwood (Chandan),2026,2,No,Wednesday,North,Local Street Vendor,35.2,Cash,10,Verma Rakhi Store,40.03,60
915,Eco-Friendly,Sandalwood (Chandan),2026,7,No,Tuesday,East,Supermarket,31.6,Credit Card,6,Chawla Rakhi Hub 125,53.35,19
3453,Premium & Jewelry,Sandalwood (Chandan),2026,7,No,Monday,West,Supermarket,34.3,Cash,3,Chopra Traditions,239.04,10
3696,Kids & Cartoon,Silk Thread,2026,2,No,Wednesday,West,Supermarket,30.6,UPI,6,Kapoor Rakhi Bazaar,22.47,38
4243,Kids & Cartoon,Silk Thread,2026,1,No,Monday,West,Supermarket,32.7,UPI,3,Chopra Rakhi Hub 248,18.2,11
3157,Premium & Jewelry,Sterling Silver,2026,7,No,Thursday,East,Online,34.4,Cash,3,Saxena Rakhi Hub 43,668.14,10
2199,Premium & Jewelry,Sterling Silver,2026,2,No,Tuesday,North,Local Street Vendor,34.8,UPI,8,Goel Handicrafts,659.68,40
775,Premium & Jewelry,Sterling Silver,2026,2,No,Monday,Central,Online,34.6,UPI,10,Gupta Rakhi Store,974.9,36
4426,Kids & Cartoon,Silk Thread,2026,1,Yes,Sunday,East,Online,30.1,UPI,4,Bansal Gift House,23.94,20
5280,Eco-Friendly,Sandalwood (Chandan),2026,7,nO,Monday,West,Supermarket,36.5,Cash,3,Saxena Emporium,62.69,14
65,Kids & Cartoon,Silk Thread,2026,3,nO,Wednesday,North,Online,32.3,Cash,5,Khanna Rakhi Hub 215,22.13,34
944,Kids & Cartoon,Silk Thread,2026,2,No,Monday,East,Online,25.7,UPI,10,Bansal Rakhi Point,16.5,41
823,Premium & Jewelry,Sterling Silver,2026,1,nO,Thursday,East,Supermarket,33.6,Cash,5,Tandon Rakhi Hub 147,551.4,19
5006,Kids & Cartoon,Silk Thread,2026,4,No,Monday,North,Supermarket,28.6,UPI,6,Sethi Rakhi Hub 22,11.23,29
4278,Eco-Friendly,Sandalwood (Chandan),2026,2,No,Wednesday,West,Supermarket,33.6,UPI,3,Goel Gift House,68.53,19
165,Kids & Cartoon,Silk Thread,2026,2,No,Tuesday,West,Local Street Vendor,33.2,Cash,7,Tandon Gift House,65.83,22
5620,Premium & Jewelry,Sterling Silver,2026,1,No,Friday,West,Local Street Vendor,37.9,UPI,9,Chopra Rakhi Hub 12,513.1,30
4548,Premium & Jewelry,Sterling Silver,2026,7,No,Friday,East,Online,28.7,Cash,2,Chopra Rakhi Hub 12,878.37,6
3984,Premium & Jewelry,Sterling Silver,2026,1,Yes,Sunday,East,Local Street Vendor,35.3,Cash,5,Nanda Rakhi Hub 21,420.81,14
2539,Premium & Jewelry,Sterling Silver,2026,7,No,Friday,Central,Local Street Vendor,35.9,Credit Card,6,Sethi Rakhi Hub 10,489.0,20
54,Kids & Cartoon,Silk Thread,2026,7,nO,Tuesday,North,Supermarket,30.7,Credit Card,2,Malhotra Emporium,17.66,9
1312,Eco-Friendly,Silk Thread,2026,4,No,Tuesday,East,Online,30.3,Credit Card,3,Rastogi Rakhi Hub 50,35.3,12
5208,Eco-Friendly,Sandalwood (Chandan),2026,7,No,Wednesday,East,Supermarket,34.5,Cash,2,Rastogi Rakhi Hub 298,76.78,12
2066,Eco-Friendly,Silk Thread,2026,1,Yes,Saturday,Central,Local Street Vendor,30.9,Cash,7,Sharma Traditions,23.76,24
5384,Premium & Jewelry,Sterling Silver,2026,1,No,Monday,East,Supermarket,37.1,Cash,4,Bhatia Rakhi Store,921.36,14
4850,Eco-Friendly,Sandalwood (Chandan),2026,2,nO,Tuesday,West,Supermarket,26.4,Cash,4,Aggarwal Handicrafts,59.41,12
2867,Kids & Cartoon,Silk Thread,2026,4,yES,Sunday,Central,Supermarket,33.6,UPI,4,Chawla Rakhi Hub 155,15.6,15
3301,Eco-Friendly,Sandalwood (Chandan),2026,4,nO,Monday,East,Supermarket,31.6,UPI,5,Aggarwal Rakhi Hub 144,59.26,17
3311,Eco-Friendly,Silk Thread,2026,5,yES,Saturday,East,Supermarket,27.9,Cash,6,Chopra Rakhi Hub 69,33.4,18
328,Kids & Cartoon,Silk Thread,2026,6,yES,Saturday,North,Local Street Vendor,34.1,Cash,4,Chopra Rakhi Hub 127,14.05,11
5887,Premium & Jewelry,Sandalwood (Chandan),2026,6,No,Monday,East,Local Street Vendor,34.5,UPI,3,Verma Rakhi Point,153.96,16
2491,Eco-Friendly,Silk Thread,2026,5,No,Thursday,East,Local Street Vendor,33.5,Cash,4,Arora Rakhi & Gifts,28.86,13
1467,Kids & Cartoon,Silk Thread,2026,5,No,Tuesday,East,Supermarket,28.1,Credit Card,10,Gupta Rakhi Hub 249,17.62,33
1496,Kids & Cartoon,Silk Thread,2026,3,yES,Saturday,,Supermarket,32.8,UPI,3,Sharma Rakhi Hub 259,19.14,11
5955,Kids & Cartoon,Silk Thread,2026,6,Yes,Sunday,West,Local Street Vendor,34.2,UPI,2,Tandon Traditions,13.46,6
3727,Eco-Friendly,Silk Thread,2026,6,No,Tuesday,Central,Supermarket,32.5,Cash,2,Khanna Handicrafts,34.61,6
4409,Eco-Friendly,Sandalwood (Chandan),2026,2,No,Friday,North,Supermarket,31.8,Cash,4,Saxena Gift House,48.64,20
833,Kids & Cartoon,Silk Thread,2026,4,nO,Thursday,North,Supermarket,39.7,Cash,3,Sharma Rakhi Hub 185,17.15,14
3080,Premium & Jewelry,Sterling Silver,2026,7,No,Tuesday,North,Supermarket,37.5,Cash,3,Sethi Rakhi Hub 242,753.06,12
3463,Premium & Jewelry,Sterling Silver,2026,3,Yes,Sunday,East,Supermarket,35.0,UPI,9,Rastogi Rakhi Hub 5,621.37,21
5298,Premium & Jewelry,Sandalwood (Chandan),2026,7,No,Tuesday,North,Local Street Vendor,32.3,UPI,3,Tandon Gift House,135.38,14
5530,Eco-Friendly,Sandalwood (Chandan),2026,2,No,Monday,North,Local Street Vendor,29.7,Credit Card,5,Chawla Rakhi Hub 24,44.8,27
55,Eco-Friendly,Sterling Silver,2026,2,No,Monday,North,Online,29.2,Credit Card,10,Sharma Rakhi Hub 56,218.33,38
767,Premium & Jewelry,Sandalwood (Chandan),2026,7,Yes,Sunday,North,Local Street Vendor,,Cash,2,Bansal Rakhi Hub 274,145.5,5
4065,Premium & Jewelry,Sterling Silver,2026,2,No,Tuesday,East,Local Street Vendor,32.0,Cash,5,Mehra Rakhi Store,443.02,19
3452,Kids & Cartoon,Silk Thread,2026,7,No,Thursday,East,Local Street Vendor,,Cash,1,Sethi Rakhi Hub 276,13.48,6
3778,Premium & Jewelry,Sterling Silver,2026,5,#Yes,Sunday,East,Local Street Vendor,30.9,Cash,7,Saxena Rakhi Store,2602.11,24
1902,Premium & Jewelry,Sterling Silver,2026,3,Yes,Saturday,East,Supermarket,37.0,Cash,4,Aggarwal Traditions,3044.45,17
1482,Premium & Jewelry,Sandalwood (Chandan),2026,7,No,Thursday,North,Local Street Vendor,35.0,UPI,3,Mehra Rakhi Hub 240,136.63,18
4874,Kids & Cartoon,Silk Thread,2026,2,#Yes,Sunday,Central,Online,29.9,Credit Card,10,Arora Rakhi Hub 108,18.87,30
4896,Kids & Cartoon,Sandalwood (Chandan),2026,5,No,Friday,East,Local Street Vendor,31.6,Cash,4,Bansal Rakhi Bazaar,17.58,22
4151,Premium & Jewelry,Sterling Silver,2026,1,No,Monday,Central,Supermarket,36.1,UPI,7,Jain Rakhi Hub 197,513.1,45
3336,Kids & Cartoon,Silk Thread,2026,7,nO,Wednesday,East,Local Street Vendor,31.1,Cash,2,Kapoor Emporium,12.09,15
770,Kids & Cartoon,Silk Thread,2026,4,No,Friday,West,Supermarket,33.3,Credit Card,20,Sethi Rakhi Hub 280,17.51,67
4927,Premium & Jewelry,Sterling Silver,2026,3,No,Tuesday,,Local Street Vendor,29.1,Credit Card,3,Mehra Rakhi Hub 88,523.24,13
947,Eco-Friendly,Sandalwood (Chandan),2026,6,#Yes,Sunday,North,Online,35.5,Cash,5,Tandon Rakhi Hub 26,72.16,13
5798,Eco-Friendly,Sandalwood (Chandan),2026,1,Yes,Sunday,North,Local Street Vendor,28.5,UPI,12,Nanda Rakhi Hub 32,54.46,29
3294,Kids & Cartoon,Silk Thread,2026,5,Yes,Saturday,,Supermarket,42.1,Cash,3,Goel Rakhi Hub 133,19.42,18
2162,Premium & Jewelry,Sterling Silver,2026,4,nO,Wednesday,North,Local Street Vendor,33.1,Cash,14,Saxena Rakhi Hub 138,508.4,64
4544,Kids & Cartoon,Silk Thread,2026,6,nO,Thursday,East,Supermarket,26.3,Cash,8,Chopra Rakhi Hub 57,16.21,32
5084,Premium & Jewelry,Silk Thread,2026,7,Yes,Sunday,Central,Online,,Cash,6,Kapoor Emporium,142.13,15
4001,Eco-Friendly,Sandalwood (Chandan),2026,2,#Yes,Sunday,East,Local Street Vendor,34.9,Cash,7,Malhotra Traditions,59.58,30
3058,Premium & Jewelry,Sandalwood (Chandan),2026,5,No,Thursday,West,Supermarket,42.6,Cash,4,Bhatia Rakhi Hub 51,174.82,19
5491,Kids & Cartoon,Silk Thread,2026,6,Yes,Sunday,West,Local Street Vendor,32.8,Cash,4,Tandon Rakhi Hub 47,10.89,10
769,Premium & Jewelry,Sandalwood (Chandan),2026,3,No,Thursday,North,Local Street Vendor,34.0,Credit Card,10,Chawla Rakhi Point,138.6,56
5086,Kids & Cartoon,Sandalwood (Chandan),2026,5,No,Thursday,,Online,28.9,Credit Card,3,Arora Gift House,37.67,12
3496,Eco-Friendly,Silk Thread,2026,4,No,Friday,North,Online,36.4,Credit Card,4,Mehra Rakhi Hub 209,48.12,11
286,Kids & Cartoon,Silk Thread,2026,7,Yes,Sunday,North,Supermarket,36.2,UPI,2,Bhatia Rakhi Hub 204,17.41,5
714,Eco-Friendly,Sandalwood (Chandan),2026,7,nO,Tuesday,Central,Local Street Vendor,32.8,UPI,3,Nanda Gift House,44.13,10
4525,Eco-Friendly,Sandalwood (Chandan),2026,4,nO,Thursday,,Local Street Vendor,30.9,UPI,5,Mehra Rakhi Hub 25,46.63,15
5409,Premium & Jewelry,Sterling Silver,2026,5,No,Tuesday,East,Supermarket,38.6,Credit Card,3,Chopra Gift House,554.44,18
2333,Eco-Friendly,Silk Thread,2026,6,Yes,Sunday,West,Local Street Vendor,34.3,Credit Card,5,Nanda Rakhi Hub 79,26.81,14
2718,Eco-Friendly,Silk Thread,2026,3,No,Monday,East,Local Street Vendor,32.4,Cash,5,Mehra Rakhi Bazaar,22.16,23
2080,Premium & Jewelry,Sandalwood (Chandan),2026,7,Yes,Sunday,North,Supermarket,29.2,Cash,8,Chawla Rakhi Corner,192.91,22
3390,Premium & Jewelry,Sterling Silver,2026,2,No,Friday,,Local Street Vendor,35.4,Credit Card,5,Bansal Rakhi Hub 8,589.25,27
723,Premium & Jewelry,Sterling Silver,2026,3,No,Friday,East,Local Street Vendor,33.5,Cash,13,Sethi Rakhi Hub 175,460.46,51
952,Premium & Jewelry,Sandalwood (Chandan),2026,5,Yes,Saturday,Central,Online,32.1,Credit Card,1,Chawla Gift House,200.01,5
1734,Premium & Jewelry,Sterling Silver,2026,2,No,Tuesday,Central,Local Street Vendor,,Cash,6,Mehra Rakhi Hub 101,562.89,19
2263,Kids & Cartoon,Silk Thread,2026,4,Yes,Saturday,West,Online,34.8,Credit Card,18,Goel Rakhi Hub 116,25.38,71
990,Eco-Friendly,Silk Thread,2026,5,No,Wednesday,North,Supermarket,35.4,Cash,3,Sharma Gift House,33.89,14
3213,Eco-Friendly,Silk Thread,2026,5,Yes,Saturday,North,Online,35.1,UPI,5,Jain Rakhi Hub 253,55.03,26
1760,Eco-Friendly,Sandalwood (Chandan),2026,3,No,Monday,West,Online,33.3,Cash,5,Jain Rakhi Hub 150,83.86,20
2968,Premium & Jewelry,Sterling Silver,2026,2,No,Wednesday,West,Local Street Vendor,32.8,Credit Card,4,Gupta Rakhi Hub 152,389.09,13
4423,Kids & Cartoon,Silk Thread,2026,5,No,Tuesday,East,Supermarket,34.1,Cash,5,Chawla Rakhi Hub 245,16.73,23
5480,Eco-Friendly,Sandalwood (Chandan),2026,6,No,Friday,West,Local Street Vendor,,Credit Card,4,Saxena Rakhi Hub 255,43.07,21
1725,Kids & Cartoon,Silk Thread,2026,6,No,Tuesday,West,Supermarket,32.7,Cash,3,Goel Rakhi Corner,14.79,16
5183,Premium & Jewelry,Sterling Silver,2026,4,No,Friday,West,Supermarket,35.6,Cash,4,Sethi Gift House,600.4,20
342,Eco-Friendly,Sandalwood (Chandan),2026,4,No,Monday,Central,Supermarket,30.2,Cash,20,Bansal Rakhi Hub 217,78.84,20
3702,Premium & Jewelry,Sterling Silver,2026,4,No,Friday,North,Local Street Vendor,36.2,Cash,11,Sharma Rakhi Hub 122,363.29,62
4244,Kids & Cartoon,Silk Thread,2026,2,No,Tuesday,East,Supermarket,29.1,Credit Card,5,Jain Rakhi Hub 39,17.31,24
689,Eco-Friendly,Sandalwood (Chandan),2026,5,#Yes,Saturday,North,Supermarket,30.7,Cash,9,Bansal Rakhi Corner,67.61,23
3433,Eco-Friendly,Sandalwood (Chandan),2026,1,No,Tuesday,Central,Local Street Vendor,27.4,Cash,84,Bhatia Rakhi & Gifts,64.51,250
5204,Kids & Cartoon,Silk Thread,2026,7,No,Monday,Central,Online,28.8,UPI,3,Mehra Rakhi Hub 148,20.43,16
4945,Kids & Cartoon,Sandalwood (Chandan),2026,4,Yes,Saturday,North,Supermarket,33.5,Credit Card,7,Chopra Rakhi Hub 145,31.38,28
967,Eco-Friendly,Sandalwood (Chandan),2026,6,No,Tuesday,West,Local Street Vendor,30.1,UPI,2,Gupta Rakhi Hub 187,37.31,9
3242,Kids & Cartoon,Silk Thread,2026,5,Yes,Sunday,Central,Supermarket,34.2,Credit Card,4,Chopra Rakhi Hub 190,17.77,14
1991,Premium & Jewelry,Sterling Silver,2026,3,No,Wednesday,North,Online,35.2,Cash,9,Saxena Rakhi Corner,849.36,31
2204,Premium & Jewelry,Sterling Silver,2026,2,Yes,Saturday,East,Local Street Vendor,26.6,Cash,17,Gupta Rakhi Hub 7,476.14,40
2714,Premium & Jewelry,Silk Thread,2026,2,No,Tuesday,North,Local Street Vendor,33.9,Credit Card,16,Saxena Rakhi Corner,103.54,55
4758,Eco-Friendly,Sandalwood (Chandan),2026,7,#Yes,Saturday,Central,Local Street Vendor,26.2,UPI,5,Nanda Handicrafts,50.78,19
5099,Eco-Friendly,Silk Thread,2026,4,Yes,Sunday,East,Supermarket,28.5,Cash,6,Malhotra Rakhi Corner,39.82,16
3491,Kids & Cartoon,Silk Thread,2026,6,Yes,Sunday,North,Local Street Vendor,25.4,Credit Card,3,Bhatia Rakhi Hub 300,10.91,9
4548,Premium & Jewelry,Sterling Silver,2026,7,No,Friday,East,Online,28.7,Cash,2,Chopra Rakhi Hub 12,878.37,6
1605,Premium & Jewelry,Sandalwood (Chandan),2026,4,No,Friday,North,Local Street Vendor,,UPI,5,Rastogi Rakhi Hub 5,138.59,15
5281,Eco-Friendly,Silk Thread,2026,7,#Yes,Saturday,East,Local Street Vendor,36.6,UPI,2,Nanda Traditions,30.27,5
5976,Premium & Jewelry,Sterling Silver,2026,3,No,Friday,North,Supermarket,31.9,UPI,8,Mehra Rakhi Bazaar,696.76,31
3573,Kids & Cartoon,Silk Thread,2026,6,No,Wednesday,Central,Online,36.2,Cash,5,Arora Rakhi Hub 117,17.82,25
4806,Eco-Friendly,Sandalwood (Chandan),2026,7,No,Tuesday,Central,Supermarket,33.9,UPI,1,Verma Rakhi Store,52.21,6
5300,Premium & Jewelry,Sterling Silver,2026,5,Yes,Sunday,West,Local Street Vendor,37.5,Credit Card,8,Mehra Rakhi Hub 207,606.53,21
1991,Premium & Jewelry,Sterling Silver,2026,3,No,Wednesday,North,Online,35.2,Cash,9,Saxena Rakhi Corner,849.36,31
4121,Eco-Friendly,Silk Thread,2026,3,Yes,Sunday,North,Supermarket,32.2,Cash,8,Bhatia Handicrafts,23.88,21
4760,Eco-Friendly,Sandalwood (Chandan),2026,4,nO,Wednesday,East,Supermarket,29.8,UPI,6,Kapoor Rakhi Hub 270,77.01,27
729,Kids & Cartoon,Silk Thread,2026,5,nO,Monday,Central,Online,31.5,Cash,4,Bhatia Rakhi Bazaar,23.85,20
5299,Premium & Jewelry,Silk Thread,2026,7,No,Wednesday,North,Online,32.3,Credit Card,4,Verma Festive Mart,131.36,20
468,Eco-Friendly,Sandalwood (Chandan),2026,1,yES,Saturday,East,Local Street Vendor,25.1,Credit Card,11,Saxena Rakhi Hub 41,50.06,33
4972,Premium & Jewelry,Sandalwood (Chandan),2026,5,No,Monday,East,Supermarket,34.2,UPI,3,Saxena Rakhi Hub 138,184.74,12
4436,Kids & Cartoon,Sandalwood (Chandan),2026,5,No,Tuesday,West,Supermarket,,UPI,3,Nanda Rakhi Hub 225,33.58,13
5035,Kids & Cartoon,Silk Thread,2026,3,No,Thursday,East,Local Street Vendor,34.5,Credit Card,4,Rastogi Rakhi Hub 71,13.77,13
3601,Premium & Jewelry,Sterling Silver,2026,1,No,Tuesday,North,Online,27.3,Cash,12,Nanda Rakhi Hub 96,710.46,68
5189,Eco-Friendly,Silk Thread,2026,2,No,Monday,Central,Supermarket,35.2,Cash,14,Goel Rakhi Hub 208,34.14,83
4409,Eco-Friendly,Sandalwood (Chandan),2026,2,No,Friday,North,Supermarket,31.8,Cash,4,Saxena Gift House,48.64,20
5421,Kids & Cartoon,Silk Thread,2026,7,No,Monday,West,Online,33.6,Cash,1,Gupta Emporium,20.61,4
4493,Eco-Friendly,Sandalwood (Chandan),2026,5,#Yes,Sunday,Central,Local Street Vendor,,Cash,10,Bansal Rakhi Hub 13,49.16,32
386,Eco-Friendly,Sandalwood (Chandan),2026,1,No,Tuesday,Central,Local Street Vendor,24.9,UPI,5,Aggarwal Rakhi Hub 144,58.82,31
1161,Premium & Jewelry,Sterling Silver,2026,7,Yes,Sunday,Central,Local Street Vendor,42.3,Cash,2,Kapoor Rakhi Hub 258,407.55,6
5955,Kids & Cartoon,Silk Thread,2026,6,Yes,Sunday,West,Local Street Vendor,34.2,UPI,2,Tandon Traditions,13.46,6
537,Kids & Cartoon,Silk Thread,2026,3,No,Monday,North,Supermarket,26.9,UPI,10,Nanda Rakhi Bazaar,15.24,49
155,Premium & Jewelry,Sterling Silver,2026,2,No,Tuesday,East,Supermarket,34.9,Cash,3,Gupta Rakhi Corner,798.9,18
4204,Kids & Cartoon,Silk Thread,2026,2,No,Tuesday,North,Local Street Vendor,31.5,Cash,13,Chawla Gift House,12.06,57
5033,Premium & Jewelry,Sandalwood (Chandan),2026,3,No,Tuesday,Central,Supermarket,32.6,Cash,9,Malhotra Rakhi Hub 64,244.59,48
4213,Kids & Cartoon,Sterling Silver,2026,2,nO,Monday,North,Supermarket,35.1,Cash,22,Arora Rakhi Hub 114,93.57,39
741,Premium & Jewelry,Sterling Silver,2026,2,No,Monday,Central,Supermarket,35.0,Cash,15,Khanna Handicrafts,734.61,44
3508,Eco-Friendly,Silk Thread,2026,1,Yes,Saturday,North,Supermarket,27.1,Cash,3,Arora Rakhi Bazaar,31.25,14
202,Eco-Friendly,Sandalwood (Chandan),2026,2,No,Thursday,North,Online,36.0,UPI,15,Sethi Rakhi Store,79.16,55
1333,Kids & Cartoon,Silk Thread,2026,2,nO,Thursday,Central,Online,37.9,Cash,33,Mehra Rakhi Bazaar,15.84,129
3503,Premium & Jewelry,Sterling Silver,2026,4,No,Thursday,West,Supermarket,33.3,Credit Card,2,Gupta Rakhi Hub 249,605.2,10
2709,Premium & Jewelry,Sterling Silver,2026,1,No,Friday,East,Supermarket,,Cash,8,Nanda Rakhi Hub 89,793.94,22
2559,Kids & Cartoon,Silk Thread,2026,3,Yes,Sunday,East,Local Street Vendor,30.1,UPI,14,Sethi Rakhi Hub 276,11.66,35
5032,Eco-Friendly,Silk Thread,2026,5,No,Thursday,Central,Online,31.9,Cash,10,Saxena Rakhi Hub 123,40.53,14
1632,Eco-Friendly,Sandalwood (Chandan),2026,3,yES,Sunday,West,Supermarket,33.4,Credit Card,8,Mehra Rakhi Hub 170,49.84,20
4663,Kids & Cartoon,Sandalwood (Chandan),2026,1,No,Thursday,West,Online,30.5,Cash,19,Gupta Rakhi Hub 27,50.11,23
4022,Premium & Jewelry,Sterling Silver,2026,7,No,Friday,North,Online,30.5,Credit Card,3,Rastogi Rakhi Hub 50,871.84,9
1855,Eco-Friendly,Silk Thread,2026,4,No,Tuesday,Central,Local Street Vendor,33.7,Cash,5,Sethi Rakhi Hub 276,27.22,23
1835,Premium & Jewelry,Sterling Silver,2026,5,nO,Thursday,,Supermarket,28.1,Cash,4,Saxena Rakhi Hub 262,664.83,18
2873,Premium & Jewelry,Sterling Silver,2026,5,#Yes,Saturday,North,Supermarket,32.4,UPI,4,Gupta Rakhi Hub 297,732.11,16
3031,Eco-Friendly,Sandalwood (Chandan),2026,1,Yes,Saturday,East,Supermarket,28.7,Cash,9,Sethi Rakhi Hub 280,61.67,37
1206,Premium & Jewelry,Sterling Silver,2026,7,No,Wednesday,West,Supermarket,32.1,Cash,2,Malhotra Rakhi Hub 38,602.0,7
5746,Premium & Jewelry,Sandalwood (Chandan),2026,7,No,Wednesday,North,Supermarket,35.7,Credit Card,5,Verma Rakhi Hub 236,174.77,16
1646,Kids & Cartoon,Silk Thread,2026,1,No,Wednesday,North,Supermarket,31.6,Cash,6,Gupta Rakhi Hub 7,13.93,18
3418,Eco-Friendly,Sandalwood (Chandan),2026,7,No,Friday,Central,Supermarket,30.8,Credit Card,3,Gupta Rakhi Point,48.42,9
3477,Eco-Friendly,Sandalwood (Chandan),2026,3,No,Tuesday,,Online,32.5,UPI,7,Chawla Traditions,70.86,26
4186,Eco-Friendly,Silk Thread,2026,7,No,Tuesday,North,Local Street Vendor,31.9,Cash,6,Saxena Rakhi Hub 227,23.87,6
2862,Kids & Cartoon,Silk Thread,2026,7,No,Friday,East,Supermarket,27.5,Cash,1,Goel Rakhi Hub 239,15.33,7
1793,Premium & Jewelry,Sterling Silver,2026,4,No,Thursday,Central,Local Street Vendor,38.1,UPI,18,Tandon Rakhi Hub 20,422.06,104
5527,Kids & Cartoon,Silk Thread,2026,3,No,Monday,North,Supermarket,35.7,Credit Card,5,Gupta Rakhi Hub 291,18.95,17
3798,Eco-Friendly,Silk Thread,2026,3,nO,Tuesday,East,Local Street Vendor,33.9,Cash,7,Arora Rakhi Bazaar,28.29,33
3369,Premium & Jewelry,Silk Thread,2026,2,#Yes,Saturday,Central,Supermarket,38.7,Credit Card,3,Goel Rakhi Hub 181,110.6,14
3368,Kids & Cartoon,Silk Thread,2026,6,No,Wednesday,East,Supermarket,27.0,UPI,18,Tandon Rakhi Hub 163,16.01,65
3534,Premium & Jewelry,Sterling Silver,2026,5,No,Friday,East,Supermarket,36.7,UPI,6,Verma Rakhi Bazaar,604.37,25
3811,Kids & Cartoon,Silk Thread,2026,1,No,Monday,West,Supermarket,32.3,UPI,24,Jain Gift House,16.27,120
5110,Eco-Friendly,Sandalwood (Chandan),2026,5,Yes,Sunday,North,Online,32.5,UPI,3,Bansal Rakhi Hub 106,48.72,9
3386,Kids & Cartoon,Silk Thread,2026,1,Yes,Saturday,East,Local Street Vendor,34.9,Cash,18,Rastogi Rakhi Hub 5,12.74,53
3450,Eco-Friendly,Sandalwood (Chandan),2026,6,#Yes,Sunday,East,Supermarket,31.8,UPI,4,Saxena Emporium,59.67,13
604,Eco-Friendly,Silk Thread,2026,4,Yes,Saturday,East,Online,30.7,Credit Card,7,Tandon Rakhi Hub 60,43.5,20
3057,Kids & Cartoon,Silk Thread,2026,1,Yes,Sunday,Central,Local Street Vendor,39.1,Cash,12,Kapoor Rakhi Hub 118,11.35,41
3515,Eco-Friendly,Silk Thread,2026,3,No,Wednesday,Central,Supermarket,33.2,Cash,7,Saxena Gift House,40.99,35
127,Kids & Cartoon,Silk Thread,2026,3,No,Friday,West,Local Street Vendor,31.1,Credit Card,5,Aggarwal Rakhi Hub 205,14.63,26
3634,Kids & Cartoon,Silk Thread,2026,4,yES,Saturday,Central,Local Street Vendor,24.0,UPI,4,Kapoor Rakhi Point,12.83,12
3877,Premium & Jewelry,Sandalwood (Chandan),2026,5,Yes,Sunday,Central,Supermarket,25.8,Cash,2,Goel Rakhi Bazaar,243.41,8
2936,Kids & Cartoon,Sandalwood (Chandan),2026,6,No,Wednesday,North,Supermarket,24.9,UPI,4,Malhotra Traditions,36.38,13
5444,Eco-Friendly,Silk Thread,2026,2,No,Monday,North,Supermarket,30.8,UPI,6,Tandon Rakhi & Gifts,36.18,21
4452,Eco-Friendly,Sandalwood (Chandan),2026,7,Yes,Sunday,Central,Supermarket,28.7,Cash,5,Bhatia Rakhi Hub 204,62.73,16
3532,Premium & Jewelry,Sterling Silver,2026,5,nO,Thursday,Central,Supermarket,32.8,Cash,7,Malhotra Rakhi Corner,556.65,21
2731,Premium & Jewelry,Sterling Silver,2026,6,No,Friday,East,Local Street Vendor,30.8,Credit Card,2,Jain Rakhi & Gifts,525.73,6
828,Premium & Jewelry,Sandalwood (Chandan),2026,7,No,Tuesday,West,Online,29.4,Credit Card,3,Bhatia Rakhi Hub 182,224.14,17
1640,Eco-Friendly,Sandalwood (Chandan),2026,4,No,Tuesday,Central,Local Street Vendor,32.0,Credit Card,5,Sethi Rakhi Hub 131,51.85,20
985,Premium & Jewelry,Sterling Silver,2026,5,Yes,Saturday,North,Supermarket,27.9,Cash,11,Chopra Rakhi Hub 216,700.9,26
3282,Premium & Jewelry,Sandalwood (Chandan),2026,1,Yes,Saturday,North,Online,33.2,Cash,8,Chawla Rakhi Corner,233.8,35
22,Kids & Cartoon,Silk Thread,2026,7,nO,Thursday,East,Local Street Vendor,39.2,Credit Card,18,Mehra Rakhi Hub 273,11.22,68
2189,Premium & Jewelry,Sterling Silver,2026,4,Yes,Sunday,Central,Online,34.9,UPI,4,Chopra Rakhi Hub 156,835.0,11
2574,Eco-Friendly,Sandalwood (Chandan),2026,7,No,Monday,Central,Online,29.6,Cash,1,Saxena Rakhi Store,61.18,3
2444,Kids & Cartoon,Silk Thread,2026,5,No,Tuesday,North,Supermarket,33.7,Cash,6,Tandon Emporium,17.8,24
363,Premium & Jewelry,Sterling Silver,2026,1,nO,Friday,Central,Local Street Vendor,28.4,UPI,2,Chopra Rakhi Hub 57,417.12,11
2350,Premium & Jewelry,Sterling Silver,2026,1,Yes,Sunday,Central,Local Street Vendor,30.3,Cash,9,Malhotra Handicrafts,457.49,25
346,Eco-Friendly,Sandalwood (Chandan),2026,3,nO,Friday,East,Local Street Vendor,30.5,UPI,5,Goel Rakhi Hub 221,53.93,21
815,Premium & Jewelry,Sterling Silver,2026,7,Yes,Sunday,West,Local Street Vendor,35.6,Credit Card,2,Jain Emporium,436.84,6
5451,Premium & Jewelry,Sandalwood (Chandan),2026,6,No,Thursday,Central,Supermarket,27.1,Cash,8,Kapoor Handicrafts,899.52,26
4808,Kids & Cartoon,Silk Thread,2026,6,nO,Tuesday,North,Local Street Vendor,28.7,Cash,2,Sharma Emporium,10.7,12
3206,Kids & Cartoon,Silk Thread,2026,3,No,Monday,North,Local Street Vendor,30.2,Credit Card,3,Malhotra Rakhi Hub 14,13.94,10
5616,Premium & Jewelry,Sterling Silver,2026,1,Yes,Saturday,North,Local Street Vendor,26.9,Cash,6,Mehra Gift House,394.79,20
1561,Eco-Friendly,Sandalwood (Chandan),2026,4,No,Thursday,North,Supermarket,26.1,Cash,8,Chawla Gift House,48.11,34
5962,Premium & Jewelry,Sterling Silver,2026,1,Yes,Sunday,North,Local Street Vendor,44.9,Cash,9,Arora Gift House,646.7,49
3326,Eco-Friendly,Sandalwood (Chandan),2026,7,No,Tuesday,East,Local Street Vendor,29.1,UPI,1,Saxena Rakhi Hub 43,38.56,5
4107,Eco-Friendly,Sandalwood (Chandan),2026,4,No,Monday,East,Online,,Credit Card,7,Bhatia Rakhi & Gifts,78.35,20
3900,Premium & Jewelry,Sandalwood (Chandan),2026,4,No,Friday,East,Local Street Vendor,,Credit Card,4,Kapoor Rakhi Hub 287,148.27,12
2117,Premium & Jewelry,Sterling Silver,2026,6,No,Thursday,West,Supermarket,36.0,Credit Card,5,Gupta Rakhi Hub 176,735.97,25
1835,Premium & Jewelry,Sterling Silver,2026,5,nO,Thursday,,Supermarket,28.1,Cash,4,Saxena Rakhi Hub 262,664.83,18
794,Premium & Jewelry,Sterling Silver,2026,2,#Yes,Sunday,West,Supermarket,34.1,UPI,6,Kapoor Rakhi Hub 109,818.74,27
2242,Premium & Jewelry,Sandalwood (Chandan),2026,2,nO,Friday,Central,Online,35.2,Cash,5,Sharma Rakhi & Gifts,308.35,28
2675,Kids & Cartoon,Silk Thread,2026,7,No,Monday,North,Local Street Vendor,34.3,Cash,1,Nanda Traditions,11.76,7
95,Kids & Cartoon,Sandalwood (Chandan),2026,6,No,Monday,West,Local Street Vendor,37.8,Cash,2,Nanda Rakhi Hub 279,25.64,9
4226,Eco-Friendly,Sandalwood (Chandan),2026,4,No,Wednesday,East,Supermarket,54.8,Cash,7,Sethi Rakhi Store,66.13,26
3757,Premium & Jewelry,Silk Thread,2026,2,No,Monday,Central,Supermarket,36.9,UPI,9,Chopra Rakhi Corner,104.0,29
2892,Eco-Friendly,Sandalwood (Chandan),2026,3,nO,Thursday,East,Local Street Vendor,33.0,Cash,4,Bhatia Rakhi Hub 211,56.31,15
2372,Kids & Cartoon,Silk Thread,2026,2,No,Thursday,Central,Supermarket,31.3,Cash,5,Goel Rakhi Hub 107,14.92,21
5987,Premium & Jewelry,Sterling Silver,2026,4,nO,Tuesday,West,Local Street Vendor,35.3,UPI,9,Arora Rakhi Hub 46,512.71,30
5335,Kids & Cartoon,Silk Thread,2026,7,yES,Sunday,East,Local Street Vendor,35.7,Credit Card,1,Chawla Rakhi Corner,10.81,3
5143,Kids & Cartoon,Silk Thread,2026,5,No,Wednesday,East,Supermarket,31.1,Cash,6,Nanda Rakhi Hub 79,17.22,36
3229,Kids & Cartoon,Silk Thread,2026,7,Yes,Sunday,West,Supermarket,25.0,Cash,5,Saxena Rakhi Hub 41,16.29,16
3061,Kids & Cartoon,Silk Thread,2026,1,No,Thursday,Central,Online,27.2,Cash,9,Malhotra Gift House,21.77,44
302,Premium & Jewelry,Sterling Silver,2026,1,Yes,Saturday,Central,Online,42.4,Cash,135,Tandon Traditions,773.59,383
5997,Kids & Cartoon,Silk Thread,2026,7,No,Thursday,Central,Supermarket,29.8,Cash,3,Khanna Rakhi Hub 126,16.75,9
4543,Eco-Friendly,Silk Thread,2026,7,No,Monday,Central,Supermarket,29.6,UPI,2,Goel Rakhi Hub 181,30.63,7
1858,Premium & Jewelry,Sterling Silver,2026,1,No,Wednesday,East,Online,32.5,UPI,4,Jain Rakhi Hub 72,771.34,19
475,Premium & Jewelry,Sterling Silver,2026,5,No,Monday,West,Supermarket,27.8,Cash,7,Verma Rakhi Store,712.01,25
2854,Kids & Cartoon,Silk Thread,2026,7,Yes,Saturday,Central,Online,33.9,Cash,2,Malhotra Rakhi Bazaar,18.02,5
610,Kids & Cartoon,Sterling Silver,2026,5,No,Monday,East,Online,32.1,Cash,6,Bhatia Rakhi & Gifts,107.01,28
2913,Kids & Cartoon,Silk Thread,2026,4,yES,Saturday,West,Supermarket,30.9,Credit Card,8,Saxena Handicrafts,15.93,20
1866,Eco-Friendly,Sandalwood (Chandan),2026,4,No,Friday,East,Online,31.0,Credit Card,13,Aggarwal Rakhi Hub 90,86.35,66
5755,Premium & Jewelry,Sterling Silver,2026,5,No,Friday,East,Supermarket,36.2,Cash,12,Malhotra Rakhi Bazaar,613.16,46
4613,Kids & Cartoon,Silk Thread,2026,6,No,Wednesday,North,Online,34.6,Cash,3,Sharma Rakhi Hub 35,19.5,10
1858,Premium & Jewelry,Sterling Silver,2026,1,No,Wednesday,East,Online,32.5,UPI,4,Jain Rakhi Hub 72,771.34,19
2646,Eco-Friendly,Sandalwood (Chandan),2026,6,Yes,Saturday,,Local Street Vendor,44.9,Cash,1,Arora Festive Mart,51.61,9
2244,Premium & Jewelry,Sterling Silver,2026,4,No,Thursday,Central,Supermarket,25.9,Cash,9,Bansal Rakhi Hub 161,692.53,30
5374,Kids & Cartoon,Sandalwood (Chandan),2026,2,No,Tuesday,North,Supermarket,27.4,Credit Card,9,Khanna Festive Mart,30.48,34
2337,Eco-Friendly,Sandalwood (Chandan),2026,1,No,Thursday,North,Supermarket,33.4,Credit Card,8,Kapoor Rakhi Hub 270,65.44,26
951,Kids & Cartoon,Silk Thread,2026,3,No,Wednesday,North,Supermarket,,Cash,10,Sharma Rakhi Hub 122,13.67,34
3069,Eco-Friendly,Sandalwood (Chandan),2026,1,No,Tuesday,East,Local Street Vendor,32.3,Credit Card,2,Bansal Rakhi Hub 124,52.41,7
1121,Kids & Cartoon,Silk Thread,2026,4,Yes,Sunday,West,Supermarket,32.4,Cash,5,Sharma Rakhi Hub 61,15.64,19
2598,Kids & Cartoon,Silk Thread,2026,4,nO,Friday,West,Supermarket,32.9,Credit Card,3,Gupta Rakhi Hub 152,14.11,19
2205,Kids & Cartoon,Silk Thread,2026,7,yES,Saturday,East,Supermarket,37.9,Cash,4,Malhotra Gift House,12.82,13
420,Eco-Friendly,Sandalwood (Chandan),2026,2,#Yes,Saturday,Central,Local Street Vendor,32.6,UPI,2,Verma Rakhi & Gifts,43.09,8
923,Kids & Cartoon,Silk Thread,2026,6,yES,Sunday,Central,Local Street Vendor,31.8,Cash,1,Nanda Rakhi Hub 279,19.58,6
1255,Premium & Jewelry,Sterling Silver,2026,6,Yes,Sunday,East,Local Street Vendor,31.8,Credit Card,6,Nanda Rakhi Hub 261,479.33,19
478,Kids & Cartoon,Silk Thread,2026,7,No,Tuesday,Central,Online,56.5,Cash,2,Arora Rakhi Hub 169,23.28,8
2036,Eco-Friendly,Sandalwood (Chandan),2026,4,No,Friday,North,Online,30.2,Credit Card,6,Goel Emporium,49.91,21
4224,Premium & Jewelry,Silk Thread,2026,4,No,Wednesday,West,Online,32.4,Credit Card,10,Chopra Rakhi Hub 190,131.22,38
5789,Eco-Friendly,Sandalwood (Chandan),2026,7,No,Tuesday,North,Supermarket,29.5,Cash,1,Gupta Handicrafts,53.98,4
5743,Eco-Friendly,Sandalwood (Chandan),2026,5,Yes,Sunday,West,Online,31.6,Credit Card,2,Gupta Handicrafts,64.16,11
5568,Premium & Jewelry,Silk Thread,2026,6,No,Tuesday,Central,Local Street Vendor,32.7,Cash,5,Bansal Handicrafts,79.29,26
1203,Eco-Friendly,Sterling Silver,2026,7,Yes,Sunday,East,Online,24.9,Cash,9,Arora Rakhi Hub 46,240.66,25
2739,Eco-Friendly,Sandalwood (Chandan),2026,5,No,Thursday,Central,Online,32.6,Cash,2,Aggarwal Rakhi Hub 234,69.14,8
2627,Kids & Cartoon,Silk Thread,2026,5,No,Wednesday,West,Supermarket,31.6,Cash,6,Bhatia Rakhi Hub 2,15.12,23
5766,Kids & Cartoon,Silk Thread,2026,1,No,Monday,North,Local Street Vendor,34.6,Cash,3,Tandon Rakhi Point,14.8,17
5869,Premium & Jewelry,Sterling Silver,2026,5,Yes,Saturday,East,Local Street Vendor,40.4,UPI,2,Saxena Rakhi Hub 294,480.76,14
1971,Kids & Cartoon,Silk Thread,2026,3,No,Thursday,West,Local Street Vendor,31.9,UPI,2,Rastogi Rakhi Hub 5,12.69,9
3111,Kids & Cartoon,Sandalwood (Chandan),2026,7,No,Thursday,East,Local Street Vendor,28.7,Cash,2,Chawla Rakhi Hub 269,22.45,6
4019,Premium & Jewelry,Sterling Silver,2026,3,Yes,Saturday,Central,Supermarket,22.7,Cash,13,Malhotra Traditions,613.21,33
2152,Premium & Jewelry,Sterling Silver,2026,7,#Yes,Saturday,Central,Online,29.3,UPI,3,Saxena Traditions,768.04,8
3688,Eco-Friendly,Sandalwood (Chandan),2026,5,No,Monday,North,Supermarket,31.3,Credit Card,3,Sharma Traditions,71.22,11
4917,Eco-Friendly,Sandalwood (Chandan),2026,7,Yes,Sunday,West,Online,30.3,Cash,3,Verma Rakhi Bazaar,73.27,12
1998,Kids & Cartoon,Silk Thread,2026,6,nO,Monday,East,Supermarket,33.4,Cash,7,Kapoor Traditions,19.25,29
4034,Kids & Cartoon,Silk Thread,2026,3,nO,Tuesday,North,Local Street Vendor,30.8,Cash,4,Sharma Rakhi Hub 84,18.82,12
3381,Premium & Jewelry,Sterling Silver,2026,7,Yes,Sunday,East,Local Street Vendor,32.0,Credit Card,2,Rastogi Rakhi Hub 77,580.23,8
3055,Kids & Cartoon,Silk Thread,2026,4,#Yes,Sunday,North,Supermarket,27.5,UPI,5,Arora Emporium,18.62,28
1249,Eco-Friendly,Sandalwood (Chandan),2026,3,nO,Thursday,East,Local Street Vendor,34.1,Cash,3,Chawla Handicrafts,48.05,15
2193,Eco-Friendly,Silk Thread,2026,1,Yes,Saturday,,Local Street Vendor,36.2,Cash,13,Arora Gift House,27.46,41
2713,Premium & Jewelry,Silk Thread,2026,3,No,Wednesday,,Online,28.0,Cash,8,Sethi Rakhi Hub 173,161.55,29
993,Eco-Friendly,Sandalwood (Chandan),2026,1,Yes,Saturday,West,Supermarket,31.0,UPI,4,Gupta Rakhi Hub 249,58.36,16
2191,Premium & Jewelry,Sterling Silver,2026,4,No,Thursday,East,Supermarket,29.2,UPI,7,Jain Handicrafts,714.6,28
4671,Premium & Jewelry,Sterling Silver,2026,4,Yes,Saturday,North,Local Street Vendor,34.7,Cash,12,Chopra Rakhi Point,547.36,28
5143,Kids & Cartoon,Silk Thread,2026,5,No,Wednesday,East,Supermarket,31.1,Cash,6,Nanda Rakhi Hub 79,17.22,36
5985,Kids & Cartoon,Silk Thread,2026,4,No,Wednesday,North,Supermarket,33.2,Cash,9,Gupta Festive Mart,18.13,30
3147,Eco-Friendly,Silk Thread,2026,2,No,Thursday,East,Online,29.5,Credit Card,30,Chawla Rakhi Hub 295,36.18,147
3763,Premium & Jewelry,Silk Thread,2026,6,No,Thursday,East,Supermarket,27.1,Cash,6,Sethi Rakhi Hub 33,85.61,20
3598,Eco-Friendly,Sandalwood (Chandan),2026,2,yES,Saturday,East,Supermarket,35.5,Credit Card,10,Goel Handicrafts,49.82,36
4712,Premium & Jewelry,Sterling Silver,2026,6,Yes,Saturday,East,Online,24.8,Credit Card,1,Sharma Gift House,828.89,5
1319,Eco-Friendly,Sandalwood (Chandan),2026,3,No,Thursday,,Supermarket,27.2,Credit Card,5,Tandon Rakhi Hub 53,62.35,34
1864,Kids & Cartoon,Silk Thread,2026,5,Yes,Saturday,West,Local Street Vendor,32.3,Cash,4,Khanna Rakhi & Gifts,12.06,11
2344,Premium & Jewelry,Sterling Silver,2026,2,No,Tuesday,Central,Local Street Vendor,28.2,Credit Card,11,Nanda Rakhi Hub 79,578.69,36
2450,Kids & Cartoon,Silk Thread,2026,5,Yes,Sunday,West,Supermarket,33.1,Cash,4,Saxena Rakhi Hub 138,16.84,19
2137,Kids & Cartoon,Silk Thread,2026,1,No,Thursday,East,Local Street Vendor,33.0,Credit Card,14,Arora Rakhi Hub 218,11.43,44
1066,Eco-Friendly,Sandalwood (Chandan),2026,3,nO,Thursday,West,Supermarket,24.3,UPI,13,Bhatia Rakhi Hub 3,56.36,64
5869,Premium & Jewelry,Sterling Silver,2026,5,Yes,Saturday,East,Local Street Vendor,40.4,UPI,2,Saxena Rakhi Hub 294,480.76,14
3912,Kids & Cartoon,Silk Thread,2026,5,Yes,Saturday,Central,Local Street Vendor,33.9,UPI,3,Nanda Rakhi Store,12.13,9
4228,Premium & Jewelry,Sterling Silver,2026,2,No,Friday,East,Online,29.9,UPI,3,Nanda Rakhi Hub 28,732.07,17
2622,Eco-Friendly,Sandalwood (Chandan),2026,5,Yes,Sunday,West,Supermarket,32.3,Cash,6,Kapoor Rakhi Hub 36,58.8,14
78,Kids & Cartoon,Silk Thread,2026,6,No,Wednesday,North,Local Street Vendor,37.9,Credit Card,4,Gupta Handicrafts,11.2,20
2899,Kids & Cartoon,Silk Thread,2026,3,No,Thursday,East,Supermarket,33.6,Credit Card,7,Nanda Rakhi Point,17.13,20
4637,Kids & Cartoon,Sandalwood (Chandan),2026,7,No,Tuesday,North,Online,30.7,Credit Card,3,Verma Traditions,33.14,12
4821,Eco-Friendly,Sandalwood (Chandan),2026,1,No,Tuesday,West,Online,29.1,Cash,10,Bhatia Rakhi Hub 18,64.84,35
1315,Premium & Jewelry,Sterling Silver,2026,1,Yes,Saturday,Central,Online,35.4,UPI,4,Bansal Rakhi Hub 217,833.62,16
5948,Kids & Cartoon,Silk Thread,2026,6,No,Tuesday,West,Supermarket,28.1,Cash,9,Mehra Rakhi Hub 167,18.2,29
1577,Eco-Friendly,Sandalwood (Chandan),2026,5,Yes,Saturday,West,Local Street Vendor,32.4,Cash,5,Goel Handicrafts,38.37,11
2591,Eco-Friendly,Sandalwood (Chandan),2026,7,nO,Thursday,Central,Local Street Vendor,35.5,Cash,2,Goel Rakhi Hub 243,45.29,8
873,Eco-Friendly,Sandalwood (Chandan),2026,7,Yes,Sunday,North,Local Street Vendor,30.9,Cash,3,Sharma Rakhi Hub 122,45.75,6
3851,Kids & Cartoon,Silk Thread,2026,1,yES,Sunday,West,Supermarket,37.2,Cash,9,Mehra Rakhi Hub 256,21.82,26
5469,Kids & Cartoon,Silk Thread,2026,2,No,Friday,West,Local Street Vendor,35.1,Cash,6,Khanna Rakhi Hub 271,10.36,18
5952,Kids & Cartoon,Silk Thread,2026,6,No,Friday,West,Supermarket,26.4,Credit Card,4,Gupta Rakhi Hub 139,17.52,20
4676,Premium & Jewelry,Sterling Silver,2026,6,Yes,Saturday,West,Online,33.3,Cash,4,Nanda Rakhi Hub 21,632.65,16
2966,Kids & Cartoon,Silk Thread,2026,2,No,Wednesday,North,Local Street Vendor,28.1,Credit Card,3,Verma Rakhi Hub 236,13.56,16
3392,Kids & Cartoon,Silk Thread,2026,3,Yes,Sunday,East,Local Street Vendor,22.0,Cash,19,Tandon Gift House,12.27,15
5416,Kids & Cartoon,Silk Thread,2026,3,No,Wednesday,North,Supermarket,33.7,Cash,10,Tandon Gift House,17.05,37
2561,Kids & Cartoon,Silk Thread,2026,3,Yes,Saturday,North,Local Street Vendor,33.4,Credit Card,2,Chopra Rakhi Hub 190,13.93,10
1810,Premium & Jewelry,Sterling Silver,2026,2,No,Monday,North,Online,32.5,Cash,4,Chopra Rakhi Hub 130,932.82,14
2636,Kids & Cartoon,Silk Thread,2026,3,No,Wednesday,North,Online,48.3,UPI,5,Chopra Rakhi Hub 190,17.52,21
5257,Kids & Cartoon,Silk Thread,2026,2,No,Friday,,Supermarket,,Credit Card,8,Bansal Festive Mart,13.4,40
3531,Premium & Jewelry,Sterling Silver,2026,3,nO,Tuesday,North,Online,30.9,UPI,29,Goel Rakhi Hub 54,871.27,107
376,Premium & Jewelry,Sterling Silver,2026,2,Yes,Sunday,West,Supermarket,36.0,Cash,10,Gupta Rakhi Bazaar,806.42,26
1909,Eco-Friendly,Sandalwood (Chandan),2026,2,No,Friday,West,Local Street Vendor,48.6,Credit Card,3,Khanna Rakhi Corner,47.2,18
4430,Premium & Jewelry,Sterling Silver,2026,3,No,Tuesday,North,Online,30.8,Credit Card,8,Malhotra Rakhi Point,752.69,38
4979,Eco-Friendly,Sandalwood (Chandan),2026,6,No,Friday,West,Local Street Vendor,,Cash,2,Malhotra Emporium,45.42,8
4,Kids & Cartoon,Silk Thread,2026,3,No,Monday,East,Supermarket,29.9,Cash,4,Rastogi Rakhi Hub 5,19.89,12
4028,Kids & Cartoon,Silk Thread,2026,7,yES,Sunday,North,Supermarket,37.3,Cash,3,Nanda Rakhi Hub 98,16.21,7
1932,Kids & Cartoon,Silk Thread,2026,6,yES,Sunday,Central,Local Street Vendor,35.3,Cash,3,Tandon Rakhi Hub 53,13.21,9
1605,Premium & Jewelry,Sandalwood (Chandan),2026,4,No,Friday,North,Local Street Vendor,,UPI,5,Rastogi Rakhi Hub 5,138.59,15
1119,Premium & Jewelry,Sterling Silver,2026,4,No,Thursday,West,Online,29.4,Cash,8,Nanda Rakhi Hub 96,560.19,26
3678,Kids & Cartoon,Silk Thread,2026,4,yES,Saturday,East,Local Street Vendor,28.5,Cash,3,Sethi Rakhi Hub 22,13.15,11
3491,Kids & Cartoon,Silk Thread,2026,6,Yes,Sunday,North,Local Street Vendor,25.4,Credit Card,3,Bhatia Rakhi Hub 300,10.91,9
285,Kids & Cartoon,Silk Thread,2026,7,yES,Saturday,West,Local Street Vendor,37.9,UPI,4,Goel Emporium,10.51,12
1900,Premium & Jewelry,Sterling Silver,2026,6,No,Wednesday,East,Local Street Vendor,28.2,Cash,3,Chawla Rakhi Hub 94,513.04,14
2959,Premium & Jewelry,Sterling Silver,2026,2,No,Friday,Central,Supermarket,28.9,UPI,11,Sethi Rakhi Corner,560.65,51
1995,Kids & Cartoon,Silk Thread,2026,2,yES,Sunday,East,Supermarket,29.8,UPI,8,Sethi Handicrafts,18.62,26
2271,Kids & Cartoon,Silk Thread,2026,5,Yes,Sunday,North,Local Street Vendor,30.5,UPI,5,Aggarwal Rakhi Hub 162,79.03,13
779,Eco-Friendly,Sandalwood (Chandan),2026,4,No,Monday,East,Local Street Vendor,25.3,Cash,3,Arora Rakhi Hub 115,48.81,13
2377,Eco-Friendly,Sandalwood (Chandan),2026,5,No,Friday,East,Online,34.4,Credit Card,7,Tandon Festive Mart,86.04,21
944,Kids & Cartoon,Silk Thread,2026,2,No,Monday,East,Online,25.7,UPI,10,Bansal Rakhi Point,16.5,41
1343,Kids & Cartoon,Silk Thread,2026,4,Yes,Sunday,East,Local Street Vendor,28.3,Credit Card,15,Mehra Rakhi Hub 16,13.0,61
321,Eco-Friendly,Silk Thread,2026,1,nO,Friday,East,Supermarket,18.2,Cash,5,Sethi Rakhi Point,29.32,24
1620,Premium & Jewelry,Sandalwood (Chandan),2026,3,No,Friday,East,Local Street Vendor,30.0,UPI,4,Tandon Festive Mart,171.71,14
3714,Eco-Friendly,Sandalwood (Chandan),2026,7,No,Friday,North,Supermarket,32.7,UPI,4,Gupta Rakhi Hub 299,62.17,18
4278,Eco-Friendly,Sandalwood (Chandan),2026,2,No,Wednesday,West,Supermarket,33.6,UPI,3,Goel Gift House,68.53,19
2061,Eco-Friendly,Sandalwood (Chandan),2026,3,nO,Thursday,North,Local Street Vendor,33.7,UPI,4,Goel Rakhi Hub 107,40.19,18
2220,Kids & Cartoon,Silk Thread,2026,1,nO,Wednesday,East,Online,21.4,Cash,26,Rastogi Traditions,18.5,77
1674,Premium & Jewelry,Sterling Silver,2026,7,nO,Tuesday,West,Local Street Vendor,,Credit Card,2,Kapoor Rakhi Hub 257,580.89,10
4659,Kids & Cartoon,Silk Thread,2026,7,Yes,Saturday,West,Local Street Vendor,34.4,UPI,4,Goel Gift House,11.91,15
261,Premium & Jewelry,Sandalwood (Chandan),2026,1,Yes,Sunday,North,Online,18.6,UPI,20,Khanna Handicrafts,206.64,65
5416,Kids & Cartoon,Silk Thread,2026,3,No,Wednesday,North,Supermarket,33.7,Cash,10,Tandon Gift House,17.05,37
2040,Eco-Friendly,Sandalwood (Chandan),2026,2,No,Tuesday,East,Local Street Vendor,33.1,UPI,5,Gupta Rakhi Corner,46.58,17
4786,Eco-Friendly,Sandalwood (Chandan),2026,4,Yes,Sunday,East,Local Street Vendor,34.9,Credit Card,8,Tandon Rakhi Hub 168,41.3,27
902,Premium & Jewelry,Sterling Silver,2026,2,Yes,Sunday,Central,Online,37.6,Credit Card,22,Mehra Rakhi Hub 88,740.01,76
3745,Premium & Jewelry,Sandalwood (Chandan),2026,4,No,Tuesday,Central,Local Street Vendor,34.4,UPI,6,Sethi Rakhi Hub 160,182.31,22
525,Premium & Jewelry,Sterling Silver,2026,5,nO,Monday,North,Online,34.4,Cash,2,Sharma Rakhi Hub 56,843.34,11
2027,Eco-Friendly,Sandalwood (Chandan),2026,3,nO,Wednesday,Central,Local Street Vendor,31.0,Cash,3,Saxena Rakhi Hub 227,48.53,12
4235,Premium & Jewelry,Silk Thread,2026,4,No,Friday,Central,Local Street Vendor,33.0,Cash,6,Kapoor Rakhi Hub 200,84.1,27
1918,Eco-Friendly,Silk Thread,2026,7,Yes,Sunday,Central,Local Street Vendor,36.9,UPI,2,Rastogi Rakhi Store,23.86,6
1829,Eco-Friendly,Sandalwood (Chandan),2026,5,No,Friday,West,Supermarket,32.1,Cash,4,Kapoor Emporium,69.68,27
1574,Eco-Friendly,Sandalwood (Chandan),2026,5,Yes,Sunday,Central,Local Street Vendor,29.7,Credit Card,5,Saxena Rakhi Hub 192,49.35,16
4416,Eco-Friendly,Sandalwood (Chandan),2026,7,No,Monday,,Local Street Vendor,27.5,Cash,2,Nanda Rakhi & Gifts,70.22,9
4750,Premium & Jewelry,Sterling Silver,2026,2,No,Tuesday,West,Supermarket,32.0,Credit Card,6,Arora Rakhi Hub 235,747.93,19
2932,Premium & Jewelry,Sterling Silver,2026,1,No,Monday,West,Supermarket,28.9,Cash,5,Saxena Rakhi Hub 111,553.84,26
2049,Premium & Jewelry,Sterling Silver,2026,4,nO,Friday,North,Supermarket,30.9,Credit Card,7,Arora Rakhi Hub 219,630.39,25
4655,Kids & Cartoon,Silk Thread,2026,3,nO,Friday,North,Local Street Vendor,,UPI,4,Jain Rakhi Hub 289,11.86,15
1155,Kids & Cartoon,Silk Thread,2026,2,No,Wednesday,East,Local Street Vendor,30.6,Cash,4,Bhatia Rakhi Hub 3,13.8,17
4209,Kids & Cartoon,Silk Thread,2026,4,#Yes,Saturday,East,Online,33.8,Cash,14,Saxena Rakhi Hub 262,20.1,41
4628,Kids & Cartoon,Silk Thread,2026,4,No,Monday,Central,Local Street Vendor,35.3,UPI,13,Goel Rakhi Hub 181,13.54,38
225,Premium & Jewelry,Sterling Silver,2026,5,No,Tuesday,West,Local Street Vendor,35.1,UPI,5,Rastogi Rakhi Corner,525.39,21
724,Eco-Friendly,Silk Thread,2026,4,No,Friday,North,Local Street Vendor,32.0,Cash,13,Khanna Rakhi Hub 194,24.41,40
4452,Eco-Friendly,Sandalwood (Chandan),2026,7,Yes,Sunday,Central,Supermarket,28.7,Cash,5,Bhatia Rakhi Hub 204,62.73,16
1142,Eco-Friendly,Sandalwood (Chandan),2026,5,No,Friday,West,Supermarket,31.2,Credit Card,4,Malhotra Traditions,53.23,20
5530,Eco-Friendly,Sandalwood (Chandan),2026,2,No,Monday,North,Local Street Vendor,29.7,Credit Card,5,Chawla Rakhi Hub 24,44.8,27
5238,Premium & Jewelry,Silk Thread,2026,3,nO,Monday,West,Supermarket,,Cash,3,Rastogi Rakhi Corner,116.56,18
5765,Kids & Cartoon,Sandalwood (Chandan),2026,5,Yes,Sunday,West,Supermarket,30.8,Cash,2,Saxena Rakhi Hub 255,32.42,11
154,Kids & Cartoon,Silk Thread,2026,4,Yes,Sunday,Central,Local Street Vendor,35.8,UPI,2,Kapoor Rakhi Hub 97,16.39,12
5555,Kids & Cartoon,Silk Thread,2026,3,Yes,Saturday,East,Supermarket,30.8,Cash,9,Verma Rakhi & Gifts,16.8,30
2034,Kids & Cartoon,Silk Thread,2026,5,No,Monday,West,Online,32.9,Cash,2,Goel Rakhi Hub 239,20.84,5
2763,Premium & Jewelry,Sterling Silver,2026,3,No,Tuesday,North,Supermarket,29.0,Cash,3,Mehra Rakhi Hub 16,591.22,12
847,Kids & Cartoon,Silk Thread,2026,1,Yes,Sunday,Central,Online,29.3,Cash,7,Nanda Rakhi Hub 195,17.21,23
4290,Kids & Cartoon,Silk Thread,2026,4,yES,Saturday,East,Online,35.1,Cash,3,Bhatia Rakhi Hub 290,18.11,12
5561,Eco-Friendly,Sandalwood (Chandan),2026,6,No,Tuesday,Central,Local Street Vendor,29.8,Cash,3,Rastogi Rakhi & Gifts,46.9,13
5263,Premium & Jewelry,Sterling Silver,2026,6,Yes,Sunday,North,Supermarket,34.0,Cash,3,Bansal Rakhi Store,601.54,9
5043,Kids & Cartoon,Silk Thread,2026,3,nO,Tuesday,Central,Supermarket,12.5,Cash,4,Tandon Rakhi Hub 60,16.93,23
3105,Kids & Cartoon,Silk Thread,2026,1,yES,Saturday,West,Local Street Vendor,29.8,UPI,6,Chawla Rakhi Hub 171,13.86,27
2552,Kids & Cartoon,Silk Thread,2026,7,#Yes,Saturday,Central,Local Street Vendor,32.9,Cash,3,Tandon Rakhi Hub 168,13.73,9
5726,Eco-Friendly,Silk Thread,2026,3,No,Thursday,Central,Local Street Vendor,37.9,Cash,11,Bhatia Traditions,21.56,35
2929,Kids & Cartoon,Silk Thread,2026,3,No,Wednesday,East,Supermarket,32.6,UPI,8,Malhotra Rakhi Corner,18.13,38
118,Eco-Friendly,Silk Thread,2026,3,nO,Thursday,West,Local Street Vendor,31.8,Cash,2,Sethi Rakhi Hub 276,20.92,10
646,Eco-Friendly,Silk Thread,2026,1,Yes,Saturday,Central,Online,36.6,Cash,12,Aggarwal Traditions,30.17,43
5967,Eco-Friendly,Sandalwood (Chandan),2026,6,No,Wednesday,,Online,31.1,UPI,3,Mehra Rakhi Corner,62.82,22
4,Kids & Cartoon,Silk Thread,2026,3,No,Monday,East,Supermarket,29.9,Cash,4,Rastogi Rakhi Hub 5,19.89,12
4171,Eco-Friendly,Sandalwood (Chandan),2026,3,No,Monday,West,Local Street Vendor,24.7,Credit Card,4,Sharma Traditions,41.69,19
5852,Eco-Friendly,Silk Thread,2026,5,No,Thursday,Central,Supermarket,32.9,Credit Card,6,Goel Rakhi & Gifts,39.79,28
468,Eco-Friendly,Sandalwood (Chandan),2026,1,yES,Saturday,East,Local Street Vendor,25.1,Credit Card,11,Saxena Rakhi Hub 41,50.06,33
6,Eco-Friendly,Sandalwood (Chandan),2026,1,Yes,Sunday,East,Supermarket,37.2,Cash,12,Kapoor Rakhi Hub 31,55.6,42
5343,Eco-Friendly,Sandalwood (Chandan),2026,5,No,Thursday,East,Online,27.2,Cash,3,Rastogi Rakhi Corner,265.2,13
920,Kids & Cartoon,Silk Thread,2026,1,No,Friday,West,Local Street Vendor,31.5,Cash,16,Chawla Handicrafts,15.64,47
2596,Eco-Friendly,Sandalwood (Chandan),2026,2,Yes,Sunday,West,Local Street Vendor,32.9,UPI,5,Tandon Rakhi Hub 296,53.64,17
4325,Premium & Jewelry,Sterling Silver,2026,5,No,Friday,North,Local Street Vendor,32.1,Cash,5,Malhotra Rakhi & Gifts,690.72,25
1064,Kids & Cartoon,Silk Thread,2026,4,No,Thursday,West,Supermarket,35.7,Cash,3,Chawla Gift House,20.18,11
2591,Eco-Friendly,Sandalwood (Chandan),2026,7,nO,Thursday,Central,Local Street Vendor,35.5,Cash,2,Goel Rakhi Hub 243,45.29,8
243,Premium & Jewelry,Sterling Silver,2026,4,Yes,Saturday,North,Local Street Vendor,34.4,Credit Card,10,Bansal Rakhi Hub 274,467.67,26
1976,Premium & Jewelry,Sandalwood (Chandan),2026,1,Yes,Saturday,Central,Supermarket,33.1,Cash,19,Goel Traditions,183.06,45
1161,Premium & Jewelry,Sterling Silver,2026,7,Yes,Sunday,Central,Local Street Vendor,42.3,Cash,2,Kapoor Rakhi Hub 258,407.55,6
2871,Kids & Cartoon,Silk Thread,2026,2,No,Friday,West,Local Street Vendor,32.1,Credit Card,16,Jain Rakhi Hub 177,13.09,69
3736,Eco-Friendly,Sandalwood (Chandan),2026,6,Yes,Sunday,Central,Supermarket,28.4,UPI,3,Chawla Rakhi Store,62.08,12
3192,Premium & Jewelry,Sterling Silver,2026,4,Yes,Saturday,Central,Supermarket,26.6,Credit Card,18,Tandon Traditions,653.19,87
2398,Premium & Jewelry,Silk Thread,2026,1,nO,Friday,North,Online,32.4,Cash,8,Nanda Rakhi Hub 129,159.98,49
3518,Premium & Jewelry,Sterling Silver,2026,2,No,Tuesday,East,Online,33.9,Cash,8,Sethi Rakhi & Gifts,827.74,55
3422,Kids & Cartoon,Silk Thread,2026,2,#Yes,Sunday,North,Supermarket,30.3,Cash,7,Gupta Rakhi Hub 191,12.58,27
2564,Kids & Cartoon,Silk Thread,2026,1,No,Friday,West,Supermarket,28.4,Cash,3,Khanna Rakhi Hub 45,16.33,18
4470,Premium & Jewelry,Sterling Silver,2026,2,yES,Saturday,North,Local Street Vendor,31.7,Cash,7,Sharma Rakhi Hub 172,579.73,32
5623,Kids & Cartoon,Silk Thread,2026,4,No,Friday,North,Online,30.0,Credit Card,9,Sharma Rakhi Hub 35,20.58,33
1606,Premium & Jewelry,Sandalwood (Chandan),2026,1,Yes,Sunday,,Local Street Vendor,28.8,Cash,5,Saxena Rakhi Hub 41,138.16,24
4287,Eco-Friendly,Sandalwood (Chandan),2026,1,No,Monday,East,Supermarket,32.5,Cash,7,Sethi Rakhi Corner,63.48,29
2325,Premium & Jewelry,Sandalwood (Chandan),2026,3,Yes,Saturday,West,Supermarket,30.2,Cash,7,Tandon Traditions,196.52,19
2710,Kids & Cartoon,Silk Thread,2026,6,nO,Thursday,East,Local Street Vendor,31.9,Cash,3,Chawla Rakhi Hub 34,10.91,11
3745,Premium & Jewelry,Sandalwood (Chandan),2026,4,No,Tuesday,Central,Local Street Vendor,34.4,UPI,6,Sethi Rakhi Hub 160,182.31,22
1313,Kids & Cartoon,Silk Thread,2026,2,No,Friday,Central,Online,18.6,UPI,14,Chopra Rakhi Hub 153,20.63,44
3449,Kids & Cartoon,Silk Thread,2026,1,No,Thursday,East,Supermarket,33.4,Credit Card,6,Chopra Handicrafts,16.29,39
3813,Kids & Cartoon,Silk Thread,2026,7,No,Thursday,North,Local Street Vendor,30.2,UPI,2,Chopra Rakhi Hub 156,12.74,7
1017,Kids & Cartoon,Silk Thread,2026,3,Yes,Saturday,West,Online,32.2,UPI,5,Chawla Rakhi Hub 94,16.58,23
4854,Premium & Jewelry,Silk Thread,2026,1,No,Friday,East,Supermarket,33.2,Cash,19,Bhatia Traditions,123.24,57
2363,Kids & Cartoon,Silk Thread,2026,2,yES,Sunday,North,Online,32.2,UPI,10,Gupta Emporium,17.53,31
1976,Premium & Jewelry,Sandalwood (Chandan),2026,1,Yes,Saturday,Central,Supermarket,33.1,Cash,19,Goel Traditions,183.06,45
3515,Eco-Friendly,Silk Thread,2026,3,No,Wednesday,Central,Supermarket,33.2,Cash,7,Saxena Gift House,40.99,35
1762,Premium & Jewelry,Sandalwood (Chandan),2026,1,No,Monday,North,Online,30.3,Credit Card,7,Aggarwal Traditions,234.91,24
5402,Premium & Jewelry,Sterling Silver,2026,7,No,Wednesday,West,Local Street Vendor,35.5,Cash,1,Saxena Rakhi Hub 158,415.93,6
2740,Kids & Cartoon,Silk Thread,2026,5,No,Wednesday,Central,Online,31.6,UPI,2,Tandon Rakhi Hub 62,17.63,12
5638,Eco-Friendly,Sandalwood (Chandan),2026,4,#Yes,Sunday,North,Online,32.9,Cash,10,Chawla Rakhi Corner,72.49,37
1525,Eco-Friendly,Silk Thread,2026,6,No,Thursday,Central,Online,32.5,Credit Card,4,Sethi Rakhi Hub 174,38.14,18
2473,Eco-Friendly,Sandalwood (Chandan),2026,5,No,Monday,West,Local Street Vendor,33.4,Cash,3,Sethi Rakhi Hub 11,50.35,9
3720,Kids & Cartoon,Sterling Silver,2026,7,Yes,Saturday,East,Supermarket,26.3,Credit Card,6,Bansal Rakhi Hub 161,111.26,16
4008,Premium & Jewelry,Sandalwood (Chandan),2026,2,No,Friday,Central,Local Street Vendor,32.8,UPI,2,Bansal Rakhi Hub 288,153.33,12
4719,Kids & Cartoon,Sterling Silver,2026,3,No,Wednesday,West,Online,35.5,UPI,17,Kapoor Rakhi Hub 63,121.63,56
2676,Kids & Cartoon,Silk Thread,2026,7,Yes,Saturday,East,Supermarket,29.3,Cash,3,Bansal Rakhi Hub 161,19.14,10
1494,Eco-Friendly,Silk Thread,2026,6,No,Monday,North,Local Street Vendor,28.6,UPI,3,Khanna Emporium,27.11,10
4207,Premium & Jewelry,Sterling Silver,2026,5,Yes,Saturday,,Local Street Vendor,29.7,UPI,5,Chopra Rakhi Hub 248,450.32,14
3328,Eco-Friendly,Silk Thread,2026,3,No,Thursday,East,Local Street Vendor,33.1,Cash,3,Rastogi Rakhi Corner,21.51,17
2159,Kids & Cartoon,Silk Thread,2026,7,nO,Monday,North,Local Street Vendor,,UPI,1,Chopra Rakhi Hub 216,12.76,6
1170,Premium & Jewelry,Sterling Silver,2026,5,No,Thursday,East,Online,30.8,Credit Card,2,Chopra Rakhi Hub 57,640.44,7
4972,Premium & Jewelry,Sandalwood (Chandan),2026,5,No,Monday,East,Supermarket,34.2,UPI,3,Saxena Rakhi Hub 138,184.74,12
233,Eco-Friendly,Sandalwood (Chandan),2026,1,Yes,Saturday,East,Online,31.1,Cash,12,Gupta Festive Mart,50.09,51
67,Kids & Cartoon,Silk Thread,2026,1,No,Monday,East,Local Street Vendor,31.8,Cash,4,Chopra Rakhi Hub 12,10.71,28
1604,Eco-Friendly,Sandalwood (Chandan),2026,5,Yes,Saturday,East,Online,34.1,Cash,11,Chopra Rakhi Hub 57,76.38,29
1530,Premium & Jewelry,Sterling Silver,2026,4,Yes,Sunday,East,Supermarket,32.2,Cash,4,Chawla Rakhi Hub 102,723.97,12
3284,Premium & Jewelry,Sterling Silver,2026,6,No,Tuesday,Central,Supermarket,30.5,UPI,4,Chawla Rakhi Hub 93,737.34,11
3597,Eco-Friendly,Silk Thread,2026,5,Yes,Sunday,West,Local Street Vendor,34.9,Cash,4,Aggarwal Rakhi Hub 74,17.17,14
4724,Kids & Cartoon,Silk Thread,2026,2,No,Wednesday,East,Local Street Vendor,36.2,Cash,3,Goel Rakhi Hub 208,12.59,18
4633,Kids & Cartoon,Sandalwood (Chandan),2026,3,No,Friday,,Supermarket,29.7,Credit Card,8,Rastogi Gift House,28.69,29
126,Kids & Cartoon,Silk Thread,2026,5,No,Friday,North,Supermarket,31.1,UPI,6,Khanna Rakhi Hub 45,13.5,22
4497,Kids & Cartoon,Silk Thread,2026,2,Yes,Sunday,North,Supermarket,32.0,Cash,16,Nanda Rakhi Hub 96,58.17,37
5351,Eco-Friendly,Silk Thread,2026,3,nO,Thursday,East,Online,27.1,Credit Card,7,Sharma Rakhi Hub 112,36.77,21
1297,Premium & Jewelry,Sterling Silver,2026,1,yES,Sunday,West,Local Street Vendor,35.2,UPI,12,Goel Festive Mart,757.89,44
1977,Kids & Cartoon,Silk Thread,2026,2,Yes,Sunday,East,Local Street Vendor,30.6,Credit Card,7,Nanda Rakhi Hub 225,10.89,33
4859,Premium & Jewelry,Sterling Silver,2026,2,No,Thursday,West,Local Street Vendor,31.5,UPI,7,Jain Rakhi Hub 150,608.23,28
3282,Premium & Jewelry,Sandalwood (Chandan),2026,1,Yes,Saturday,North,Online,33.2,Cash,8,Chawla Rakhi Corner,233.8,35
2076,Kids & Cartoon,Silk Thread,2026,5,No,Wednesday,West,Local Street Vendor,34.7,Cash,4,Gupta Rakhi Hub 191,13.98,12
4581,Kids & Cartoon,Silk Thread,2026,3,Yes,Sunday,East,Local Street Vendor,30.3,Cash,9,Mehra Rakhi Hub 183,11.69,27
5751,Premium & Jewelry,Sandalwood (Chandan),2026,1,No,Friday,North,Supermarket,32.8,Credit Card,6,Jain Rakhi Hub 154,232.59,24
546,Kids & Cartoon,Silk Thread,2026,2,Yes,Saturday,East,Supermarket,33.3,Credit Card,29,Nanda Rakhi Hub 225,14.56,84
3087,Premium & Jewelry,Sterling Silver,2026,2,Yes,Saturday,North,Supermarket,34.1,Cash,10,Khanna Rakhi Hub 45,719.7,32
1297,Premium & Jewelry,Sterling Silver,2026,1,yES,Sunday,West,Local Street Vendor,35.2,UPI,12,Goel Festive Mart,757.89,44
3346,Kids & Cartoon,Silk Thread,2026,2,Yes,Saturday,North,Supermarket,31.7,Credit Card,15,Bhatia Rakhi & Gifts,17.41,67
2892,Eco-Friendly,Sandalwood (Chandan),2026,3,nO,Thursday,East,Local Street Vendor,33.0,Cash,4,Bhatia Rakhi Hub 211,56.31,15
5871,Kids & Cartoon,Silk Thread,2026,4,Yes,Sunday,Central,Supermarket,30.9,Credit Card,3,Gupta Rakhi Hub 68,19.57,12
4453,Kids & Cartoon,Silk Thread,2026,6,No,Friday,West,Supermarket,33.9,Credit Card,1,Mehra Rakhi Hub 16,13.56,5
2798,Kids & Cartoon,Silk Thread,2026,5,No,Friday,East,Local Street Vendor,33.8,UPI,3,Sethi Rakhi & Gifts,12.07,11
919,Kids & Cartoon,Silk Thread,2026,5,Yes,Sunday,North,Online,28.2,Cash,12,Bhatia Rakhi Hub 211,27.9,41
1647,Premium & Jewelry,Sterling Silver,2026,5,No,Monday,East,Supermarket,34.0,UPI,3,Nanda Rakhi Hub 96,793.05,14
5123,Kids & Cartoon,Silk Thread,2026,5,nO,Tuesday,West,Online,25.9,UPI,6,Goel Rakhi Hub 244,18.14,17
5127,Kids & Cartoon,Silk Thread,2026,1,Yes,Sunday,,Local Street Vendor,32.3,Cash,7,Chopra Rakhi Hub 127,69.48,26
4979,Eco-Friendly,Sandalwood (Chandan),2026,6,No,Friday,West,Local Street Vendor,,Cash,2,Malhotra Emporium,45.42,8
5432,Kids & Cartoon,Silk Thread,2026,1,No,Wednesday,Central,Supermarket,29.1,Cash,13,Mehra Handicrafts,20.23,45
4262,Eco-Friendly,Sandalwood (Chandan),2026,7,No,Wednesday,North,Online,33.0,Credit Card,1,Sethi Rakhi Hub 33,88.74,5
4622,Eco-Friendly,Sandalwood (Chandan),2026,1,No,Tuesday,West,Local Street Vendor,48.2,Cash,20,Aggarwal Traditions,47.62,93
1575,Premium & Jewelry,Sterling Silver,2026,7,No,Wednesday,West,Supermarket,28.0,Cash,2,Aggarwal Rakhi Corner,453.74,11
365,Kids & Cartoon,Silk Thread,2026,5,No,Thursday,Central,Supermarket,31.8,Cash,44,Saxena Rakhi Hub 252,21.53,38
3288,Kids & Cartoon,Silk Thread,2026,2,No,Monday,Central,Online,35.8,UPI,11,Kapoor Rakhi Hub 109,19.29,52
2126,Kids & Cartoon,Silk Thread,2026,5,No,Friday,East,Supermarket,33.4,Cash,4,Verma Rakhi Corner,12.28,16
4124,Kids & Cartoon,Silk Thread,2026,2,#Yes,Saturday,East,Local Street Vendor,31.6,Cash,10,Khanna Rakhi Hub 271,10.97,38
4570,Kids & Cartoon,Sandalwood (Chandan),2026,4,nO,Friday,East,Online,46.8,Credit Card,3,Jain Rakhi Hub 150,36.56,15
526,Kids & Cartoon,Sandalwood (Chandan),2026,4,No,Wednesday,North,Local Street Vendor,31.8,Cash,4,Mehra Rakhi Hub 148,22.24,14
4822,Premium & Jewelry,Sterling Silver,2026,3,Yes,Sunday,West,Local Street Vendor,30.6,Cash,7,Khanna Rakhi Hub 120,508.23,30
56,Eco-Friendly,Sterling Silver,2026,4,No,Wednesday,North,Supermarket,30.6,Cash,13,Chawla Traditions,169.06,42
639,Eco-Friendly,Sandalwood (Chandan),2026,5,No,Thursday,West,Supermarket,24.3,Cash,12,Kapoor Rakhi Corner,67.47,57
303,Kids & Cartoon,Silk Thread,2026,4,No,Monday,North,Local Street Vendor,17.5,UPI,3,Jain Rakhi Hub 39,11.21,12
2767,Kids & Cartoon,Silk Thread,2026,5,No,Monday,North,Local Street Vendor,31.9,UPI,3,Saxena Rakhi Hub 158,13.07,19
5812,Premium & Jewelry,Sterling Silver,2026,5,No,Tuesday,North,Local Street Vendor,26.5,Cash,2,Sharma Traditions,473.65,9
1277,Premium & Jewelry,Sterling Silver,2026,6,Yes,Saturday,Central,Local Street Vendor,35.5,Credit Card,7,Aggarwal Rakhi Hub 247,514.14,17
5209,Premium & Jewelry,Sandalwood (Chandan),2026,7,Yes,Saturday,West,Supermarket,26.8,Cash,1,Tandon Rakhi Hub 292,184.71,5
4721,Kids & Cartoon,Silk Thread,2026,5,No,Wednesday,North,Local Street Vendor,23.3,Cash,6,Nanda Rakhi Hub 232,13.4,28
2056,Kids & Cartoon,Silk Thread,2026,4,Yes,Saturday,East,Local Street Vendor,29.6,Credit Card,4,Sharma Rakhi Hub 180,13.69,18
5377,Premium & Jewelry,Sandalwood (Chandan),2026,1,No,Tuesday,Central,Local Street Vendor,37.3,Credit Card,5,Saxena Rakhi & Gifts,167.56,25
5146,Eco-Friendly,Sandalwood (Chandan),2026,2,No,Friday,North,Local Street Vendor,27.6,Credit Card,6,Tandon Rakhi Store,53.78,26
4433,Eco-Friendly,Silk Thread,2026,4,nO,Wednesday,East,Online,31.3,Credit Card,2,Verma Handicrafts,40.23,14
3645,Premium & Jewelry,Sandalwood (Chandan),2026,5,No,Wednesday,Central,Supermarket,29.1,Cash,4,Goel Rakhi Hub 277,187.29,16
4144,Kids & Cartoon,Silk Thread,2026,5,No,Thursday,East,Local Street Vendor,31.1,Cash,6,Tandon Rakhi Hub 147,13.99,19
2879,Kids & Cartoon,Silk Thread,2026,5,Yes,Sunday,East,Local Street Vendor,27.3,Cash,4,Sethi Rakhi Point,13.79,16
4203,Premium & Jewelry,Sterling Silver,2026,4,yES,Saturday,East,Local Street Vendor,34.4,Cash,2,Khanna Rakhi Hub 126,565.28,9
2142,Kids & Cartoon,Silk Thread,2026,5,Yes,Sunday,North,Local Street Vendor,29.4,Cash,7,Gupta Rakhi Hub 187,13.17,17
5176,Premium & Jewelry,Sterling Silver,2026,3,No,Friday,Central,Local Street Vendor,34.7,Cash,7,Khanna Rakhi Hub 146,409.34,21
2287,Eco-Friendly,Sandalwood (Chandan),2026,5,No,Monday,North,Local Street Vendor,36.0,Cash,3,Goel Rakhi Hub 208,57.32,17
2262,Eco-Friendly,Silk Thread,2026,5,Yes,Saturday,West,Online,30.5,Cash,8,Bhatia Rakhi Bazaar,36.04,24
5241,Premium & Jewelry,Silk Thread,2026,2,No,Monday,West,Online,30.2,Cash,9,Nanda Rakhi Hub 279,152.94,27
478,Kids & Cartoon,Silk Thread,2026,7,No,Tuesday,Central,Online,56.5,Cash,2,Arora Rakhi Hub 169,23.28,8
2297,Eco-Friendly,Sandalwood (Chandan),2026,5,No,Tuesday,,Supermarket,32.6,Cash,7,Sharma Rakhi Hub 149,70.17,23
5933,Kids & Cartoon,Silk Thread,2026,7,No,Thursday,North,Online,28.6,Cash,5,Chawla Rakhi Hub 34,22.37,16
1754,Eco-Friendly,Sandalwood (Chandan),2026,6,No,Wednesday,North,Supermarket,30.1,Cash,2,Arora Gift House,55.56,15
5198,Kids & Cartoon,Silk Thread,2026,4,Yes,Sunday,North,Local Street Vendor,34.1,Credit Card,11,Sethi Rakhi Hub 10,15.36,40
1969,Kids & Cartoon,Silk Thread,2026,7,Yes,Sunday,,Local Street Vendor,30.9,Cash,1,Chopra Rakhi Hub 156,12.12,4
2157,Premium & Jewelry,Sandalwood (Chandan),2026,7,No,Friday,Central,Local Street Vendor,18.3,UPI,1,Aggarwal Rakhi Hub 179,169.95,4
3118,Kids & Cartoon,Silk Thread,2026,6,Yes,Saturday,North,Online,32.5,Cash,3,Bansal Rakhi Hub 99,17.4,9
2394,Premium & Jewelry,Silk Thread,2026,7,Yes,Saturday,Central,Local Street Vendor,34.9,Credit Card,3,Saxena Rakhi & Gifts,88.77,8
524,Kids & Cartoon,Silk Thread,2026,4,#Yes,Sunday,North,Local Street Vendor,38.3,Credit Card,5,Mehra Festive Mart,15.46,5
5855,Premium & Jewelry,Sterling Silver,2026,6,No,Thursday,North,Supermarket,37.2,Cash,3,Chawla Rakhi Hub 155,594.06,18
2757,Eco-Friendly,Silk Thread,2026,2,No,Monday,North,Local Street Vendor,36.2,UPI,11,Nanda Handicrafts,22.15,38
5525,Premium & Jewelry,Sandalwood (Chandan),2026,1,No,Tuesday,East,Online,29.6,Cash,8,Verma Rakhi Bazaar,215.02,45
3710,Eco-Friendly,Sandalwood (Chandan),2026,2,No,Tuesday,West,Online,39.3,Cash,14,Bhatia Rakhi Hub 290,78.91,60
3901,Premium & Jewelry,Sterling Silver,2026,2,No,Tuesday,North,Local Street Vendor,30.1,Cash,3,Sethi Gift House,466.46,13
61,Kids & Cartoon,Silk Thread,2026,5,#Yes,Saturday,North,Online,32.0,Cash,21,Verma Rakhi & Gifts,17.96,51
4700,Eco-Friendly,Sandalwood (Chandan),2026,7,No,Friday,East,Online,33.3,Cash,5,Verma Festive Mart,63.49,15
5586,Eco-Friendly,Sandalwood (Chandan),2026,7,yES,Saturday,East,Online,27.7,Cash,1,Goel Rakhi Hub 100,80.31,4
5257,Kids & Cartoon,Silk Thread,2026,2,No,Friday,,Supermarket,,Credit Card,8,Bansal Festive Mart,13.4,40
3123,Kids & Cartoon,Silk Thread,2026,5,nO,Tuesday,Central,Online,33.2,Cash,18,Chopra Rakhi Hub 166,14.61,13
4785,Eco-Friendly,Sandalwood (Chandan),2026,5,yES,Sunday,North,Supermarket,32.7,UPI,4,Saxena Rakhi Hub 252,46.49,19
4157,Eco-Friendly,Sandalwood (Chandan),2026,5,No,Thursday,North,Online,34.7,Cash,4,Saxena Rakhi & Gifts,79.86,12
1970,Kids & Cartoon,Silk Thread,2026,3,No,Wednesday,West,Supermarket,32.5,Cash,6,Bhatia Rakhi Hub 80,14.24,23
672,Kids & Cartoon,Silk Thread,2026,4,Yes,Saturday,Central,Online,30.5,Cash,6,Chawla Emporium,17.73,21
4189,Premium & Jewelry,Sterling Silver,2026,4,No,Wednesday,North,Online,32.4,Cash,4,Rastogi Rakhi Hub 224,775.11,25
667,Eco-Friendly,Sandalwood (Chandan),2026,2,No,Friday,North,Online,36.5,Cash,5,Saxena Rakhi Hub 9,79.74,22
2720,Kids & Cartoon,Silk Thread,2026,1,No,Wednesday,West,Supermarket,24.9,UPI,5,Saxena Traditions,15.38,21
1888,Premium & Jewelry,Sterling Silver,2026,6,No,Tuesday,West,Online,29.0,Cash,3,Mehra Rakhi Hub 209,533.21,10
3267,Premium & Jewelry,Sterling Silver,2026,7,No,Thursday,North,Online,33.9,UPI,2,Arora Rakhi Hub 115,729.39,8
281,Premium & Jewelry,Silk Thread,2026,3,No,Tuesday,North,Local Street Vendor,,Cash,6,Bhatia Rakhi Hub 182,80.59,20
1720,Eco-Friendly,Sandalwood (Chandan),2026,4,No,Thursday,North,Supermarket,31.1,Credit Card,9,Kapoor Rakhi Bazaar,55.38,27
2948,Eco-Friendly,Sandalwood (Chandan),2026,1,No,Tuesday,North,Local Street Vendor,31.2,Cash,4,Rastogi Rakhi Point,54.18,18
4456,Kids & Cartoon,Silk Thread,2026,3,nO,Wednesday,North,Local Street Vendor,30.4,Cash,17,Bansal Rakhi Hub 99,11.51,61
900,Kids & Cartoon,Sandalwood (Chandan),2026,4,No,Friday,North,Supermarket,26.5,Credit Card,11,Jain Festive Mart,26.32,50
2048,Kids & Cartoon,Sandalwood (Chandan),2026,1,No,Tuesday,North,Supermarket,29.9,Cash,12,Chopra Emporium,36.47,41
4682,Premium & Jewelry,Sandalwood (Chandan),2026,5,No,Wednesday,West,Local Street Vendor,31.2,Cash,2,Gupta Rakhi Hub 70,151.22,7
3994,Kids & Cartoon,Silk Thread,2026,2,No,Monday,North,Supermarket,28.5,Cash,8,Sharma Rakhi Hub 259,18.45,38
5512,Kids & Cartoon,Sandalwood (Chandan),2026,6,Yes,Sunday,East,Supermarket,33.0,Cash,5,Sethi Rakhi Hub 113,28.41,22
761,Eco-Friendly,Sterling Silver,2026,1,Yes,Saturday,Central,Local Street Vendor,35.8,Cash,7,Sharma Rakhi Corner,135.49,18
489,Kids & Cartoon,Sterling Silver,2026,2,No,Tuesday,Central,Supermarket,29.6,UPI,19,Mehra Rakhi Hub 148,103.8,72
1907,Kids & Cartoon,Silk Thread,2026,6,No,Monday,Central,Local Street Vendor,28.5,Cash,2,Aggarwal Festive Mart,15.09,11
4043,Premium & Jewelry,Sterling Silver,2026,1,No,Monday,North,Supermarket,24.1,UPI,3,Arora Handicrafts,476.94,22
3824,Premium & Jewelry,Sterling Silver,2026,1,No,Thursday,East,Supermarket,28.4,Credit Card,11,Aggarwal Rakhi Hub 212,448.11,38
4139,Eco-Friendly,Sandalwood (Chandan),2026,4,yES,Sunday,North,Local Street Vendor,31.5,Cash,3,Bansal Emporium,43.88,14
3819,Kids & Cartoon,Silk Thread,2026,6,No,Tuesday,,Supermarket,30.8,Cash,3,Khanna Emporium,16.9,12
1017,Kids & Cartoon,Silk Thread,2026,3,Yes,Saturday,West,Online,32.2,UPI,5,Chawla Rakhi Hub 94,16.58,23
4301,Kids & Cartoon,Silk Thread,2026,4,No,Wednesday,East,Supermarket,28.7,Cash,5,Bhatia Rakhi Hub 2,15.85,19
5570,Eco-Friendly,Sandalwood (Chandan),2026,1,No,Friday,,Online,33.9,Cash,5,Rastogi Emporium,70.5,21
3764,Premium & Jewelry,Sterling Silver,2026,2,yES,Sunday,North,Supermarket,28.7,Cash,15,Verma Rakhi Hub 92,762.2,42
2594,Premium & Jewelry,Sterling Silver,2026,4,nO,Wednesday,,Supermarket,29.5,Cash,2,Kapoor Rakhi Point,534.11,8
4165,Kids & Cartoon,Silk Thread,2026,5,No,Thursday,East,Local Street Vendor,29.7,Cash,5,Gupta Rakhi Hub 68,13.19,29
3032,Premium & Jewelry,Sandalwood (Chandan),2026,6,No,Thursday,West,Supermarket,29.7,Cash,4,Mehra Rakhi Point,193.5,24
5972,Premium & Jewelry,Sterling Silver,2026,6,No,Wednesday,East,Local Street Vendor,32.8,UPI,1,Aggarwal Gift House,433.6,8
3580,Premium & Jewelry,Sterling Silver,2026,5,yES,Sunday,West,Local Street Vendor,35.3,UPI,47,Kapoor Rakhi Hub 118,574.94,112
2833,Kids & Cartoon,Silk Thread,2026,1,No,Thursday,North,Local Street Vendor,35.7,Cash,5,Nanda Rakhi Hub 206,16.31,15
5450,Kids & Cartoon,Silk Thread,2026,2,No,Wednesday,West,Supermarket,30.8,Cash,7,Mehra Rakhi & Gifts,14.17,26
3473,Kids & Cartoon,Sterling Silver,2026,5,No,Thursday,West,Online,29.4,Credit Card,7,Bhatia Rakhi Hub 18,109.25,30
955,Eco-Friendly,Sandalwood (Chandan),2026,2,No,Thursday,Central,Online,32.5,UPI,7,Jain Rakhi Hub 202,80.5,28
138,Kids & Cartoon,Silk Thread,2026,1,#Yes,Sunday,East,Local Street Vendor,33.2,Cash,13,Khanna Rakhi Hub 188,11.87,34
4893,Kids & Cartoon,Silk Thread,2026,5,No,Thursday,Central,Local Street Vendor,29.6,Credit Card,6,Chawla Festive Mart,10.08,25
2181,Eco-Friendly,Silk Thread,2026,4,No,Thursday,East,Online,35.8,Cash,6,Chawla Rakhi Corner,43.9,37
2129,Premium & Jewelry,Sterling Silver,2026,7,nO,Friday,West,Local Street Vendor,30.5,UPI,2,Saxena Rakhi Hub 294,576.25,7
3178,Kids & Cartoon,Silk Thread,2026,5,No,Friday,East,Local Street Vendor,31.2,UPI,2,Gupta Rakhi & Gifts,10.37,7
4855,Premium & Jewelry,Sandalwood (Chandan),2026,4,Yes,Sunday,Central,Supermarket,31.6,Cash,9,Bhatia Rakhi Hub 254,191.01,26
4638,Kids & Cartoon,Silk Thread,2026,5,nO,Monday,West,Local Street Vendor,34.5,Cash,3,Rastogi Rakhi Hub 231,15.51,15
5116,Eco-Friendly,Sandalwood (Chandan),2026,6,nO,Thursday,East,Online,33.1,Cash,2,Aggarwal Rakhi Hub 247,52.8,8
1606,Premium & Jewelry,Sandalwood (Chandan),2026,1,Yes,Sunday,,Local Street Vendor,28.8,Cash,5,Saxena Rakhi Hub 41,138.16,24
4262,Eco-Friendly,Sandalwood (Chandan),2026,7,No,Wednesday,North,Online,33.0,Credit Card,1,Sethi Rakhi Hub 33,88.74,5
4345,Eco-Friendly,Sandalwood (Chandan),2026,6,No,Wednesday,Central,Local Street Vendor,34.6,UPI,5,Sethi Rakhi Hub 131,51.91,16
1332,Kids & Cartoon,Silk Thread,2026,4,No,Tuesday,West,Local Street Vendor,31.4,Credit Card,10,Verma Handicrafts,11.87,29
2018,Premium & Jewelry,Silk Thread,2026,6,nO,Thursday,East,Local Street Vendor,30.4,Cash,3,Saxena Rakhi Hub 213,107.18,14
4543,Eco-Friendly,Silk Thread,2026,7,No,Monday,Central,Supermarket,29.6,UPI,2,Goel Rakhi Hub 181,30.63,7
2483,Premium & Jewelry,Sandalwood (Chandan),2026,3,#Yes,Sunday,West,Supermarket,27.6,Cash,15,Malhotra Handicrafts,275.98,47
1359,Kids & Cartoon,Silk Thread,2026,4,No,Friday,Central,Online,28.9,Cash,8,Saxena Rakhi Hub 83,17.3,47
2076,Kids & Cartoon,Silk Thread,2026,5,No,Wednesday,West,Local Street Vendor,34.7,Cash,4,Gupta Rakhi Hub 191,13.98,12
3398,Premium & Jewelry,Sandalwood (Chandan),2026,2,No,Thursday,North,Local Street Vendor,28.5,UPI,7,Tandon Rakhi Hub 65,146.65,45
1330,Premium & Jewelry,Sterling Silver,2026,2,Yes,Saturday,West,Online,30.0,UPI,7,Bansal Rakhi Hub 288,822.16,23
307,Kids & Cartoon,Silk Thread,2026,4,No,Monday,East,Local Street Vendor,33.3,UPI,6,Gupta Emporium,16.39,17
4157,Eco-Friendly,Sandalwood (Chandan),2026,5,No,Thursday,North,Online,34.7,Cash,4,Saxena Rakhi & Gifts,79.86,12
5440,Premium & Jewelry,Sandalwood (Chandan),2026,3,Yes,Saturday,North,Online,32.1,Credit Card,10,Arora Rakhi Hub 218,230.4,27
2151,Kids & Cartoon,Silk Thread,2026,5,nO,Thursday,Central,Local Street Vendor,31.6,UPI,6,Goel Rakhi Bazaar,15.99,21
4531,Eco-Friendly,Sandalwood (Chandan),2026,7,Yes,Sunday,North,Supermarket,22.9,Credit Card,3,Mehra Rakhi Hub 272,67.6,13
2123,Premium & Jewelry,Silk Thread,2026,7,nO,Thursday,East,Local Street Vendor,,Cash,3,Kapoor Rakhi Hub 287,96.75,8
4674,Premium & Jewelry,Silk Thread,2026,4,#Yes,Sunday,East,Online,38.5,Cash,6,Khanna Rakhi Hub 188,160.71,28
3982,Kids & Cartoon,Sterling Silver,2026,6,No,Friday,Central,Online,44.5,UPI,1,Bansal Rakhi Hub 134,80.55,7
1253,Premium & Jewelry,Sandalwood (Chandan),2026,4,No,Wednesday,Central,Local Street Vendor,26.4,Credit Card,2,Tandon Rakhi Corner,159.04,11
3279,Kids & Cartoon,Silk Thread,2026,4,#Yes,Saturday,North,Local Street Vendor,33.3,Cash,2,Chawla Festive Mart,11.78,6
3375,Kids & Cartoon,Silk Thread,2026,6,yES,Sunday,North,Local Street Vendor,31.7,Credit Card,3,Bansal Rakhi Hub 91,10.17,10
2815,Premium & Jewelry,Sandalwood (Chandan),2026,3,No,Monday,East,Supermarket,25.6,Cash,13,Sethi Rakhi Hub 10,226.84,13
4720,Premium & Jewelry,Sterling Silver,2026,4,yES,Saturday,Central,Local Street Vendor,32.8,Cash,3,Bansal Rakhi Hub 13,477.57,15
4108,Eco-Friendly,Sandalwood (Chandan),2026,6,No,Friday,East,Supermarket,27.8,Cash,3,Kapoor Rakhi Store,68.34,15
1849,Kids & Cartoon,Silk Thread,2026,6,yES,Saturday,East,Local Street Vendor,34.7,Cash,3,Khanna Rakhi Hub 164,12.4,12
4859,Premium & Jewelry,Sterling Silver,2026,2,No,Thursday,West,Local Street Vendor,31.5,UPI,7,Jain Rakhi Hub 150,608.23,28
3038,Premium & Jewelry,Sterling Silver,2026,3,No,Thursday,Central,Local Street Vendor,32.3,UPI,6,Mehra Traditions,543.44,25
389,Premium & Jewelry,Sandalwood (Chandan),2026,3,nO,Wednesday,East,Local Street Vendor,33.8,Credit Card,13,Verma Rakhi & Gifts,210.36,40
236,Eco-Friendly,Silk Thread,2026,6,No,Monday,East,Supermarket,31.7,Cash,7,Chopra Gift House,40.96,22
1078,Kids & Cartoon,Sandalwood (Chandan),2026,6,Yes,Sunday,West,Local Street Vendor,24.1,Cash,7,Verma Rakhi Bazaar,17.37,19
1985,Kids & Cartoon,Silk Thread,2026,4,No,Friday,East,Supermarket,37.0,UPI,5,Chawla Traditions,14.74,22
4364,Eco-Friendly,Sandalwood (Chandan),2026,6,Yes,Sunday,West,Online,,UPI,9,Nanda Rakhi Hub 225,70.93,22
3963,Kids & Cartoon,Silk Thread,2026,2,No,Wednesday,East,Local Street Vendor,26.6,Cash,3,Mehra Rakhi Hub 275,16.77,15
771,Premium & Jewelry,Sterling Silver,2026,4,No,Monday,West,Local Street Vendor,31.4,Cash,9,Chopra Rakhi Hub 156,390.23,26
2166,Premium & Jewelry,Sterling Silver,2026,2,No,Friday,North,Online,29.4,Cash,3,Mehra Rakhi Hub 128,789.26,12
4534,Kids & Cartoon,Silk Thread,2026,6,No,Thursday,Central,Supermarket,35.7,Cash,5,Mehra Rakhi Hub 209,18.34,17
674,Eco-Friendly,Sandalwood (Chandan),2026,1,No,Monday,West,Online,28.4,Cash,14,Jain Rakhi Point,77.77,41
250,Kids & Cartoon,Silk Thread,2026,7,yES,Saturday,North,Supermarket,28.1,Credit Card,3,Chopra Rakhi Hub 44,16.27,11
2558,Premium & Jewelry,Silk Thread,2026,3,No,Thursday,East,Local Street Vendor,25.7,Cash,3,Mehra Rakhi Hub 6,89.27,21
1575,Premium & Jewelry,Sterling Silver,2026,7,No,Wednesday,West,Supermarket,28.0,Cash,2,Aggarwal Rakhi Corner,453.74,11
3273,Kids & Cartoon,Sandalwood (Chandan),2026,1,Yes,Sunday,West,Local Street Vendor,30.6,Credit Card,2,Chopra Rakhi Hub 248,21.27,8
3420,Eco-Friendly,Sandalwood (Chandan),2026,2,yES,Sunday,West,Supermarket,26.8,Cash,3,Bhatia Rakhi & Gifts,74.55,11
2082,Premium & Jewelry,Sterling Silver,2026,7,No,Monday,Central,Supermarket,32.4,Cash,1,Khanna Rakhi Hub 126,717.93,3
1824,Kids & Cartoon,Silk Thread,2026,3,nO,Thursday,East,Local Street Vendor,29.3,Cash,3,Khanna Rakhi Hub 45,11.65,9
1915,Premium & Jewelry,Sandalwood (Chandan),2026,3,No,Wednesday,West,Online,31.1,Cash,18,Chawla Rakhi Hub 250,235.44,25
2377,Eco-Friendly,Sandalwood (Chandan),2026,5,No,Friday,East,Online,34.4,Credit Card,7,Tandon Festive Mart,86.04,21
4545,Kids & Cartoon,Silk Thread,2026,4,Yes,Sunday,North,Supermarket,33.1,UPI,15,Tandon Gift House,18.01,38
5566,Premium & Jewelry,Sterling Silver,2026,5,Yes,Sunday,Central,Supermarket,34.2,UPI,7,Goel Rakhi Hub 133,440.56,9
717,Kids & Cartoon,Silk Thread,2026,7,Yes,Saturday,West,Supermarket,34.0,Cash,2,Mehra Rakhi Hub 246,14.54,8
2913,Kids & Cartoon,Silk Thread,2026,4,yES,Saturday,West,Supermarket,30.9,Credit Card,8,Saxena Handicrafts,15.93,20
3550,Eco-Friendly,Silk Thread,2026,7,No,Friday,Central,Local Street Vendor,33.8,Cash,3,Chopra Rakhi Bazaar,24.76,11
2049,Premium & Jewelry,Sterling Silver,2026,4,nO,Friday,North,Supermarket,30.9,Credit Card,7,Arora Rakhi Hub 219,630.39,25
5998,Eco-Friendly,Sandalwood (Chandan),2026,3,No,Wednesday,North,Online,32.4,Cash,7,Sethi Rakhi Hub 113,52.48,39
5732,Eco-Friendly,Sandalwood (Chandan),2026,1,yES,Saturday,East,Online,29.9,Cash,27,Saxena Rakhi Hub 193,59.08,67
5265,Kids & Cartoon,Silk Thread,2026,6,No,Thursday,Central,Local Street Vendor,28.2,Cash,27,Jain Rakhi Corner,12.48,81
4179,Kids & Cartoon,Silk Thread,2026,3,nO,Tuesday,Central,Supermarket,26.3,Cash,10,Rastogi Gift House,20.33,33
4810,Kids & Cartoon,Sandalwood (Chandan),2026,7,nO,Thursday,North,Online,34.0,Cash,3,Saxena Gift House,33.48,12
2725,Premium & Jewelry,Sterling Silver,2026,1,#Yes,Saturday,West,Supermarket,41.0,Cash,5,Mehra Rakhi Hub 148,609.71,18
4121,Eco-Friendly,Silk Thread,2026,3,Yes,Sunday,North,Supermarket,32.2,Cash,8,Bhatia Handicrafts,23.88,21
1461,Eco-Friendly,Sandalwood (Chandan),2026,3,Yes,Sunday,West,Online,26.5,Cash,10,Nanda Rakhi Hub 28,92.4,38
2767,Kids & Cartoon,Silk Thread,2026,5,No,Monday,North,Local Street Vendor,31.9,UPI,3,Saxena Rakhi Hub 158,13.07,19
5990,Kids & Cartoon,Silk Thread,2026,6,Yes,Saturday,Central,Supermarket,30.4,Credit Card,1,Chawla Rakhi Hub 24,13.18,7
1669,Premium & Jewelry,Sterling Silver,2026,7,No,Monday,West,Online,38.0,Cash,3,Gupta Gift House,699.29,19
2757,Eco-Friendly,Silk Thread,2026,2,No,Monday,North,Local Street Vendor,36.2,UPI,11,Nanda Handicrafts,22.15,38
2001,Eco-Friendly,Sandalwood (Chandan),2026,2,No,Wednesday,Central,Local Street Vendor,35.1,Cash,5,Arora Rakhi Hub 117,34.6,17
4572,Eco-Friendly,Sandalwood (Chandan),2026,2,No,Thursday,East,Local Street Vendor,35.3,Credit Card,5,Nanda Rakhi Hub 129,54.46,19
4614,Kids & Cartoon,Silk Thread,2026,2,Yes,Saturday,Central,Supermarket,30.8,Cash,13,Saxena Rakhi Hub 158,69.13,42
1251,Premium & Jewelry,Sterling Silver,2026,6,Yes,Saturday,West,Supermarket,32.7,Cash,7,Rastogi Rakhi Hub 42,798.88,18
405,Eco-Friendly,Silk Thread,2026,3,No,Friday,West,Local Street Vendor,37.3,Cash,3,Bansal Rakhi Hub 237,27.18,17
385,Kids & Cartoon,Silk Thread,2026,5,Yes,Sunday,West,Supermarket,28.3,Cash,10,Khanna Rakhi Hub 126,15.07,28
3057,Kids & Cartoon,Silk Thread,2026,1,Yes,Sunday,Central,Local Street Vendor,39.1,Cash,12,Kapoor Rakhi Hub 118,11.35,41
2153,Eco-Friendly,Sandalwood (Chandan),2026,1,No,Monday,East,Supermarket,28.1,UPI,27,Arora Rakhi Hub 108,55.77,106
1634,Kids & Cartoon,Silk Thread,2026,7,Yes,Sunday,Central,Online,37.8,Cash,2,Goel Rakhi Hub 15,19.83,7
3157,Premium & Jewelry,Sterling Silver,2026,7,No,Thursday,East,Online,34.4,Cash,3,Saxena Rakhi Hub 43,668.14,10
5581,Kids & Cartoon,Silk Thread,2026,1,#Yes,Sunday,Central,Supermarket,35.8,Cash,6,Kapoor Rakhi Hub 31,16.07,17
4785,Eco-Friendly,Sandalwood (Chandan),2026,5,yES,Sunday,North,Supermarket,32.7,UPI,4,Saxena Rakhi Hub 252,46.49,19
1646,Kids & Cartoon,Silk Thread,2026,1,No,Wednesday,North,Supermarket,31.6,Cash,6,Gupta Rakhi Hub 7,13.93,18
877,Kids & Cartoon,Sterling Silver,2026,6,No,Thursday,North,Supermarket,32.1,Cash,13,Goel Rakhi Hub 244,88.25,37
3926,Kids & Cartoon,Sandalwood (Chandan),2026,7,yES,Sunday,East,Supermarket,32.7,Cash,3,Nanda Rakhi Point,35.08,16
5337,Kids & Cartoon,Silk Thread,2026,7,No,Monday,East,Local Street Vendor,37.0,Credit Card,2,Mehra Gift House,13.64,5
4159,Kids & Cartoon,Silk Thread,2026,3,Yes,Sunday,West,Local Street Vendor,32.2,Credit Card,7,Mehra Rakhi Hub 81,16.23,16
4949,Kids & Cartoon,Silk Thread,2026,1,Yes,Saturday,Central,Supermarket,27.4,UPI,15,Bhatia Rakhi Hub 182,16.59,47
5899,Kids & Cartoon,Silk Thread,2026,1,No,Monday,Central,Local Street Vendor,27.2,Cash,9,Kapoor Rakhi Hub 31,15.4,31
3799,Kids & Cartoon,Silk Thread,2026,4,No,Thursday,North,Local Street Vendor,27.3,Cash,6,Kapoor Rakhi Hub 97,10.44,21
5359,Kids & Cartoon,Silk Thread,2026,7,yES,Saturday,West,Supermarket,32.0,Credit Card,5,Mehra Rakhi Hub 183,14.93,13
224,Eco-Friendly,Silk Thread,2026,4,No,Friday,North,Supermarket,30.1,Cash,3,Khanna Rakhi Corner,32.07,9
2194,Premium & Jewelry,Sandalwood (Chandan),2026,1,Yes,Saturday,East,Online,30.5,UPI,8,Aggarwal Rakhi Bazaar,270.34,25
3137,Eco-Friendly,Sandalwood (Chandan),2026,2,Yes,Sunday,East,Online,28.3,Cash,14,Bansal Rakhi Hub 67,72.3,41
4470,Premium & Jewelry,Sterling Silver,2026,2,yES,Saturday,North,Local Street Vendor,31.7,Cash,7,Sharma Rakhi Hub 172,579.73,32
1825,Eco-Friendly,Sandalwood (Chandan),2026,7,Yes,Sunday,West,Supermarket,29.6,Credit Card,5,Chawla Rakhi Hub 125,58.99,13
5030,Premium & Jewelry,Sandalwood (Chandan),2026,4,Yes,Sunday,North,Local Street Vendor,33.5,Cash,5,Arora Rakhi Hub 169,143.22,15
5125,Kids & Cartoon,Sandalwood (Chandan),2026,5,nO,Thursday,East,Supermarket,35.0,Cash,1,Sharma Rakhi Bazaar,28.96,7
4973,Kids & Cartoon,Sandalwood (Chandan),2026,3,No,Tuesday,West,Online,17.6,Credit Card,33,Goel Rakhi & Gifts,37.68,43
798,Premium & Jewelry,Sterling Silver,2026,1,No,Tuesday,East,Local Street Vendor,31.0,Cash,6,Gupta Rakhi Point,534.11,25
2872,Kids & Cartoon,Silk Thread,2026,4,No,Wednesday,Central,Online,,Cash,19,Tandon Rakhi Hub 168,18.7,61
10,Kids & Cartoon,Silk Thread,2026,2,No,Wednesday,West,Online,25.6,Credit Card,14,Rastogi Rakhi Hub 5,20.51,57
3953,Eco-Friendly,Sandalwood (Chandan),2026,2,nO,Tuesday,West,Supermarket,26.7,Credit Card,2,Bhatia Rakhi Hub 300,61.67,12
1945,Eco-Friendly,Sandalwood (Chandan),2026,1,No,Thursday,West,Supermarket,30.4,UPI,7,Saxena Rakhi Hub 41,57.66,47
1839,Eco-Friendly,Sandalwood (Chandan),2026,4,Yes,Sunday,Central,Supermarket,33.2,Credit Card,5,Gupta Rakhi Hub 291,55.01,17
4805,Eco-Friendly,Sandalwood (Chandan),2026,6,Yes,Sunday,,Local Street Vendor,30.3,UPI,2,Gupta Handicrafts,64.81,7
256,Eco-Friendly,Sandalwood (Chandan),2026,5,Yes,Saturday,East,Local Street Vendor,32.7,Cash,5,Sharma Rakhi Hub 35,50.71,21
1574,Eco-Friendly,Sandalwood (Chandan),2026,5,Yes,Sunday,Central,Local Street Vendor,29.7,Credit Card,5,Saxena Rakhi Hub 192,49.35,16
5714,Kids & Cartoon,Silk Thread,2026,5,No,Thursday,North,Supermarket,34.3,Cash,3,Saxena Rakhi Point,13.56,19
4486,Premium & Jewelry,Sterling Silver,2026,6,No,Thursday,Central,Local Street Vendor,26.7,UPI,2,Bhatia Rakhi Hub 29,472.09,8
2709,Premium & Jewelry,Sterling Silver,2026,1,No,Friday,East,Supermarket,,Cash,8,Nanda Rakhi Hub 89,793.94,22
1582,Kids & Cartoon,Silk Thread,2026,5,No,Tuesday,North,Supermarket,31.7,UPI,4,Tandon Rakhi Hub 147,14.9,15
2957,Premium & Jewelry,Sterling Silver,2026,4,No,Thursday,East,Online,34.3,UPI,7,Sharma Rakhi Corner,736.4,21
925,Premium & Jewelry,Sterling Silver,2026,7,No,Wednesday,,Local Street Vendor,30.6,Cash,1,Tandon Rakhi Hub 163,426.68,4
3112,Premium & Jewelry,Sterling Silver,2026,1,nO,Wednesday,North,Supermarket,37.8,UPI,3,Mehra Traditions,580.1,9
3598,Eco-Friendly,Sandalwood (Chandan),2026,2,yES,Saturday,East,Supermarket,35.5,Credit Card,10,Goel Handicrafts,49.82,36
2509,Kids & Cartoon,Sandalwood (Chandan),2026,7,No,Friday,West,Supermarket,30.5,Cash,2,Arora Rakhi Hub 108,32.42,6
503,Eco-Friendly,Sandalwood (Chandan),2026,7,No,Monday,North,Local Street Vendor,27.1,Cash,2,Sethi Rakhi Hub 276,44.62,10
5025,Kids & Cartoon,Silk Thread,2026,1,No,Tuesday,Central,Local Street Vendor,31.5,Cash,9,Tandon Rakhi Hub 142,12.66,37
5321,Premium & Jewelry,Sterling Silver,2026,4,#Yes,Saturday,Central,Online,32.2,Cash,7,Kapoor Rakhi Hub 257,669.07,19
1541,Eco-Friendly,Sandalwood (Chandan),2026,4,No,Friday,West,Online,35.6,Cash,4,Sharma Rakhi Store,66.56,20
3203,Eco-Friendly,Sandalwood (Chandan),2026,2,Yes,Sunday,East,Supermarket,34.3,Cash,27,Goel Rakhi Hub 267,61.22,16
3776,Kids & Cartoon,Silk Thread,2026,7,No,Monday,West,Supermarket,32.6,UPI,19,Gupta Rakhi & Gifts,56.09,87
4836,Eco-Friendly,Silk Thread,2026,6,No,Thursday,West,Local Street Vendor,27.2,Cash,2,Chawla Rakhi Hub 104,18.91,8
4137,Kids & Cartoon,Silk Thread,2026,2,No,Tuesday,Central,Supermarket,36.3,Cash,9,Chopra Rakhi Hub 130,18.45,51
4965,Premium & Jewelry,Sterling Silver,2026,2,yES,Saturday,Central,Local Street Vendor,,UPI,10,Chopra Handicrafts,498.07,30
2780,Premium & Jewelry,Sterling Silver,2026,7,Yes,Sunday,West,Online,30.5,UPI,2,Saxena Rakhi Hub 294,669.27,6
540,Eco-Friendly,Sandalwood (Chandan),2026,2,No,Friday,Central,Online,27.0,Cash,12,Arora Rakhi Hub 220,61.3,52
2746,Eco-Friendly,Sandalwood (Chandan),2026,1,No,Tuesday,North,Local Street Vendor,29.8,UPI,7,Sethi Rakhi Hub 175,54.76,20
3573,Kids & Cartoon,Silk Thread,2026,6,No,Wednesday,Central,Online,36.2,Cash,5,Arora Rakhi Hub 117,17.82,25
3311,Eco-Friendly,Silk Thread,2026,5,yES,Saturday,East,Supermarket,27.9,Cash,6,Chopra Rakhi Hub 69,33.4,18
236,Eco-Friendly,Silk Thread,2026,6,No,Monday,East,Supermarket,31.7,Cash,7,Chopra Gift House,40.96,22
5468,Premium & Jewelry,Sterling Silver,2026,6,Yes,Saturday,North,Online,34.9,UPI,6,Rastogi Rakhi Hub 178,727.36,14
1146,Kids & Cartoon,Silk Thread,2026,5,Yes,Sunday,West,Online,31.1,UPI,5,Gupta Rakhi Hub 139,20.76,13
5128,Premium & Jewelry,Sterling Silver,2026,6,No,Wednesday,,Supermarket,29.7,Cash,2,Aggarwal Rakhi Hub 234,681.5,10
4469,Eco-Friendly,Sandalwood (Chandan),2026,2,No,Tuesday,North,Online,33.4,Cash,9,Mehra Rakhi Hub 6,70.61,34
668,Eco-Friendly,Sandalwood (Chandan),2026,3,nO,Monday,East,Supermarket,28.5,Cash,27,Aggarwal Traditions,56.13,38
3020,Premium & Jewelry,Sandalwood (Chandan),2026,6,No,Wednesday,West,Local Street Vendor,30.8,Credit Card,2,Goel Rakhi Hub 221,114.27,6
358,Eco-Friendly,Sandalwood (Chandan),2026,3,Yes,Saturday,Central,Supermarket,27.3,Cash,6,Chawla Rakhi & Gifts,74.16,28
5064,Premium & Jewelry,Sterling Silver,2026,1,Yes,Sunday,West,Local Street Vendor,31.3,UPI,22,Sharma Rakhi Hub 136,493.91,74
2832,Kids & Cartoon,Silk Thread,2026,3,Yes,Sunday,West,Online,31.3,UPI,11,Nanda Rakhi Hub 28,22.41,29
2784,Kids & Cartoon,Silk Thread,2026,7,No,Thursday,Central,Local Street Vendor,28.7,Cash,1,Mehra Rakhi Hub 6,15.71,6
1354,Kids & Cartoon,Silk Thread,2026,1,No,Tuesday,,Supermarket,32.1,Cash,3,Bhatia Rakhi Hub 3,16.26,14
5132,Premium & Jewelry,Sterling Silver,2026,4,No,Thursday,North,Local Street Vendor,34.9,Cash,6,Bhatia Handicrafts,665.36,18
471,Kids & Cartoon,Silk Thread,2026,6,Yes,Sunday,West,Local Street Vendor,35.9,Credit Card,6,Tandon Rakhi Corner,11.91,14
2704,Eco-Friendly,Sandalwood (Chandan),2026,7,Yes,Sunday,,Supermarket,30.1,Credit Card,12,Bansal Emporium,54.71,34
3331,Eco-Friendly,Sandalwood (Chandan),2026,4,Yes,Sunday,West,Local Street Vendor,32.1,Credit Card,5,Verma Handicrafts,52.74,15
3638,Premium & Jewelry,Sandalwood (Chandan),2026,2,No,Wednesday,North,Online,32.5,Credit Card,17,Khanna Rakhi Store,229.47,65
1397,Kids & Cartoon,Silk Thread,2026,7,No,Wednesday,West,Supermarket,27.3,Credit Card,2,Gupta Rakhi Hub 291,14.16,7
3585,Eco-Friendly,Sandalwood (Chandan),2026,5,nO,Wednesday,West,Local Street Vendor,26.2,Credit Card,4,Malhotra Rakhi Hub 281,60.29,11
5444,Eco-Friendly,Silk Thread,2026,2,No,Monday,North,Supermarket,30.8,UPI,6,Tandon Rakhi & Gifts,36.18,21
5263,Premium & Jewelry,Sterling Silver,2026,6,Yes,Sunday,North,Supermarket,34.0,Cash,3,Bansal Rakhi Store,601.54,9
5646,Premium & Jewelry,Sterling Silver,2026,3,yES,Sunday,East,Online,35.6,Credit Card,13,Tandon Rakhi Hub 168,844.04,32
3377,Premium & Jewelry,Sandalwood (Chandan),2026,3,No,Thursday,North,Online,33.9,Cash,12,Khanna Rakhi & Gifts,252.37,36
1257,Eco-Friendly,Sandalwood (Chandan),2026,6,nO,Friday,North,Online,34.6,Cash,4,Nanda Festive Mart,80.06,25
1999,Eco-Friendly,Silk Thread,2026,5,Yes,Sunday,Central,Online,34.0,Cash,4,Rastogi Rakhi Hub 50,34.43,12
3513,Eco-Friendly,Silk Thread,2026,7,nO,Monday,Central,Local Street Vendor,33.9,Cash,3,Aggarwal Rakhi Hub 144,24.8,11
5652,Kids & Cartoon,Silk Thread,2026,6,No,Monday,Central,Supermarket,26.1,UPI,2,Tandon Rakhi Corner,18.45,7
5779,Eco-Friendly,Sandalwood (Chandan),2026,4,Yes,Sunday,West,Supermarket,35.9,Cash,4,Rastogi Rakhi Hub 189,54.14,13
1251,Premium & Jewelry,Sterling Silver,2026,6,Yes,Saturday,West,Supermarket,32.7,Cash,7,Rastogi Rakhi Hub 42,798.88,18
5796,Kids & Cartoon,Silk Thread,2026,1,No,Friday,East,Supermarket,31.1,Cash,9,Sharma Traditions,20.8,42
5349,Kids & Cartoon,Silk Thread,2026,5,Yes,Sunday,Central,Local Street Vendor,38.2,Credit Card,4,Bhatia Rakhi Hub 290,12.01,13
5069,Premium & Jewelry,Sterling Silver,2026,7,No,Wednesday,Central,Supermarket,31.9,UPI,2,Tandon Rakhi Store,492.56,5
4299,Kids & Cartoon,Silk Thread,2026,1,No,Thursday,North,Online,,Cash,55,Jain Rakhi Corner,19.35,47
3285,Premium & Jewelry,Sterling Silver,2026,1,No,Thursday,West,Online,27.8,UPI,2,Nanda Rakhi & Gifts,629.66,9
2934,Eco-Friendly,Sandalwood (Chandan),2026,2,No,Wednesday,North,Online,33.9,Credit Card,5,Mehra Rakhi Hub 75,57.88,18
4176,Kids & Cartoon,Silk Thread,2026,1,Yes,Sunday,East,Online,27.9,Credit Card,15,Chawla Rakhi Corner,23.76,62
5269,Eco-Friendly,Sterling Silver,2026,7,yES,Saturday,North,Supermarket,28.3,Cash,10,Arora Rakhi Hub 140,153.35,26
4911,Premium & Jewelry,Silk Thread,2026,4,yES,Saturday,West,Local Street Vendor,25.5,Credit Card,5,Jain Rakhi Hub 72,75.18,22
1853,Kids & Cartoon,Silk Thread,2026,7,Yes,Saturday,North,Local Street Vendor,27.1,UPI,3,Chopra Rakhi Hub 44,14.85,10
4912,Kids & Cartoon,Silk Thread,2026,2,No,Tuesday,West,Online,32.3,Credit Card,14,Sharma Rakhi Hub 149,17.62,41
3963,Kids & Cartoon,Silk Thread,2026,2,No,Wednesday,East,Local Street Vendor,26.6,Cash,3,Mehra Rakhi Hub 275,16.77,15
5896,Eco-Friendly,Silk Thread,2026,4,No,Tuesday,Central,Supermarket,29.9,Cash,2,Chopra Traditions,41.08,11
2429,Kids & Cartoon,Sandalwood (Chandan),2026,2,nO,Wednesday,Central,Online,26.6,Cash,11,Saxena Handicrafts,36.38,62
2106,Eco-Friendly,Sterling Silver,2026,2,No,Wednesday,East,Local Street Vendor,36.9,Cash,4,Chopra Rakhi Hub 153,169.73,22
134,Kids & Cartoon,Silk Thread,2026,2,No,Wednesday,North,Supermarket,25.1,Cash,10,Nanda Rakhi Bazaar,18.59,44
5237,Premium & Jewelry,Sterling Silver,2026,4,No,Wednesday,West,Local Street Vendor,27.8,Cash,6,Chawla Gift House,518.43,25
5030,Premium & Jewelry,Sandalwood (Chandan),2026,4,Yes,Sunday,North,Local Street Vendor,33.5,Cash,5,Arora Rakhi Hub 169,143.22,15
929,Kids & Cartoon,Silk Thread,2026,5,No,Monday,East,Supermarket,36.9,Cash,2,Sethi Rakhi & Gifts,16.41,7
824,Kids & Cartoon,Silk Thread,2026,6,nO,Friday,East,Online,31.3,UPI,3,Arora Rakhi Hub 210,30.61,15
3377,Premium & Jewelry,Sandalwood (Chandan),2026,3,No,Thursday,North,Online,33.9,Cash,12,Khanna Rakhi & Gifts,252.37,36
1532,Premium & Jewelry,Sterling Silver,2026,1,yES,Sunday,,Online,33.9,UPI,7,Sethi Rakhi Hub 276,770.67,25
1215,Premium & Jewelry,Sandalwood (Chandan),2026,3,No,Monday,North,Supermarket,30.7,Cash,7,Gupta Rakhi Hub 187,201.64,37
505,Kids & Cartoon,Silk Thread,2026,7,Yes,Sunday,Central,Supermarket,43.6,Cash,4,Khanna Festive Mart,21.45,13
4286,Premium & Jewelry,Sterling Silver,2026,5,No,Tuesday,North,Supermarket,26.9,UPI,10,Mehra Rakhi Hub 148,965.37,37
3119,Premium & Jewelry,Sterling Silver,2026,2,No,Friday,East,Supermarket,31.1,Cash,9,Gupta Traditions,634.75,51
1997,Premium & Jewelry,Sterling Silver,2026,3,No,Wednesday,West,Supermarket,33.1,Cash,6,Goel Emporium,507.55,27
2428,Kids & Cartoon,Silk Thread,2026,3,Yes,Saturday,,Online,30.0,Credit Card,5,Gupta Rakhi Corner,22.71,23
3073,Eco-Friendly,Sandalwood (Chandan),2026,2,No,Wednesday,Central,Supermarket,33.0,Credit Card,10,Chopra Rakhi Store,47.31,44
1959,Eco-Friendly,Silk Thread,2026,1,No,Wednesday,North,Local Street Vendor,32.3,UPI,8,Bansal Handicrafts,25.93,41
1385,Eco-Friendly,Silk Thread,2026,2,No,Friday,East,Local Street Vendor,35.2,Credit Card,10,Nanda Rakhi Corner,32.99,33
895,Eco-Friendly,Silk Thread,2026,4,No,Tuesday,Central,Local Street Vendor,24.3,UPI,8,Khanna Rakhi Hub 120,33.47,30
4925,Kids & Cartoon,Silk Thread,2026,7,Yes,Saturday,Central,Local Street Vendor,,Cash,2,Rastogi Emporium,11.48,4
456,Premium & Jewelry,Silk Thread,2026,4,nO,Thursday,West,Local Street Vendor,31.5,Cash,4,Bansal Rakhi Hub 274,124.4,18
1168,Kids & Cartoon,Silk Thread,2026,6,No,Tuesday,North,Online,38.1,Credit Card,3,Tandon Rakhi & Gifts,25.05,14
5780,Premium & Jewelry,Sandalwood (Chandan),2026,4,nO,Friday,,Online,27.7,Cash,9,Sethi Rakhi Hub 76,198.39,37
5659,Premium & Jewelry,Sterling Silver,2026,1,#Yes,Saturday,East,Local Street Vendor,35.3,Cash,11,Saxena Rakhi Bazaar,511.97,55
3710,Eco-Friendly,Sandalwood (Chandan),2026,2,No,Tuesday,West,Online,39.3,Cash,14,Bhatia Rakhi Hub 290,78.91,60
442,Premium & Jewelry,Sandalwood (Chandan),2026,6,No,Wednesday,North,Online,,Cash,6,Khanna Traditions,249.91,20
4850,Eco-Friendly,Sandalwood (Chandan),2026,2,nO,Tuesday,West,Supermarket,26.4,Cash,4,Aggarwal Handicrafts,59.41,12
4749,Eco-Friendly,Sandalwood (Chandan),2026,2,Yes,Sunday,West,Supermarket,35.7,UPI,9,Gupta Rakhi Corner,69.9,27
4269,Eco-Friendly,Sandalwood (Chandan),2026,2,No,Tuesday,North,Online,30.3,Cash,4,Rastogi Rakhi Hub 71,85.57,25
3523,Premium & Jewelry,Sterling Silver,2026,2,No,Thursday,Central,Online,23.4,Cash,19,Tandon Rakhi Hub 47,742.35,67
4135,Kids & Cartoon,Silk Thread,2026,4,#Yes,Sunday,North,Local Street Vendor,29.1,Credit Card,8,Verma Traditions,13.77,27
3603,Kids & Cartoon,Silk Thread,2026,6,Yes,Saturday,East,Local Street Vendor,28.5,Credit Card,7,Kapoor Rakhi Hub 287,10.23,35
4965,Premium & Jewelry,Sterling Silver,2026,2,yES,Saturday,Central,Local Street Vendor,,UPI,10,Chopra Handicrafts,498.07,30
714,Eco-Friendly,Sandalwood (Chandan),2026,7,nO,Tuesday,Central,Local Street Vendor,32.8,UPI,3,Nanda Gift House,44.13,10
4187,Premium & Jewelry,Sterling Silver,2026,7,No,Tuesday,East,Supermarket,18.9,Cash,1,Mehra Rakhi Hub 148,582.96,4
2215,Eco-Friendly,Silk Thread,2026,4,Yes,Sunday,North,Local Street Vendor,30.1,UPI,5,Malhotra Rakhi Hub 64,145.55,12
5302,Kids & Cartoon,Sandalwood (Chandan),2026,5,No,Monday,West,Local Street Vendor,31.5,Cash,6,Goel Rakhi Hub 116,19.4,19
2924,Kids & Cartoon,Silk Thread,2026,4,nO,Tuesday,East,Supermarket,32.8,Credit Card,6,Chopra Rakhi Hub 190,15.11,28
3433,Eco-Friendly,Sandalwood (Chandan),2026,1,No,Tuesday,Central,Local Street Vendor,27.4,Cash,84,Bhatia Rakhi & Gifts,64.51,250
1811,Premium & Jewelry,Sterling Silver,2026,1,No,Wednesday,East,Local Street Vendor,30.7,Credit Card,8,Nanda Rakhi Hub 195,403.09,40
3487,Kids & Cartoon,Silk Thread,2026,7,No,Monday,Central,Local Street Vendor,36.9,Cash,3,Khanna Rakhi Hub 164,15.13,16
3142,Premium & Jewelry,Sandalwood (Chandan),2026,3,nO,Monday,Central,Local Street Vendor,33.8,Cash,9,Jain Rakhi Hub 253,194.61,26
1828,Kids & Cartoon,Silk Thread,2026,7,Yes,Sunday,Central,Local Street Vendor,27.8,Cash,1,Aggarwal Rakhi Hub 157,13.35,4
1156,Premium & Jewelry,Silk Thread,2026,7,nO,Monday,North,Supermarket,32.9,Cash,3,Chopra Rakhi Store,95.93,14
1325,Kids & Cartoon,Silk Thread,2026,5,Yes,Sunday,North,Online,28.7,Credit Card,13,Sharma Rakhi Hub 141,20.33,37
4313,Premium & Jewelry,Sterling Silver,2026,5,No,Friday,Central,Local Street Vendor,40.4,UPI,1,Tandon Rakhi Hub 292,448.58,4
511,Premium & Jewelry,Silk Thread,2026,3,#Yes,Saturday,Central,Supermarket,29.2,Cash,7,Verma Rakhi Hub 92,87.91,26
1681,Eco-Friendly,Sandalwood (Chandan),2026,7,Yes,Sunday,West,Online,30.9,UPI,19,Aggarwal Rakhi Hub 263,102.43,46
500,Kids & Cartoon,Silk Thread,2026,3,Yes,Sunday,West,Supermarket,24.6,Credit Card,5,Kapoor Gift House,20.45,20
5480,Eco-Friendly,Sandalwood (Chandan),2026,6,No,Friday,West,Local Street Vendor,,Credit Card,4,Saxena Rakhi Hub 255,43.07,21
1857,Premium & Jewelry,Sterling Silver,2026,7,Yes,Saturday,East,Supermarket,33.9,Cash,6,Chopra Rakhi Hub 248,540.66,15
1389,Eco-Friendly,Sterling Silver,2026,5,No,Friday,East,Supermarket,22.5,Cash,5,Rastogi Festive Mart,247.02,26
5616,Premium & Jewelry,Sterling Silver,2026,1,Yes,Saturday,North,Local Street Vendor,26.9,Cash,6,Mehra Gift House,394.79,20
3720,Kids & Cartoon,Sterling Silver,2026,7,Yes,Saturday,East,Supermarket,26.3,Credit Card,6,Bansal Rakhi Hub 161,111.26,16
2387,Eco-Friendly,Sandalwood (Chandan),2026,1,No,Thursday,Central,Supermarket,31.3,Cash,17,Kapoor Rakhi Hub 97,48.77,19
5542,Kids & Cartoon,Silk Thread,2026,2,No,Monday,North,Online,,UPI,41,Saxena Rakhi Hub 41,19.58,38
3237,Eco-Friendly,Sandalwood (Chandan),2026,4,nO,Wednesday,North,Local Street Vendor,34.8,Cash,3,Gupta Handicrafts,47.33,10
2238,Kids & Cartoon,Silk Thread,2026,4,nO,Monday,West,Supermarket,,Cash,8,Aggarwal Rakhi Store,18.93,27
1541,Eco-Friendly,Sandalwood (Chandan),2026,4,No,Friday,West,Online,35.6,Cash,4,Sharma Rakhi Store,66.56,20
1218,Kids & Cartoon,Silk Thread,2026,3,No,Friday,East,Online,35.5,Cash,6,Aggarwal Rakhi Store,17.82,25
2682,Eco-Friendly,Sandalwood (Chandan),2026,1,No,Wednesday,Central,Online,31.3,Credit Card,9,Chawla Rakhi Hub 104,82.28,33
5507,Premium & Jewelry,Sterling Silver,2026,5,Yes,Sunday,East,Supermarket,29.2,UPI,6,Saxena Rakhi Hub 23,745.78,17
2994,Kids & Cartoon,Silk Thread,2026,2,Yes,Saturday,East,Local Street Vendor,31.8,UPI,16,Tandon Rakhi Corner,11.79,39
5513,Kids & Cartoon,Silk Thread,2026,1,No,Tuesday,North,Local Street Vendor,29.4,UPI,6,Tandon Handicrafts,11.41,22
5700,Premium & Jewelry,Sandalwood (Chandan),2026,1,No,Thursday,West,Supermarket,31.6,Cash,5,Gupta Rakhi Hub 152,254.57,19
1192,Kids & Cartoon,Silk Thread,2026,6,Yes,Sunday,North,Online,30.2,Cash,10,Aggarwal Festive Mart,28.73,25
5773,Premium & Jewelry,Sterling Silver,2026,1,No,Tuesday,North,Supermarket,33.5,Credit Card,17,Chawla Rakhi Hub 186,604.6,50
5294,Kids & Cartoon,Silk Thread,2026,3,Yes,Saturday,East,Local Street Vendor,32.7,UPI,12,Goel Rakhi Hub 116,11.88,29
1543,Kids & Cartoon,Silk Thread,2026,1,Yes,Sunday,North,Local Street Vendor,37.3,UPI,19,Rastogi Rakhi Corner,12.06,57
3302,Kids & Cartoon,Silk Thread,2026,6,Yes,Sunday,Central,Local Street Vendor,28.2,UPI,8,Sethi Rakhi Hub 131,11.49,20
3325,Kids & Cartoon,Silk Thread,2026,7,No,Thursday,West,Supermarket,28.2,Credit Card,3,Bansal Rakhi Hub 67,18.32,10
4028,Kids & Cartoon,Silk Thread,2026,7,yES,Sunday,North,Supermarket,37.3,Cash,3,Nanda Rakhi Hub 98,16.21,7
2540,Kids & Cartoon,Silk Thread,2026,6,No,Tuesday,Central,Supermarket,39.7,Cash,5,Sharma Rakhi Hub 185,18.43,18
954,Premium & Jewelry,Sterling Silver,2026,5,Yes,Saturday,Central,Supermarket,32.2,Cash,8,Mehra Gift House,662.04,26
2731,Premium & Jewelry,Sterling Silver,2026,6,No,Friday,East,Local Street Vendor,30.8,Credit Card,2,Jain Rakhi & Gifts,525.73,6
3020,Premium & Jewelry,Sandalwood (Chandan),2026,6,No,Wednesday,West,Local Street Vendor,30.8,Credit Card,2,Goel Rakhi Hub 221,114.27,6
4847,Premium & Jewelry,Silk Thread,2026,2,No,Friday,East,Online,27.8,UPI,16,Aggarwal Rakhi Bazaar,353.93,49
717,Kids & Cartoon,Silk Thread,2026,7,Yes,Saturday,West,Supermarket,34.0,Cash,2,Mehra Rakhi Hub 246,14.54,8
4331,Premium & Jewelry,Sterling Silver,2026,5,No,Thursday,Central,Supermarket,33.8,Credit Card,4,Jain Rakhi Hub 253,407.64,20
733,Premium & Jewelry,Sandalwood (Chandan),2026,3,#Yes,Saturday,Central,Local Street Vendor,27.3,UPI,2,Saxena Gift House,141.16,7
903,Premium & Jewelry,Sterling Silver,2026,4,No,Tuesday,West,Online,31.7,Credit Card,9,Goel Rakhi Hub 100,680.8,30
1157,Premium & Jewelry,Sandalwood (Chandan),2026,3,Yes,Sunday,West,Online,31.6,Cash,4,Aggarwal Rakhi Hub 179,255.31,12
1709,Eco-Friendly,Sandalwood (Chandan),2026,7,No,Thursday,Central,Supermarket,29.4,Cash,3,Saxena Festive Mart,64.07,19
3295,Kids & Cartoon,Silk Thread,2026,6,nO,Wednesday,East,Supermarket,32.0,Cash,2,Arora Rakhi Hub 219,16.98,12
1067,Kids & Cartoon,Silk Thread,2026,1,#Yes,Saturday,West,Online,32.1,Cash,9,Bhatia Handicrafts,18.06,28
2983,Premium & Jewelry,Sterling Silver,2026,2,No,Thursday,North,Local Street Vendor,35.3,Cash,6,Sharma Rakhi Hub 136,461.37,25
5306,Kids & Cartoon,Silk Thread,2026,4,No,Monday,Central,Local Street Vendor,33.3,Credit Card,6,Chopra Handicrafts,9.46,20
5162,Eco-Friendly,Sandalwood (Chandan),2026,6,Yes,Saturday,North,Local Street Vendor,30.2,Cash,1,Saxena Rakhi Hub 138,50.22,5
2157,Premium & Jewelry,Sandalwood (Chandan),2026,7,No,Friday,Central,Local Street Vendor,18.3,UPI,1,Aggarwal Rakhi Hub 179,169.95,4
1063,Premium & Jewelry,Sterling Silver,2026,4,No,Thursday,North,Supermarket,31.9,UPI,4,Aggarwal Rakhi Corner,866.14,29
2617,Premium & Jewelry,Sterling Silver,2026,5,No,Tuesday,West,Supermarket,34.6,UPI,5,Goel Gift House,774.59,25
1168,Kids & Cartoon,Silk Thread,2026,6,No,Tuesday,North,Online,38.1,Credit Card,3,Tandon Rakhi & Gifts,25.05,14
3223,Eco-Friendly,Sandalwood (Chandan),2026,2,yES,Saturday,North,Local Street Vendor,56.1,Cash,1,Saxena Rakhi Hub 17,50.47,8
3637,Eco-Friendly,Sandalwood (Chandan),2026,7,No,Tuesday,North,Supermarket,41.5,Cash,1,Chopra Rakhi Hub 44,360.16,5
5589,Kids & Cartoon,Silk Thread,2026,4,Yes,Saturday,Central,Supermarket,29.4,Cash,8,Arora Rakhi Bazaar,14.89,21
2939,Premium & Jewelry,Sterling Silver,2026,6,nO,Friday,,Supermarket,33.9,Cash,4,Verma Emporium,596.27,14
4712,Premium & Jewelry,Sterling Silver,2026,6,Yes,Saturday,East,Online,24.8,Credit Card,1,Sharma Gift House,828.89,5
3369,Premium & Jewelry,Silk Thread,2026,2,#Yes,Saturday,Central,Supermarket,38.7,Credit Card,3,Goel Rakhi Hub 181,110.6,14
4492,Eco-Friendly,Sandalwood (Chandan),2026,5,nO,Monday,East,Local Street Vendor,28.7,UPI,4,Chopra Gift House,64.0,11
3141,Kids & Cartoon,Silk Thread,2026,1,No,Thursday,West,Local Street Vendor,22.5,Cash,7,Sethi Rakhi Hub 174,10.48,37
4981,Eco-Friendly,Sandalwood (Chandan),2026,7,yES,Saturday,Central,Supermarket,35.6,UPI,1,Gupta Handicrafts,57.52,7
144,Kids & Cartoon,Silk Thread,2026,2,No,Wednesday,Central,Supermarket,32.9,Cash,5,Verma Handicrafts,16.75,15
1896,Premium & Jewelry,Sterling Silver,2026,4,No,Monday,East,Supermarket,33.6,Cash,7,Mehra Emporium,703.69,38
3578,Premium & Jewelry,Sterling Silver,2026,2,Yes,Saturday,West,Local Street Vendor,34.5,UPI,4,Goel Rakhi Hub 52,521.44,18
4947,Kids & Cartoon,Sandalwood (Chandan),2026,4,No,Thursday,Central,Local Street Vendor,30.6,Credit Card,28,Verma Rakhi Store,23.47,103
2783,Kids & Cartoon,Sandalwood (Chandan),2026,2,Yes,Sunday,North,Supermarket,31.4,UPI,4,Chawla Rakhi Hub 186,30.52,17
718,Premium & Jewelry,Sandalwood (Chandan),2026,7,No,Thursday,,Local Street Vendor,29.6,Cash,2,Sethi Rakhi Hub 173,154.54,7
1820,Kids & Cartoon,Silk Thread,2026,1,nO,Monday,East,Supermarket,34.0,Cash,8,Gupta Festive Mart,16.73,30
2503,Eco-Friendly,Silk Thread,2026,4,Yes,Saturday,West,Online,29.0,Credit Card,4,Gupta Rakhi Hub 139,229.46,16
4361,Premium & Jewelry,Sandalwood (Chandan),2026,1,No,Wednesday,Central,Supermarket,28.6,Cash,19,Bhatia Emporium,209.94,65
4172,Eco-Friendly,Sandalwood (Chandan),2026,3,No,Thursday,East,Online,23.4,Cash,12,Sharma Handicrafts,392.18,36
2327,Premium & Jewelry,Sterling Silver,2026,1,nO,Thursday,West,Local Street Vendor,34.5,Credit Card,15,Gupta Rakhi Hub 282,568.13,51
396,Kids & Cartoon,Silk Thread,2026,2,No,Friday,Central,Online,29.5,UPI,3,Gupta Festive Mart,25.05,13
5732,Eco-Friendly,Sandalwood (Chandan),2026,1,yES,Saturday,East,Online,29.9,Cash,27,Saxena Rakhi Hub 193,59.08,67
5255,Eco-Friendly,Sandalwood (Chandan),2026,6,yES,Sunday,West,Local Street Vendor,33.3,Cash,7,Sethi Rakhi Hub 286,50.92,23
604,Eco-Friendly,Silk Thread,2026,4,Yes,Saturday,East,Online,30.7,Credit Card,7,Tandon Rakhi Hub 60,43.5,20
589,Premium & Jewelry,Sandalwood (Chandan),2026,2,#Yes,Sunday,North,Supermarket,34.7,Cash,28,Goel Rakhi Store,207.97,106
4493,Eco-Friendly,Sandalwood (Chandan),2026,5,#Yes,Sunday,Central,Local Street Vendor,,Cash,10,Bansal Rakhi Hub 13,49.16,32
1366,Kids & Cartoon,Silk Thread,2026,1,Yes,Sunday,East,Local Street Vendor,31.8,Cash,5,Mehra Rakhi Hub 246,12.89,12
1482,Premium & Jewelry,Sandalwood (Chandan),2026,7,No,Thursday,North,Local Street Vendor,35.0,UPI,3,Mehra Rakhi Hub 240,136.63,18
6000,Eco-Friendly,Sandalwood (Chandan),2026,6,#Yes,Saturday,East,Supermarket,33.7,Credit Card,4,Chawla Rakhi Corner,73.46,14
596,Premium & Jewelry,Sterling Silver,2026,1,Yes,Saturday,East,Local Street Vendor,31.3,Cash,3,Sethi Traditions,537.99,13
3697,Premium & Jewelry,Sterling Silver,2026,3,#Yes,Saturday,West,Local Street Vendor,29.2,UPI,11,Nanda Rakhi Hub 89,585.37,28
3953,Eco-Friendly,Sandalwood (Chandan),2026,2,nO,Tuesday,West,Supermarket,26.7,Credit Card,2,Bhatia Rakhi Hub 300,61.67,12
5393,Eco-Friendly,Sandalwood (Chandan),2026,2,#Yes,Sunday,Central,Online,32.9,Cash,19,Khanna Rakhi Hub 120,68.54,60
5918,Eco-Friendly,Sandalwood (Chandan),2026,7,Yes,Saturday,East,Local Street Vendor,32.9,UPI,4,Arora Rakhi Store,44.89,10
4969,Premium & Jewelry,Sterling Silver,2026,2,No,Monday,East,Local Street Vendor,28.7,Credit Card,4,Gupta Rakhi Hub 165,402.28,13
2915,Kids & Cartoon,Silk Thread,2026,1,No,Monday,Central,Local Street Vendor,23.4,UPI,4,Jain Festive Mart,14.18,21
4434,Kids & Cartoon,Silk Thread,2026,7,yES,Sunday,North,Online,35.8,Credit Card,4,Saxena Emporium,19.53,11
2327,Premium & Jewelry,Sterling Silver,2026,1,nO,Thursday,West,Local Street Vendor,34.5,Credit Card,15,Gupta Rakhi Hub 282,568.13,51
5645,Kids & Cartoon,Silk Thread,2026,4,No,Friday,North,Local Street Vendor,27.5,Credit Card,21,Bansal Rakhi Hub 268,14.71,87
3767,Kids & Cartoon,Silk Thread,2026,5,Yes,Sunday,North,Local Street Vendor,35.3,Cash,7,Aggarwal Rakhi Corner,12.05,21
3441,Premium & Jewelry,Sterling Silver,2026,5,No,Thursday,West,Online,27.4,Credit Card,86,Kapoor Rakhi Hub 199,626.37,294
3852,Premium & Jewelry,Sterling Silver,2026,4,No,Tuesday,West,Supermarket,,Credit Card,10,Malhotra Gift House,653.11,35
4133,Kids & Cartoon,Silk Thread,2026,3,No,Monday,West,Local Street Vendor,31.0,UPI,6,Bansal Rakhi Hub 288,9.87,24
1824,Kids & Cartoon,Silk Thread,2026,3,nO,Thursday,East,Local Street Vendor,29.3,Cash,3,Khanna Rakhi Hub 45,11.65,9
1309,Premium & Jewelry,Sterling Silver,2026,1,No,Tuesday,West,Supermarket,33.0,Cash,16,Sharma Rakhi Store,785.03,50
2144,Eco-Friendly,Sandalwood (Chandan),2026,2,Yes,Sunday,Central,Local Street Vendor,51.3,Cash,6,Rastogi Rakhi & Gifts,41.3,22
1302,Kids & Cartoon,Silk Thread,2026,1,No,Wednesday,Central,Online,36.9,Cash,15,Chawla Rakhi Hub 125,19.78,55
5074,Kids & Cartoon,Silk Thread,2026,3,Yes,Sunday,West,Online,39.6,UPI,16,Sharma Rakhi Hub 59,20.66,44
1572,Kids & Cartoon,Sandalwood (Chandan),2026,3,No,Tuesday,Central,Online,33.8,Cash,9,Bhatia Rakhi Hub 266,39.47,37
4080,Kids & Cartoon,Silk Thread,2026,3,No,Thursday,North,Local Street Vendor,33.6,Credit Card,5,Sethi Rakhi Hub 173,12.53,29
1123,Eco-Friendly,Sandalwood (Chandan),2026,4,#Yes,Saturday,North,Local Street Vendor,29.4,Credit Card,6,Verma Rakhi Hub 73,46.64,26
2787,Kids & Cartoon,Silk Thread,2026,6,No,Tuesday,Central,Supermarket,33.3,Credit Card,4,Kapoor Rakhi Hub 200,13.65,22
5896,Eco-Friendly,Silk Thread,2026,4,No,Tuesday,Central,Supermarket,29.9,Cash,2,Chopra Traditions,41.08,11
2968,Premium & Jewelry,Sterling Silver,2026,2,No,Wednesday,West,Local Street Vendor,32.8,Credit Card,4,Gupta Rakhi Hub 152,389.09,13
2505,Premium & Jewelry,Sterling Silver,2026,4,#Yes,Sunday,West,Online,33.1,UPI,10,Rastogi Traditions,683.83,31
5989,Eco-Friendly,Sandalwood (Chandan),2026,2,nO,Wednesday,West,Local Street Vendor,30.2,Cash,14,Chopra Rakhi Hub 127,52.3,91
3466,Eco-Friendly,Silk Thread,2026,4,No,Wednesday,Central,Local Street Vendor,26.5,Cash,4,Arora Gift House,25.88,17
676,Kids & Cartoon,Silk Thread,2026,4,#Yes,Sunday,West,Supermarket,30.2,Credit Card,9,Mehra Rakhi Hub 25,13.03,35
2809,Premium & Jewelry,Sandalwood (Chandan),2026,4,Yes,Saturday,West,Local Street Vendor,50.2,Cash,10,Mehra Festive Mart,164.3,27
815,Premium & Jewelry,Sterling Silver,2026,7,Yes,Sunday,West,Local Street Vendor,35.6,Credit Card,2,Jain Emporium,436.84,6
3349,Eco-Friendly,Sandalwood (Chandan),2026,3,Yes,Saturday,Central,Local Street Vendor,32.9,Credit Card,65,Jain Rakhi Hub 135,50.58,162
729,Kids & Cartoon,Silk Thread,2026,5,nO,Monday,Central,Online,31.5,Cash,4,Bhatia Rakhi Bazaar,23.85,20
413,Premium & Jewelry,Sterling Silver,2026,1,nO,Thursday,East,Online,29.0,Credit Card,15,Bhatia Rakhi Hub 254,700.43,59
3147,Eco-Friendly,Silk Thread,2026,2,No,Thursday,East,Online,29.5,Credit Card,30,Chawla Rakhi Hub 295,36.18,147
1517,Premium & Jewelry,Sandalwood (Chandan),2026,4,nO,Tuesday,North,Supermarket,45.6,Credit Card,1,Verma Rakhi Hub 236,203.89,7
5746,Premium & Jewelry,Sandalwood (Chandan),2026,7,No,Wednesday,North,Supermarket,35.7,Credit Card,5,Verma Rakhi Hub 236,174.77,16
826,Premium & Jewelry,Sterling Silver,2026,7,No,Wednesday,West,Online,31.7,Cash,2,Saxena Rakhi Hub 227,676.18,12
3268,Eco-Friendly,Sandalwood (Chandan),2026,1,nO,Friday,Central,Online,30.1,Credit Card,6,Khanna Rakhi Hub 215,63.11,34
3975,Premium & Jewelry,Sterling Silver,2026,1,No,Wednesday,North,Local Street Vendor,29.9,Cash,8,Mehra Rakhi Hub 256,417.78,23
617,Eco-Friendly,Sandalwood (Chandan),2026,7,No,Thursday,Central,Local Street Vendor,31.1,Credit Card,3,Mehra Rakhi Bazaar,44.71,9
115,Premium & Jewelry,Sterling Silver,2026,6,Yes,Sunday,North,Online,33.5,UPI,4,Saxena Rakhi Hub 192,878.57,15
418,Eco-Friendly,Silk Thread,2026,3,No,Wednesday,Central,Supermarket,40.4,UPI,6,Nanda Gift House,33.0,26
3070,Kids & Cartoon,Silk Thread,2026,5,yES,Sunday,North,Online,35.1,Cash,12,Gupta Handicrafts,23.47,41
1626,Eco-Friendly,Silk Thread,2026,1,No,Friday,West,Local Street Vendor,34.0,Cash,3,Jain Rakhi Hub 87,29.18,10
5766,Kids & Cartoon,Silk Thread,2026,1,No,Monday,North,Local Street Vendor,34.6,Cash,3,Tandon Rakhi Point,14.8,17
2509,Kids & Cartoon,Sandalwood (Chandan),2026,7,No,Friday,West,Supermarket,30.5,Cash,2,Arora Rakhi Hub 108,32.42,6
3042,Eco-Friendly,Silk Thread,2026,5,No,Tuesday,West,Supermarket,30.1,UPI,4,Goel Rakhi Hub 208,33.88,15
4186,Eco-Friendly,Silk Thread,2026,7,No,Tuesday,North,Local Street Vendor,31.9,Cash,6,Saxena Rakhi Hub 227,23.87,6
2897,Eco-Friendly,Silk Thread,2026,2,No,Wednesday,East,Local Street Vendor,29.6,UPI,5,Malhotra Rakhi Hub 281,22.35,17
1637,Kids & Cartoon,Silk Thread,2026,6,nO,Wednesday,West,Online,27.6,UPI,2,Aggarwal Rakhi Hub 55,22.05,8
2083,Kids & Cartoon,Silk Thread,2026,4,No,Thursday,East,Supermarket,36.7,UPI,6,Bhatia Rakhi & Gifts,18.7,39
754,Kids & Cartoon,Sandalwood (Chandan),2026,1,No,Thursday,East,Supermarket,28.0,Cash,7,Sharma Rakhi Hub 141,30.49,48
2547,Eco-Friendly,Sandalwood (Chandan),2026,5,Yes,Sunday,Central,Online,32.8,UPI,16,Sethi Rakhi Hub 131,50.34,43
3970,Premium & Jewelry,Sterling Silver,2026,7,Yes,Sunday,East,Local Street Vendor,30.0,UPI,3,Chawla Rakhi Hub 283,541.64,15
3374,Premium & Jewelry,Sandalwood (Chandan),2026,4,nO,Tuesday,West,Online,27.6,Cash,17,Khanna Rakhi Hub 146,264.15,49
5727,Kids & Cartoon,Silk Thread,2026,7,No,Tuesday,West,Local Street Vendor,28.8,Cash,4,Chawla Rakhi Hub 125,12.57,13
4108,Eco-Friendly,Sandalwood (Chandan),2026,6,No,Friday,East,Supermarket,27.8,Cash,3,Kapoor Rakhi Store,68.34,15
2445,Kids & Cartoon,Silk Thread,2026,3,No,Thursday,,Supermarket,,Cash,4,Chawla Rakhi Hub 250,18.49,16
4381,Kids & Cartoon,Silk Thread,2026,3,#Yes,Saturday,East,Supermarket,31.9,Cash,13,Nanda Rakhi Hub 129,22.11,30
1067,Kids & Cartoon,Silk Thread,2026,1,#Yes,Saturday,West,Online,32.1,Cash,9,Bhatia Handicrafts,18.06,28
3914,Kids & Cartoon,Silk Thread,2026,2,No,Friday,Central,Local Street Vendor,37.9,Cash,5,Chawla Rakhi Hub 102,12.95,17
5288,Kids & Cartoon,Sandalwood (Chandan),2026,6,No,Friday,Central,Local Street Vendor,29.0,UPI,3,Bansal Rakhi Hub 13,23.71,10
5537,Premium & Jewelry,Sterling Silver,2026,6,nO,Wednesday,North,Local Street Vendor,34.2,Cash,3,Gupta Rakhi Hub 70,452.21,15
5388,Premium & Jewelry,Silk Thread,2026,2,#Yes,Sunday,Central,Local Street Vendor,28.5,Cash,9,Saxena Rakhi Hub 49,96.83,30
5733,Kids & Cartoon,Sandalwood (Chandan),2026,5,No,Wednesday,Central,Supermarket,34.2,Credit Card,8,Nanda Rakhi Hub 279,35.85,27
3499,Kids & Cartoon,Sandalwood (Chandan),2026,5,No,Wednesday,East,Supermarket,33.2,Credit Card,3,Kapoor Rakhi Bazaar,27.98,13
2739,Eco-Friendly,Sandalwood (Chandan),2026,5,No,Thursday,Central,Online,32.6,Cash,2,Aggarwal Rakhi Hub 234,69.14,8
5053,Kids & Cartoon,Silk Thread,2026,5,No,Tuesday,West,Local Street Vendor,36.7,Credit Card,2,Goel Rakhi Hub 228,11.81,10
4001,Eco-Friendly,Sandalwood (Chandan),2026,2,#Yes,Sunday,East,Local Street Vendor,34.9,Cash,7,Malhotra Traditions,59.58,30
1569,Kids & Cartoon,Sandalwood (Chandan),2026,7,No,Friday,East,Supermarket,32.5,Cash,2,Goel Rakhi Hub 221,33.14,8
2428,Kids & Cartoon,Silk Thread,2026,3,Yes,Saturday,,Online,30.0,Credit Card,5,Gupta Rakhi Corner,22.71,23
3747,Premium & Jewelry,Sterling Silver,2026,5,No,Monday,East,Online,29.5,Credit Card,1,Verma Rakhi Hub 92,724.74,6
2151,Kids & Cartoon,Silk Thread,2026,5,nO,Thursday,Central,Local Street Vendor,31.6,UPI,6,Goel Rakhi Bazaar,15.99,21
4798,Kids & Cartoon,Silk Thread,2026,2,#Yes,Saturday,West,Supermarket,,UPI,6,Khanna Rakhi Hub 271,19.02,23
1688,Kids & Cartoon,Silk Thread,2026,2,#Yes,Sunday,West,Supermarket,,UPI,6,Malhotra Festive Mart,19.37,31
852,Premium & Jewelry,Sterling Silver,2026,1,yES,Sunday,,Supermarket,29.6,UPI,27,Bansal Rakhi Point,703.05,64
3547,Kids & Cartoon,Silk Thread,2026,6,Yes,Saturday,West,Local Street Vendor,32.5,Cash,9,Sethi Rakhi Hub 113,68.48,25
4974,Eco-Friendly,Sandalwood (Chandan),2026,2,No,Thursday,East,Supermarket,26.8,Credit Card,11,Chawla Traditions,55.07,52
896,Eco-Friendly,Silk Thread,2026,5,No,Thursday,North,Local Street Vendor,30.5,Cash,3,Kapoor Rakhi Bazaar,27.78,16
4593,Eco-Friendly,Sandalwood (Chandan),2026,4,Yes,Sunday,East,Online,33.4,Credit Card,10,Malhotra Rakhi Store,69.75,26
2456,Kids & Cartoon,Silk Thread,2026,4,No,Wednesday,West,Local Street Vendor,32.4,Credit Card,6,Malhotra Handicrafts,10.65,23
5879,Eco-Friendly,Sterling Silver,2026,1,No,Thursday,,Online,28.5,Credit Card,19,Mehra Emporium,281.58,60
336,Kids & Cartoon,Silk Thread,2026,7,#Yes,Sunday,East,Online,32.6,Cash,3,Sethi Rakhi Hub 11,18.22,12
2840,Premium & Jewelry,Sterling Silver,2026,4,No,Thursday,East,Local Street Vendor,34.6,Credit Card,3,Goel Rakhi Hub 221,466.38,8
3088,Kids & Cartoon,Silk Thread,2026,2,No,Thursday,Central,Supermarket,38.1,UPI,10,Goel Rakhi Hub 208,17.81,38
4612,Kids & Cartoon,Silk Thread,2026,4,No,Wednesday,North,Online,32.7,Cash,3,Rastogi Rakhi Hub 143,18.17,13
1349,Kids & Cartoon,Silk Thread,2026,7,No,Monday,Central,Local Street Vendor,26.9,UPI,2,Sethi Rakhi & Gifts,14.85,6
1016,Premium & Jewelry,Sandalwood (Chandan),2026,4,Yes,Saturday,North,Online,33.1,Cash,3,Aggarwal Rakhi & Gifts,229.43,13
2817,Premium & Jewelry,Sandalwood (Chandan),2026,4,No,Monday,West,Local Street Vendor,34.3,Credit Card,6,Sethi Rakhi Bazaar,138.36,26
1632,Eco-Friendly,Sandalwood (Chandan),2026,3,yES,Sunday,West,Supermarket,33.4,Credit Card,8,Mehra Rakhi Hub 170,49.84,20
2490,Kids & Cartoon,Silk Thread,2026,3,No,Tuesday,Central,Local Street Vendor,33.9,UPI,6,Khanna Rakhi Hub 120,12.93,19
3731,Eco-Friendly,Silk Thread,2026,5,No,Tuesday,Central,Local Street Vendor,28.9,Credit Card,4,Tandon Rakhi Hub 26,21.45,17
3645,Premium & Jewelry,Sandalwood (Chandan),2026,5,No,Wednesday,Central,Supermarket,29.1,Cash,4,Goel Rakhi Hub 277,187.29,16
3252,Kids & Cartoon,Silk Thread,2026,5,yES,Saturday,North,Local Street Vendor,29.1,UPI,5,Verma Rakhi Hub 236,11.54,21
455,Premium & Jewelry,Sterling Silver,2026,6,#Yes,Saturday,North,Supermarket,32.7,Credit Card,3,Aggarwal Rakhi Hub 90,517.3,13
3390,Premium & Jewelry,Sterling Silver,2026,2,No,Friday,,Local Street Vendor,35.4,Credit Card,5,Bansal Rakhi Hub 8,589.25,27
5878,Premium & Jewelry,Sterling Silver,2026,6,No,Monday,East,Local Street Vendor,29.9,Cash,7,Sharma Emporium,540.83,21
5302,Kids & Cartoon,Sandalwood (Chandan),2026,5,No,Monday,West,Local Street Vendor,31.5,Cash,6,Goel Rakhi Hub 116,19.4,19
5882,Premium & Jewelry,Sandalwood (Chandan),2026,4,Yes,Sunday,North,Online,23.4,UPI,40,Malhotra Rakhi Hub 4,230.43,105
2071,Eco-Friendly,Sandalwood (Chandan),2026,6,nO,Thursday,West,Local Street Vendor,30.3,Credit Card,4,Khanna Rakhi Store,54.66,14
4453,Kids & Cartoon,Silk Thread,2026,6,No,Friday,West,Supermarket,33.9,Credit Card,1,Mehra Rakhi Hub 16,13.56,5
5807,Eco-Friendly,Sandalwood (Chandan),2026,7,nO,Wednesday,East,Supermarket,31.7,Credit Card,3,Bhatia Rakhi Hub 254,70.7,12
5409,Premium & Jewelry,Sterling Silver,2026,5,No,Tuesday,East,Supermarket,38.6,Credit Card,3,Chopra Gift House,554.44,18
1636,Kids & Cartoon,Sterling Silver,2026,6,nO,Friday,North,Online,30.8,Credit Card,5,Malhotra Rakhi & Gifts,116.51,14
4647,Eco-Friendly,Sandalwood (Chandan),2026,3,No,Monday,West,Supermarket,31.2,Cash,4,Bansal Rakhi Hub 124,63.09,23
3507,Kids & Cartoon,Silk Thread,2026,6,No,Friday,,Online,31.8,Credit Card,9,Chawla Rakhi Hub 201,20.84,27
2480,Eco-Friendly,Sandalwood (Chandan),2026,1,No,Wednesday,East,Supermarket,33.9,Credit Card,19,Mehra Emporium,62.69,74
3637,Eco-Friendly,Sandalwood (Chandan),2026,7,No,Tuesday,North,Supermarket,41.5,Cash,1,Chopra Rakhi Hub 44,360.16,5
2266,Premium & Jewelry,Sandalwood (Chandan),2026,3,No,Tuesday,North,Online,34.2,Cash,16,Arora Rakhi Hub 117,241.18,52
2960,Eco-Friendly,Sandalwood (Chandan),2026,7,nO,Thursday,East,Supermarket,29.9,UPI,2,Malhotra Rakhi Hub 281,68.05,9
5324,Premium & Jewelry,Sandalwood (Chandan),2026,4,No,Wednesday,West,Local Street Vendor,33.3,Credit Card,12,Bhatia Rakhi Hub 300,186.51,43
3213,Eco-Friendly,Silk Thread,2026,5,Yes,Saturday,North,Online,35.1,UPI,5,Jain Rakhi Hub 253,55.03,26
3060,Premium & Jewelry,Sandalwood (Chandan),2026,5,No,Friday,East,Local Street Vendor,26.6,Credit Card,6,Goel Rakhi Hub 100,145.25,22
5054,Premium & Jewelry,Sterling Silver,2026,7,Yes,Sunday,East,Local Street Vendor,35.0,Credit Card,4,Saxena Rakhi Hub 43,563.92,15
5870,Premium & Jewelry,Sterling Silver,2026,7,No,Monday,West,Online,31.1,UPI,1,Khanna Rakhi Hub 184,616.78,7
2142,Kids & Cartoon,Silk Thread,2026,5,Yes,Sunday,North,Local Street Vendor,29.4,Cash,7,Gupta Rakhi Hub 187,13.17,17
5105,Eco-Friendly,Sandalwood (Chandan),2026,1,No,Wednesday,East,Online,31.4,Cash,6,Aggarwal Rakhi Hub 157,83.06,31
3119,Premium & Jewelry,Sterling Silver,2026,2,No,Friday,East,Supermarket,31.1,Cash,9,Gupta Traditions,634.75,51
5189,Eco-Friendly,Silk Thread,2026,2,No,Monday,Central,Supermarket,35.2,Cash,14,Goel Rakhi Hub 208,34.14,83
3522,Eco-Friendly,Sandalwood (Chandan),2026,4,Yes,Sunday,West,Online,34.6,Cash,7,Mehra Gift House,68.55,28
4046,Premium & Jewelry,Sterling Silver,2026,5,No,Wednesday,East,Online,32.6,UPI,2,Khanna Rakhi Hub 194,802.41,11
3357,Kids & Cartoon,Sandalwood (Chandan),2026,2,#Yes,Saturday,West,Online,35.0,UPI,6,Bansal Rakhi Point,39.33,24
2745,Kids & Cartoon,Silk Thread,2026,5,No,Thursday,North,Supermarket,30.3,Cash,3,Goel Handicrafts,17.07,11
3702,Premium & Jewelry,Sterling Silver,2026,4,No,Friday,North,Local Street Vendor,36.2,Cash,11,Sharma Rakhi Hub 122,363.29,62
5093,Kids & Cartoon,Silk Thread,2026,6,nO,Tuesday,West,Online,32.4,Cash,3,Saxena Rakhi Hub 111,17.44,11
3507,Kids & Cartoon,Silk Thread,2026,6,No,Friday,,Online,31.8,Credit Card,9,Chawla Rakhi Hub 201,20.84,27
1680,Kids & Cartoon,Sandalwood (Chandan),2026,7,No,Monday,West,Supermarket,34.3,UPI,1,Malhotra Rakhi Point,28.42,4
4250,Eco-Friendly,Sandalwood (Chandan),2026,5,#Yes,Saturday,West,Local Street Vendor,28.0,UPI,5,Chawla Rakhi Bazaar,46.68,19
3148,Eco-Friendly,Sandalwood (Chandan),2026,5,No,Thursday,East,Local Street Vendor,31.7,Cash,6,Bhatia Rakhi Point,48.91,27
2295,Premium & Jewelry,Sterling Silver,2026,2,Yes,Sunday,East,Online,30.9,Credit Card,10,Chopra Rakhi Hub 127,889.74,26
2929,Kids & Cartoon,Silk Thread,2026,3,No,Wednesday,East,Supermarket,32.6,UPI,8,Malhotra Rakhi Corner,18.13,38
5871,Kids & Cartoon,Silk Thread,2026,4,Yes,Sunday,Central,Supermarket,30.9,Credit Card,3,Gupta Rakhi Hub 68,19.57,12
581,Kids & Cartoon,Silk Thread,2026,3,Yes,Sunday,West,Supermarket,,Credit Card,6,Bansal Rakhi Hub 58,22.61,19
1471,Eco-Friendly,Silk Thread,2026,7,No,Thursday,West,Online,33.3,Credit Card,1,Sethi Rakhi Hub 175,39.91,8
4800,Eco-Friendly,Sandalwood (Chandan),2026,5,Yes,Saturday,East,Supermarket,30.9,UPI,8,Kapoor Rakhi & Gifts,59.4,21
4071,Kids & Cartoon,Silk Thread,2026,5,nO,Monday,North,Local Street Vendor,29.9,Credit Card,4,Khanna Festive Mart,10.22,11
5309,Premium & Jewelry,Sterling Silver,2026,7,nO,Friday,West,Local Street Vendor,33.5,Cash,2,Arora Rakhi Hub 115,447.45,8
3344,Premium & Jewelry,Sterling Silver,2026,7,No,Wednesday,East,Local Street Vendor,28.1,Credit Card,4,Khanna Rakhi Hub 45,428.33,13
4993,Eco-Friendly,Sandalwood (Chandan),2026,2,No,Tuesday,West,Online,34.5,UPI,3,Goel Rakhi Hub 181,52.25,13
4584,Eco-Friendly,Sandalwood (Chandan),2026,3,Yes,Sunday,North,Online,28.6,UPI,5,Chopra Rakhi Hub 233,67.44,26
3673,Premium & Jewelry,Sandalwood (Chandan),2026,7,Yes,Saturday,Central,Supermarket,31.1,Credit Card,4,Mehra Rakhi Hub 110,1086.36,12
560,Kids & Cartoon,Silk Thread,2026,5,No,Monday,East,Supermarket,32.3,Cash,6,Sethi Traditions,13.39,26
5238,Premium & Jewelry,Silk Thread,2026,3,nO,Monday,West,Supermarket,,Cash,3,Rastogi Rakhi Corner,116.56,18
5216,Kids & Cartoon,Silk Thread,2026,4,No,Monday,Central,Local Street Vendor,34.3,Credit Card,3,Goel Rakhi Hub 277,12.64,15
2850,Kids & Cartoon,Sandalwood (Chandan),2026,4,No,Tuesday,Central,Local Street Vendor,29.4,Cash,4,Chopra Rakhi Hub 166,19.01,18
513,Premium & Jewelry,Sterling Silver,2026,6,nO,Thursday,Central,Local Street Vendor,32.9,Cash,2,Mehra Gift House,570.75,10
4730,Kids & Cartoon,Silk Thread,2026,2,No,Monday,,Supermarket,33.9,Cash,6,Jain Rakhi Hub 202,15.06,27
1082,Eco-Friendly,Sandalwood (Chandan),2026,3,No,Tuesday,North,Supermarket,31.6,Cash,15,Tandon Rakhi Hub 47,70.59,51
1665,Eco-Friendly,Silk Thread,2026,1,No,Tuesday,Central,Supermarket,32.0,Credit Card,9,Goel Traditions,41.32,38
1013,Kids & Cartoon,Sterling Silver,2026,5,No,Tuesday,Central,Local Street Vendor,34.7,UPI,3,Arora Traditions,56.95,16
1932,Kids & Cartoon,Silk Thread,2026,6,yES,Sunday,Central,Local Street Vendor,35.3,Cash,3,Tandon Rakhi Hub 53,13.21,9
1151,Premium & Jewelry,Sterling Silver,2026,4,yES,Sunday,East,Local Street Vendor,32.3,Cash,13,Gupta Rakhi Hub 297,381.37,36
2839,Kids & Cartoon,Silk Thread,2026,2,nO,Tuesday,East,Online,34.0,UPI,5,Bansal Rakhi Hub 161,18.98,23
5950,Kids & Cartoon,Silk Thread,2026,1,Yes,Saturday,North,Online,38.6,UPI,5,Saxena Rakhi Hub 43,18.4,25
117,Eco-Friendly,Sandalwood (Chandan),2026,7,Yes,Saturday,West,Local Street Vendor,27.6,UPI,3,Nanda Rakhi Hub 32,40.22,8
741,Premium & Jewelry,Sterling Silver,2026,2,No,Monday,Central,Supermarket,35.0,Cash,15,Khanna Handicrafts,734.61,44
1712,Kids & Cartoon,Silk Thread,2026,5,No,Wednesday,East,Local Street Vendor,33.1,Credit Card,5,Sethi Festive Mart,14.3,22
2614,Eco-Friendly,Silk Thread,2026,7,No,Thursday,West,Online,35.3,Credit Card,3,Goel Rakhi Hub 221,36.59,14
5178,Premium & Jewelry,Silk Thread,2026,5,No,Wednesday,Central,Supermarket,34.7,Cash,19,Goel Rakhi Hub 86,141.46,59
3676,Eco-Friendly,Silk Thread,2026,3,Yes,Saturday,West,Local Street Vendor,34.4,UPI,6,Bhatia Rakhi Hub 182,30.05,21
5907,Kids & Cartoon,Silk Thread,2026,1,No,Thursday,Central,Supermarket,,Cash,4,Verma Rakhi Store,16.59,17
831,Kids & Cartoon,Silk Thread,2026,7,nO,Wednesday,East,Online,33.3,Cash,1,Khanna Rakhi Hub 271,16.51,6
120,Kids & Cartoon,Sterling Silver,2026,4,No,Monday,West,Supermarket,31.3,Cash,4,Gupta Rakhi Point,111.87,14
4753,Kids & Cartoon,Silk Thread,2026,6,Yes,Sunday,North,Local Street Vendor,30.6,Credit Card,3,Bansal Rakhi Hub 198,11.65,8
5873,Premium & Jewelry,Sterling Silver,2026,1,nO,Thursday,North,Local Street Vendor,29.0,Credit Card,6,Bansal Rakhi Hub 288,568.13,21
1263,Kids & Cartoon,Silk Thread,2026,5,No,Tuesday,Central,Local Street Vendor,27.7,Cash,5,Goel Rakhi Hub 100,14.7,17
4338,Premium & Jewelry,Sandalwood (Chandan),2026,4,No,Tuesday,East,Supermarket,31.9,Cash,6,Sethi Rakhi Hub 10,219.03,20
636,Premium & Jewelry,Sterling Silver,2026,4,nO,Tuesday,West,Online,32.7,UPI,5,Malhotra Handicrafts,736.6,27
4466,Premium & Jewelry,Sandalwood (Chandan),2026,6,nO,Thursday,West,Local Street Vendor,35.0,UPI,2,Rastogi Handicrafts,136.5,7
4365,Eco-Friendly,Silk Thread,2026,3,Yes,Sunday,West,Supermarket,35.8,Cash,5,Chopra Traditions,33.3,13
4147,Premium & Jewelry,Sterling Silver,2026,1,nO,Wednesday,East,Local Street Vendor,26.5,UPI,3,Sethi Handicrafts,487.01,17
2899,Kids & Cartoon,Silk Thread,2026,3,No,Thursday,East,Supermarket,33.6,Credit Card,7,Nanda Rakhi Point,17.13,20
1762,Premium & Jewelry,Sandalwood (Chandan),2026,1,No,Monday,North,Online,30.3,Credit Card,7,Aggarwal Traditions,234.91,24
847,Kids & Cartoon,Silk Thread,2026,1,Yes,Sunday,Central,Online,29.3,Cash,7,Nanda Rakhi Hub 195,17.21,23
4143,Premium & Jewelry,Sterling Silver,2026,1,yES,Sunday,North,Local Street Vendor,31.7,UPI,8,Gupta Gift House,653.24,27
1829,Eco-Friendly,Sandalwood (Chandan),2026,5,No,Friday,West,Supermarket,32.1,Cash,4,Kapoor Emporium,69.68,27
992,Eco-Friendly,Silk Thread,2026,7,No,Monday,West,Local Street Vendor,,UPI,3,Chawla Rakhi Hub 230,31.37,9
877,Kids & Cartoon,Sterling Silver,2026,6,No,Thursday,North,Supermarket,32.1,Cash,13,Goel Rakhi Hub 244,88.25,37
4870,Kids & Cartoon,Sandalwood (Chandan),2026,1,No,Thursday,,Local Street Vendor,27.3,Cash,7,Nanda Rakhi Hub 96,26.83,23
5316,Kids & Cartoon,Silk Thread,2026,3,No,Monday,Central,Local Street Vendor,34.4,UPI,7,Verma Festive Mart,12.38,39
5223,Premium & Jewelry,Sterling Silver,2026,3,No,Wednesday,East,Local Street Vendor,31.0,Cash,3,Saxena Rakhi Hub 193,582.79,13
5,Premium & Jewelry,Sterling Silver,2026,7,No,Tuesday,North,Online,34.1,Cash,5,Aggarwal Rakhi Hub 212,937.11,17
3052,Premium & Jewelry,Sterling Silver,2026,1,#Yes,Saturday,Central,Local Street Vendor,31.5,UPI,6,Bhatia Rakhi Hub 300,482.2,17
5692,Premium & Jewelry,Silk Thread,2026,2,Yes,Sunday,North,Local Street Vendor,29.9,UPI,8,Rastogi Festive Mart,114.41,21
3125,Premium & Jewelry,Sandalwood (Chandan),2026,2,nO,Friday,West,Local Street Vendor,33.3,Credit Card,15,Mehra Rakhi & Gifts,172.95,66
4116,Premium & Jewelry,Sterling Silver,2026,3,Yes,Saturday,North,Supermarket,24.8,UPI,5,Kapoor Rakhi Bazaar,445.38,11
5755,Premium & Jewelry,Sterling Silver,2026,5,No,Friday,East,Supermarket,36.2,Cash,12,Malhotra Rakhi Bazaar,613.16,46
2661,Eco-Friendly,Silk Thread,2026,5,No,Monday,West,Local Street Vendor,33.2,Credit Card,3,Goel Rakhi Hub 244,27.08,14
2492,Kids & Cartoon,Sandalwood (Chandan),2026,7,No,Thursday,North,Supermarket,32.7,Cash,4,Chawla Rakhi Hub 265,43.95,17
2372,Kids & Cartoon,Silk Thread,2026,2,No,Thursday,Central,Supermarket,31.3,Cash,5,Goel Rakhi Hub 107,14.92,21
5174,Premium & Jewelry,Sandalwood (Chandan),2026,6,No,Wednesday,North,Online,31.9,Cash,1,Kapoor Rakhi & Gifts,220.08,5
3855,Kids & Cartoon,Silk Thread,2026,4,No,Monday,Central,Local Street Vendor,36.3,Credit Card,21,Khanna Rakhi Hub 184,12.53,66
4934,Premium & Jewelry,Sterling Silver,2026,1,Yes,Sunday,East,Supermarket,23.8,Credit Card,10,Sethi Rakhi Hub 286,586.49,29
4778,Premium & Jewelry,Sterling Silver,2026,3,Yes,Saturday,North,Supermarket,30.4,Cash,7,Khanna Rakhi Bazaar,758.47,16
1716,Eco-Friendly,Sterling Silver,2026,1,Yes,Saturday,West,Local Street Vendor,18.1,UPI,9,Rastogi Rakhi Hub 71,112.94,26
1683,Eco-Friendly,Sandalwood (Chandan),2026,1,No,Wednesday,Central,Supermarket,29.8,Cash,8,Goel Rakhi Hub 239,80.41,40
3513,Eco-Friendly,Silk Thread,2026,7,nO,Monday,Central,Local Street Vendor,33.9,Cash,3,Aggarwal Rakhi Hub 144,24.8,11
117,Eco-Friendly,Sandalwood (Chandan),2026,7,Yes,Saturday,West,Local Street Vendor,27.6,UPI,3,Nanda Rakhi Hub 32,40.22,8
4200,Premium & Jewelry,Sandalwood (Chandan),2026,4,No,Tuesday,Central,Supermarket,35.0,UPI,6,Bansal Rakhi Hub 124,222.91,29
1149,Kids & Cartoon,Silk Thread,2026,6,Yes,Saturday,West,Supermarket,28.2,Credit Card,4,Chawla Rakhi Hub 250,19.38,10
3262,Kids & Cartoon,Silk Thread,2026,2,No,Friday,East,Supermarket,35.2,Credit Card,7,Gupta Rakhi Hub 165,15.15,34
575,Eco-Friendly,Sandalwood (Chandan),2026,2,No,Wednesday,West,Local Street Vendor,30.0,Cash,6,Mehra Rakhi Hub 148,60.61,19
3770,Kids & Cartoon,Silk Thread,2026,4,No,Thursday,Central,Local Street Vendor,33.3,Cash,3,Jain Rakhi Bazaar,11.16,8
3737,Premium & Jewelry,Sterling Silver,2026,5,yES,Sunday,East,Supermarket,18.3,UPI,7,Sharma Festive Mart,791.17,29
4147,Premium & Jewelry,Sterling Silver,2026,1,nO,Wednesday,East,Local Street Vendor,26.5,UPI,3,Sethi Handicrafts,487.01,17
854,Eco-Friendly,Sandalwood (Chandan),2026,5,No,Wednesday,East,Supermarket,27.3,Cash,4,Chawla Handicrafts,55.32,17
1983,Eco-Friendly,Sandalwood (Chandan),2026,5,yES,Saturday,Central,Online,29.6,UPI,10,Malhotra Handicrafts,76.15,32
2775,Eco-Friendly,Sandalwood (Chandan),2026,7,No,Tuesday,North,Local Street Vendor,28.9,Cash,3,Rastogi Rakhi Hub 189,36.28,13
5920,Premium & Jewelry,Sterling Silver,2026,2,No,Monday,Central,Supermarket,35.5,UPI,5,Khanna Festive Mart,634.55,21
4930,Premium & Jewelry,Sterling Silver,2026,6,nO,Tuesday,North,Local Street Vendor,34.0,Credit Card,2,Mehra Rakhi Point,433.68,7
5212,Premium & Jewelry,Silk Thread,2026,6,nO,Wednesday,West,Online,31.8,UPI,3,Saxena Rakhi Hub 255,138.83,11
1167,Eco-Friendly,Sandalwood (Chandan),2026,3,No,Monday,East,Online,26.7,UPI,8,Khanna Rakhi Point,58.35,28
4492,Eco-Friendly,Sandalwood (Chandan),2026,5,nO,Monday,East,Local Street Vendor,28.7,UPI,4,Chopra Gift House,64.0,11
5227,Premium & Jewelry,Sterling Silver,2026,7,No,Monday,North,Online,35.9,Cash,2,Kapoor Rakhi Hub 109,797.19,8
972,Premium & Jewelry,Sterling Silver,2026,5,No,Friday,Central,Local Street Vendor,33.6,Credit Card,3,Mehra Rakhi Bazaar,674.72,17
2702,Kids & Cartoon,Silk Thread,2026,6,No,Wednesday,Central,Supermarket,33.3,Credit Card,4,Sethi Rakhi Hub 113,14.73,15
4496,Kids & Cartoon,Silk Thread,2026,3,No,Friday,,Online,28.7,Credit Card,4,Kapoor Rakhi Hub 31,20.9,22
1681,Eco-Friendly,Sandalwood (Chandan),2026,7,Yes,Sunday,West,Online,30.9,UPI,19,Aggarwal Rakhi Hub 263,102.43,46
3848,Eco-Friendly,Sandalwood (Chandan),2026,7,No,Monday,North,Online,31.7,Credit Card,2,Gupta Rakhi Hub 299,62.48,10
2369,Kids & Cartoon,Silk Thread,2026,1,No,Tuesday,Central,Supermarket,28.9,Cash,8,Kapoor Rakhi Hub 287,15.24,42
4116,Premium & Jewelry,Sterling Silver,2026,3,Yes,Saturday,North,Supermarket,24.8,UPI,5,Kapoor Rakhi Bazaar,445.38,11
4781,Kids & Cartoon,Silk Thread,2026,5,nO,Friday,West,Supermarket,34.0,Credit Card,2,Saxena Rakhi Hub 227,15.07,13
4132,Kids & Cartoon,Silk Thread,2026,5,No,Friday,East,Local Street Vendor,35.6,Cash,4,Arora Rakhi Hub 140,10.33,13
2951,Premium & Jewelry,Sterling Silver,2026,3,No,Thursday,Central,Local Street Vendor,36.3,Credit Card,5,Sethi Rakhi Hub 242,510.54,31
5626,Kids & Cartoon,Silk Thread,2026,7,Yes,Sunday,West,Local Street Vendor,30.8,Credit Card,2,Arora Rakhi Store,42.66,4
3813,Kids & Cartoon,Silk Thread,2026,7,No,Thursday,North,Local Street Vendor,30.2,UPI,2,Chopra Rakhi Hub 156,12.74,7
525,Premium & Jewelry,Sterling Silver,2026,5,nO,Monday,North,Online,34.4,Cash,2,Sharma Rakhi Hub 56,843.34,11
2456,Kids & Cartoon,Silk Thread,2026,4,No,Wednesday,West,Local Street Vendor,32.4,Credit Card,6,Malhotra Handicrafts,10.65,23
5017,Kids & Cartoon,Silk Thread,2026,5,No,Monday,East,Online,35.5,Cash,9,Nanda Rakhi Hub 79,21.55,36
1842,Kids & Cartoon,Silk Thread,2026,4,No,Monday,Central,Supermarket,30.8,Credit Card,3,Arora Rakhi Hub 235,18.04,8
5987,Premium & Jewelry,Sterling Silver,2026,4,nO,Tuesday,West,Local Street Vendor,35.3,UPI,9,Arora Rakhi Hub 46,512.71,30
538,Premium & Jewelry,Sterling Silver,2026,1,Yes,Sunday,West,Local Street Vendor,42.2,Credit Card,13,Malhotra Rakhi Hub 64,476.87,38
2807,Kids & Cartoon,Sterling Silver,2026,1,yES,Saturday,,Local Street Vendor,29.3,Credit Card,11,Sethi Rakhi Hub 276,63.71,38
5802,Kids & Cartoon,Silk Thread,2026,6,No,Thursday,West,Local Street Vendor,30.9,Credit Card,7,Aggarwal Rakhi & Gifts,11.04,24
5597,Eco-Friendly,Sandalwood (Chandan),2026,2,No,Friday,Central,Supermarket,33.1,Credit Card,7,Saxena Rakhi Corner,64.71,45
4022,Premium & Jewelry,Sterling Silver,2026,7,No,Friday,North,Online,30.5,Credit Card,3,Rastogi Rakhi Hub 50,871.84,9
4567,Eco-Friendly,Silk Thread,2026,2,No,Monday,North,Supermarket,32.0,Credit Card,3,Goel Rakhi Hub 244,40.69,12
4342,Premium & Jewelry,Sandalwood (Chandan),2026,6,No,Thursday,East,Supermarket,37.8,UPI,2,Jain Rakhi Hub 37,136.84,10
3176,Premium & Jewelry,Sandalwood (Chandan),2026,6,Yes,Saturday,West,Online,27.1,UPI,11,Nanda Rakhi Hub 79,265.0,28
785,Eco-Friendly,Sandalwood (Chandan),2026,3,No,Monday,Central,Supermarket,29.4,UPI,6,Sethi Rakhi Hub 10,63.67,23
4058,Eco-Friendly,Sandalwood (Chandan),2026,6,yES,Saturday,West,Local Street Vendor,35.6,Cash,2,Mehra Rakhi Hub 25,45.98,6
1410,Eco-Friendly,Silk Thread,2026,3,No,Monday,,Local Street Vendor,28.4,Cash,3,Mehra Rakhi Hub 128,25.04,16
2538,Kids & Cartoon,Sandalwood (Chandan),2026,3,Yes,Saturday,West,Online,35.4,Credit Card,7,Goel Rakhi Hub 15,37.27,26
155,Premium & Jewelry,Sterling Silver,2026,2,No,Tuesday,East,Supermarket,34.9,Cash,3,Gupta Rakhi Corner,798.9,18
3010,Eco-Friendly,Sterling Silver,2026,1,yES,Sunday,West,Local Street Vendor,30.1,Credit Card,58,Chopra Rakhi Hub 166,183.38,209
1687,Kids & Cartoon,Silk Thread,2026,6,No,Friday,East,Local Street Vendor,31.3,UPI,2,Chawla Rakhi Corner,15.35,9
2902,Eco-Friendly,Sandalwood (Chandan),2026,3,No,Tuesday,West,Online,31.2,Cash,5,Jain Rakhi Corner,64.84,16
4239,Kids & Cartoon,Silk Thread,2026,3,No,Friday,North,Supermarket,29.6,Credit Card,5,Sethi Rakhi Hub 174,18.91,31
939,Eco-Friendly,Silk Thread,2026,6,No,Thursday,East,Local Street Vendor,31.0,Credit Card,5,Verma Gift House,25.02,16
4722,Kids & Cartoon,Silk Thread,2026,2,No,Thursday,West,Supermarket,30.1,Cash,7,Chopra Handicrafts,17.01,37
3864,Kids & Cartoon,Sandalwood (Chandan),2026,4,No,Friday,East,Online,33.7,Cash,10,Bansal Rakhi Hub 8,32.16,32
2734,Kids & Cartoon,Silk Thread,2026,3,Yes,Sunday,North,Local Street Vendor,35.4,Cash,6,Saxena Rakhi Hub 138,15.67,19
1896,Premium & Jewelry,Sterling Silver,2026,4,No,Monday,East,Supermarket,33.6,Cash,7,Mehra Emporium,703.69,38
5443,Eco-Friendly,Silk Thread,2026,7,No,Wednesday,West,Local Street Vendor,33.2,Cash,1,Nanda Rakhi Hub 21,25.31,5
570,Kids & Cartoon,Silk Thread,2026,5,#Yes,Sunday,East,Supermarket,29.7,Cash,6,Kapoor Rakhi Hub 118,17.94,25
5796,Kids & Cartoon,Silk Thread,2026,1,No,Friday,East,Supermarket,31.1,Cash,9,Sharma Traditions,20.8,42
5855,Premium & Jewelry,Sterling Silver,2026,6,No,Thursday,North,Supermarket,37.2,Cash,3,Chawla Rakhi Hub 155,594.06,18
1817,Eco-Friendly,Sandalwood (Chandan),2026,2,No,Tuesday,East,Local Street Vendor,33.8,Credit Card,3,Mehra Rakhi Hub 285,70.02,21
2066,Eco-Friendly,Silk Thread,2026,1,Yes,Saturday,Central,Local Street Vendor,30.9,Cash,7,Sharma Traditions,23.76,24
128,Premium & Jewelry,Sterling Silver,2026,6,Yes,Sunday,West,Local Street Vendor,33.8,Cash,7,Chopra Rakhi Hub 216,531.83,17
3395,Eco-Friendly,Sandalwood (Chandan),2026,5,No,Wednesday,Central,Online,38.7,Cash,2,Khanna Rakhi Hub 132,88.14,14
3328,Eco-Friendly,Silk Thread,2026,3,No,Thursday,East,Local Street Vendor,33.1,Cash,3,Rastogi Rakhi Corner,21.51,17
3805,Premium & Jewelry,Sterling Silver,2026,4,No,Tuesday,Central,Supermarket,32.5,Cash,3,Tandon Rakhi Hub 147,701.27,18
2696,Premium & Jewelry,Sterling Silver,2026,6,No,Thursday,Central,Local Street Vendor,31.3,Cash,4,Chopra Rakhi Hub 57,514.69,16
2976,Eco-Friendly,Silk Thread,2026,2,No,Friday,North,Online,37.5,Credit Card,29,Aggarwal Festive Mart,44.18,85
981,Eco-Friendly,Sandalwood (Chandan),2026,4,Yes,Saturday,North,Supermarket,29.9,UPI,7,Sharma Rakhi Hub 259,69.36,31
2301,Eco-Friendly,Sandalwood (Chandan),2026,2,Yes,Sunday,East,Supermarket,33.9,UPI,11,Khanna Rakhi Point,71.14,29
191,Eco-Friendly,Sandalwood (Chandan),2026,2,#Yes,Saturday,Central,Supermarket,35.0,Cash,2,Bansal Traditions,75.02,8
1140,Kids & Cartoon,Silk Thread,2026,4,nO,Thursday,North,Supermarket,36.0,Credit Card,4,Tandon Rakhi Corner,21.14,13
5089,Eco-Friendly,Sandalwood (Chandan),2026,2,No,Monday,East,Supermarket,35.0,Credit Card,11,Bhatia Rakhi Hub 2,60.79,48
700,Premium & Jewelry,Sterling Silver,2026,2,Yes,Saturday,West,Local Street Vendor,30.1,Credit Card,4,Tandon Rakhi Hub 26,450.86,11
1597,Premium & Jewelry,Sterling Silver,2026,4,Yes,Saturday,North,Supermarket,33.5,Credit Card,11,Sethi Rakhi Bazaar,608.67,38
607,Eco-Friendly,Sandalwood (Chandan),2026,5,Yes,Saturday,West,Local Street Vendor,28.7,Cash,4,Mehra Rakhi Point,57.11,11
4277,Kids & Cartoon,Silk Thread,2026,1,yES,Saturday,West,Online,30.8,UPI,6,Goel Rakhi Corner,16.24,22
302,Premium & Jewelry,Sterling Silver,2026,1,Yes,Saturday,Central,Online,42.4,Cash,135,Tandon Traditions,773.59,383
1192,Kids & Cartoon,Silk Thread,2026,6,Yes,Sunday,North,Online,30.2,Cash,10,Aggarwal Festive Mart,28.73,25
3421,Eco-Friendly,Silk Thread,2026,6,No,Wednesday,North,Supermarket,33.5,Credit Card,1,Rastogi Rakhi Hub 50,31.06,7
1286,Eco-Friendly,Sandalwood (Chandan),2026,3,No,Tuesday,North,Local Street Vendor,30.4,Cash,3,Tandon Rakhi Hub 60,56.49,12
1061,Eco-Friendly,Silk Thread,2026,7,No,Wednesday,West,Online,30.4,UPI,4,Kapoor Rakhi & Gifts,50.58,14
4580,Premium & Jewelry,Sterling Silver,2026,3,#Yes,Saturday,West,Supermarket,28.6,UPI,7,Nanda Rakhi Hub 21,608.65,27
1608,Premium & Jewelry,Sterling Silver,2026,2,#Yes,Saturday,North,Online,26.4,Cash,7,Saxena Rakhi Hub 192,1022.25,24
2566,Kids & Cartoon,Silk Thread,2026,7,nO,Wednesday,Central,Online,23.8,Credit Card,6,Jain Rakhi Hub 202,15.69,22
4131,Eco-Friendly,Sandalwood (Chandan),2026,3,No,Tuesday,Central,Supermarket,33.3,Credit Card,3,Bansal Rakhi Hub 237,59.1,16
1070,Kids & Cartoon,Silk Thread,2026,3,Yes,Saturday,East,Local Street Vendor,33.4,Credit Card,7,Sethi Gift House,15.98,24
2525,Eco-Friendly,Silk Thread,2026,7,No,Tuesday,East,Online,30.2,Cash,14,Sethi Rakhi Hub 76,41.83,75
2206,Kids & Cartoon,Silk Thread,2026,3,No,Thursday,East,Supermarket,28.5,Cash,3,Goel Rakhi Hub 239,19.51,15
1244,Premium & Jewelry,Sandalwood (Chandan),2026,6,Yes,Sunday,East,Local Street Vendor,34.9,Cash,3,Saxena Rakhi Hub 23,133.36,10
3595,Premium & Jewelry,Sterling Silver,2026,6,yES,Sunday,North,Local Street Vendor,35.2,Cash,3,Goel Rakhi Hub 239,427.68,11
17,Kids & Cartoon,Silk Thread,2026,1,nO,Friday,West,Online,28.9,UPI,20,Jain Rakhi Hub 159,18.04,81
3121,Premium & Jewelry,Sterling Silver,2026,1,nO,Thursday,West,Supermarket,30.6,UPI,12,Goel Emporium,563.68,55
4791,Kids & Cartoon,Sandalwood (Chandan),2026,7,yES,Sunday,East,Supermarket,27.4,UPI,2,Mehra Rakhi Hub 246,32.38,5
4643,Kids & Cartoon,Silk Thread,2026,7,Yes,Sunday,East,Supermarket,29.6,Cash,4,Nanda Emporium,19.96,14
4755,Eco-Friendly,Sandalwood (Chandan),2026,2,No,Friday,West,Supermarket,34.4,Cash,4,Sethi Rakhi Hub 19,74.06,24
816,Eco-Friendly,Silk Thread,2026,2,No,Monday,East,Online,31.1,Cash,4,Gupta Rakhi Bazaar,27.53,17
3068,Premium & Jewelry,Sterling Silver,2026,7,nO,Wednesday,East,Local Street Vendor,31.0,Credit Card,1,Mehra Rakhi Hub 273,447.32,4
4256,Premium & Jewelry,Sterling Silver,2026,5,Yes,Saturday,Central,Supermarket,37.0,UPI,14,Saxena Rakhi Hub 17,654.62,33
5601,Kids & Cartoon,Silk Thread,2026,3,No,Tuesday,West,Supermarket,35.0,UPI,4,Aggarwal Rakhi Store,19.33,20
960,Kids & Cartoon,Sandalwood (Chandan),2026,4,yES,Sunday,West,Supermarket,29.0,Cash,2,Saxena Festive Mart,29.89,10
4655,Kids & Cartoon,Silk Thread,2026,3,nO,Friday,North,Local Street Vendor,,UPI,4,Jain Rakhi Hub 289,11.86,15
4778,Premium & Jewelry,Sterling Silver,2026,3,Yes,Saturday,North,Supermarket,30.4,Cash,7,Khanna Rakhi Bazaar,758.47,16
4894,Premium & Jewelry,Sterling Silver,2026,5,No,Wednesday,East,Online,29.7,Cash,4,Jain Rakhi Hub 150,663.74,14
3921,Premium & Jewelry,Sterling Silver,2026,3,No,Monday,West,Online,27.5,Cash,9,Rastogi Rakhi Hub 42,692.89,31
226,Eco-Friendly,Silk Thread,2026,6,Yes,Sunday,North,Local Street Vendor,31.0,Cash,2,Khanna Rakhi Store,33.36,10
5593,Kids & Cartoon,Sandalwood (Chandan),2026,6,No,Wednesday,North,Supermarket,32.6,Cash,6,Sethi Rakhi Hub 276,27.13,21
3355,Kids & Cartoon,Silk Thread,2026,5,#Yes,Sunday,East,Online,31.0,UPI,8,Chawla Traditions,18.82,18
5896,Eco-Friendly,Silk Thread,2026,4,No,Tuesday,Central,Supermarket,29.9,Cash,2,Chopra Traditions,41.08,11
2486,Kids & Cartoon,Silk Thread,2026,7,Yes,Saturday,North,Supermarket,28.6,UPI,3,Chawla Rakhi Hub 94,21.78,8
563,Eco-Friendly,Silk Thread,2026,7,No,Thursday,East,Online,33.9,Cash,2,Sethi Rakhi Hub 19,36.6,13
3437,Kids & Cartoon,Silk Thread,2026,2,Yes,Saturday,West,Local Street Vendor,38.9,UPI,6,Bansal Rakhi & Gifts,15.33,20
128,Premium & Jewelry,Sterling Silver,2026,6,Yes,Sunday,West,Local Street Vendor,33.8,Cash,7,Chopra Rakhi Hub 216,531.83,17
710,Kids & Cartoon,Silk Thread,2026,2,yES,Sunday,Central,Local Street Vendor,34.1,Cash,11,Saxena Festive Mart,14.27,35
1694,Eco-Friendly,Silk Thread,2026,3,Yes,Saturday,Central,Local Street Vendor,32.2,Cash,4,Saxena Rakhi Hub 213,25.36,18
1969,Kids & Cartoon,Silk Thread,2026,7,Yes,Sunday,,Local Street Vendor,30.9,Cash,1,Chopra Rakhi Hub 156,12.12,4
1046,Kids & Cartoon,Sandalwood (Chandan),2026,7,No,Friday,East,Local Street Vendor,,Cash,3,Chopra Rakhi Hub 44,27.2,8
3447,Kids & Cartoon,Silk Thread,2026,5,No,Thursday,East,Local Street Vendor,31.2,Cash,5,Rastogi Rakhi Hub 251,13.36,19
4566,Kids & Cartoon,Silk Thread,2026,6,nO,Thursday,North,Local Street Vendor,32.5,Credit Card,2,Rastogi Gift House,13.63,8
955,Eco-Friendly,Sandalwood (Chandan),2026,2,No,Thursday,Central,Online,32.5,UPI,7,Jain Rakhi Hub 202,80.5,28
1928,Eco-Friendly,Sandalwood (Chandan),2026,6,yES,Sunday,West,Local Street Vendor,31.0,UPI,3,Jain Rakhi Hub 223,40.76,18
2736,Kids & Cartoon,Silk Thread,2026,3,No,Tuesday,,Local Street Vendor,32.3,Cash,6,Bhatia Rakhi Hub 204,16.98,37
591,Eco-Friendly,Silk Thread,2026,3,No,Monday,North,Online,36.8,Credit Card,6,Khanna Rakhi Hub 45,50.34,22
4736,Eco-Friendly,Sandalwood (Chandan),2026,7,No,Friday,Central,Local Street Vendor,35.2,Credit Card,3,Nanda Rakhi & Gifts,47.89,9
3240,Kids & Cartoon,Sandalwood (Chandan),2026,5,Yes,Saturday,East,Local Street Vendor,29.3,Cash,6,Nanda Rakhi Point,26.03,23
1219,Kids & Cartoon,Silk Thread,2026,2,No,Monday,North,Supermarket,32.6,UPI,4,Chawla Rakhi Bazaar,19.27,15
5255,Eco-Friendly,Sandalwood (Chandan),2026,6,yES,Sunday,West,Local Street Vendor,33.3,Cash,7,Sethi Rakhi Hub 286,50.92,23
5512,Kids & Cartoon,Sandalwood (Chandan),2026,6,Yes,Sunday,East,Supermarket,33.0,Cash,5,Sethi Rakhi Hub 113,28.41,22
11,Kids & Cartoon,Silk Thread,2026,3,Yes,Saturday,West,Local Street Vendor,30.8,Cash,14,Goel Rakhi Hub 107,12.18,58
1528,Kids & Cartoon,Silk Thread,2026,6,Yes,Sunday,North,Supermarket,31.4,Cash,4,Khanna Rakhi Hub 45,15.27,13
3988,Kids & Cartoon,Silk Thread,2026,3,yES,Saturday,Central,Supermarket,32.7,Credit Card,3,Gupta Rakhi Hub 27,15.11,11
5208,Eco-Friendly,Sandalwood (Chandan),2026,7,No,Wednesday,East,Supermarket,34.5,Cash,2,Rastogi Rakhi Hub 298,76.78,12
1301,Premium & Jewelry,Sterling Silver,2026,2,yES,Saturday,East,Online,45.1,UPI,4,Bhatia Gift House,686.49,26
4666,Kids & Cartoon,Silk Thread,2026,1,Yes,Saturday,Central,Local Street Vendor,30.5,Credit Card,18,Jain Rakhi & Gifts,10.88,17
1977,Kids & Cartoon,Silk Thread,2026,2,Yes,Sunday,East,Local Street Vendor,30.6,Credit Card,7,Nanda Rakhi Hub 225,10.89,33
5700,Premium & Jewelry,Sandalwood (Chandan),2026,1,No,Thursday,West,Supermarket,31.6,Cash,5,Gupta Rakhi Hub 152,254.57,19
161,Premium & Jewelry,Sterling Silver,2026,4,Yes,Sunday,Central,Online,36.0,Cash,7,Arora Rakhi & Gifts,668.07,17
4068,Kids & Cartoon,Sandalwood (Chandan),2026,4,nO,Wednesday,Central,Supermarket,34.0,Cash,4,Chawla Rakhi Hub 245,29.68,19
5801,Kids & Cartoon,Silk Thread,2026,5,#Yes,Sunday,East,Supermarket,27.9,Cash,4,Malhotra Rakhi Bazaar,19.77,14
957,Eco-Friendly,Silk Thread,2026,6,No,Friday,East,Supermarket,36.2,Cash,3,Gupta Rakhi Hub 7,41.31,21
3792,Kids & Cartoon,Silk Thread,2026,6,No,Monday,Central,Supermarket,32.7,Credit Card,5,Chopra Rakhi Point,16.97,17
3235,Premium & Jewelry,Sterling Silver,2026,3,nO,Monday,East,Local Street Vendor,29.7,Credit Card,9,Arora Rakhi Hub 114,394.78,26
2870,Premium & Jewelry,Sterling Silver,2026,6,nO,Wednesday,,Local Street Vendor,27.4,Cash,6,Goel Rakhi Hub 133,370.93,30
3778,Premium & Jewelry,Sterling Silver,2026,5,#Yes,Sunday,East,Local Street Vendor,30.9,Cash,7,Saxena Rakhi Store,2602.11,24
4434,Kids & Cartoon,Silk Thread,2026,7,yES,Sunday,North,Online,35.8,Credit Card,4,Saxena Emporium,19.53,11
4974,Eco-Friendly,Sandalwood (Chandan),2026,2,No,Thursday,East,Supermarket,26.8,Credit Card,11,Chawla Traditions,55.07,52
1686,Premium & Jewelry,Sandalwood (Chandan),2026,7,No,Monday,West,Supermarket,26.8,UPI,7,Mehra Rakhi Hub 209,137.03,22
2962,Eco-Friendly,Sandalwood (Chandan),2026,3,No,Tuesday,North,Supermarket,25.2,Cash,3,Jain Rakhi Store,54.43,11
5981,Kids & Cartoon,Silk Thread,2026,5,No,Friday,Central,Supermarket,38.7,Cash,1,Kapoor Rakhi Hub 97,20.2,7
2201,Premium & Jewelry,Sterling Silver,2026,7,No,Tuesday,North,Local Street Vendor,35.0,Cash,1,Khanna Rakhi Hub 271,474.79,5
99,Premium & Jewelry,Sterling Silver,2026,5,nO,Friday,Central,Supermarket,28.1,Cash,3,Sharma Rakhi Hub 78,839.33,17
4800,Eco-Friendly,Sandalwood (Chandan),2026,5,Yes,Saturday,East,Supermarket,30.9,UPI,8,Kapoor Rakhi & Gifts,59.4,21
2558,Premium & Jewelry,Silk Thread,2026,3,No,Thursday,East,Local Street Vendor,25.7,Cash,3,Mehra Rakhi Hub 6,89.27,21
3184,Premium & Jewelry,Sandalwood (Chandan),2026,5,nO,Monday,East,Online,,Credit Card,5,Sethi Rakhi Hub 242,233.27,26
5498,Kids & Cartoon,Sandalwood (Chandan),2026,7,No,Friday,Central,Supermarket,25.7,Credit Card,1,Chopra Rakhi Hub 130,44.72,3
254,Premium & Jewelry,Sterling Silver,2026,3,Yes,Sunday,,Supermarket,34.6,Cash,8,Nanda Rakhi Corner,658.47,25
3924,Eco-Friendly,Sterling Silver,2026,2,Yes,Sunday,West,Online,29.8,Cash,3,Sharma Rakhi Bazaar,224.14,14
4200,Premium & Jewelry,Sandalwood (Chandan),2026,4,No,Tuesday,Central,Supermarket,35.0,UPI,6,Bansal Rakhi Hub 124,222.91,29
1446,Kids & Cartoon,Silk Thread,2026,1,No,Thursday,East,Supermarket,32.8,Cash,11,Malhotra Festive Mart,18.14,44
5540,Premium & Jewelry,Sandalwood (Chandan),2026,3,Yes,Saturday,North,Supermarket,36.3,Cash,8,Bhatia Gift House,205.43,26
1649,Eco-Friendly,Sandalwood (Chandan),2026,4,No,Friday,West,Local Street Vendor,25.1,UPI,20,Bhatia Rakhi Hub 211,49.66,62
4683,Eco-Friendly,Sandalwood (Chandan),2026,6,No,Wednesday,West,Supermarket,30.6,Cash,3,Bansal Rakhi & Gifts,60.7,9
4724,Kids & Cartoon,Silk Thread,2026,2,No,Wednesday,East,Local Street Vendor,36.2,Cash,3,Goel Rakhi Hub 208,12.59,18
3992,Kids & Cartoon,Silk Thread,2026,2,No,Wednesday,North,Local Street Vendor,32.9,UPI,5,Sethi Rakhi Hub 242,58.45,27
1697,Premium & Jewelry,Sterling Silver,2026,4,Yes,Sunday,West,Online,30.0,Credit Card,3,Arora Gift House,887.67,12
3192,Premium & Jewelry,Sterling Silver,2026,4,Yes,Saturday,Central,Supermarket,26.6,Credit Card,18,Tandon Traditions,653.19,87
5233,Kids & Cartoon,Silk Thread,2026,3,No,Thursday,West,Supermarket,33.8,Cash,8,Gupta Rakhi Hub 176,16.48,28
254,Premium & Jewelry,Sterling Silver,2026,3,Yes,Sunday,,Supermarket,34.6,Cash,8,Nanda Rakhi Corner,658.47,25
4500,Eco-Friendly,Sandalwood (Chandan),2026,4,No,Monday,North,Online,29.1,UPI,8,Saxena Rakhi Hub 252,82.3,55
1155,Kids & Cartoon,Silk Thread,2026,2,No,Wednesday,East,Local Street Vendor,30.6,Cash,4,Bhatia Rakhi Hub 3,13.8,17
2256,Kids & Cartoon,Silk Thread,2026,5,No,Friday,Central,Local Street Vendor,34.6,Credit Card,4,Chawla Rakhi Hub 201,12.94,14
4719,Kids & Cartoon,Sterling Silver,2026,3,No,Wednesday,West,Online,35.5,UPI,17,Kapoor Rakhi Hub 63,121.63,56
1683,Eco-Friendly,Sandalwood (Chandan),2026,1,No,Wednesday,Central,Supermarket,29.8,Cash,8,Goel Rakhi Hub 239,80.41,40
3171,Eco-Friendly,Silk Thread,2026,7,No,Tuesday,Central,Supermarket,27.7,Credit Card,2,Jain Rakhi Hub 119,21.58,9
646,Eco-Friendly,Silk Thread,2026,1,Yes,Saturday,Central,Online,36.6,Cash,12,Aggarwal Traditions,30.17,43
2057,Eco-Friendly,Sandalwood (Chandan),2026,2,nO,Friday,Central,Local Street Vendor,27.4,UPI,6,Goel Rakhi Hub 239,46.78,23
3326,Eco-Friendly,Sandalwood (Chandan),2026,7,No,Tuesday,East,Local Street Vendor,29.1,UPI,1,Saxena Rakhi Hub 43,38.56,5
4091,Premium & Jewelry,Sterling Silver,2026,3,No,Wednesday,East,Local Street Vendor,30.4,UPI,2,Gupta Rakhi Hub 187,517.79,9
3357,Kids & Cartoon,Sandalwood (Chandan),2026,2,#Yes,Saturday,West,Online,35.0,UPI,6,Bansal Rakhi Point,39.33,24
3109,Premium & Jewelry,Sandalwood (Chandan),2026,6,No,Wednesday,Central,Online,31.3,UPI,3,Verma Rakhi Hub 95,247.29,11
4549,Eco-Friendly,Sandalwood (Chandan),2026,2,No,Thursday,North,Supermarket,30.8,Credit Card,5,Gupta Rakhi Hub 165,69.97,29
3724,Kids & Cartoon,Silk Thread,2026,6,No,Friday,North,Supermarket,29.7,Credit Card,2,Malhotra Rakhi & Gifts,17.16,9
538,Premium & Jewelry,Sterling Silver,2026,1,Yes,Sunday,West,Local Street Vendor,42.2,Credit Card,13,Malhotra Rakhi Hub 64,476.87,38
5424,Premium & Jewelry,Sterling Silver,2026,5,Yes,Saturday,Central,Online,35.2,Cash,5,Aggarwal Rakhi Hub 234,746.68,25
5288,Kids & Cartoon,Sandalwood (Chandan),2026,6,No,Friday,Central,Local Street Vendor,29.0,UPI,3,Bansal Rakhi Hub 13,23.71,10
2050,Kids & Cartoon,Silk Thread,2026,1,Yes,Saturday,East,Supermarket,32.1,Cash,9,Gupta Rakhi Hub 176,11.76,25
4977,Kids & Cartoon,Silk Thread,2026,6,No,Friday,Central,Supermarket,33.3,UPI,10,Khanna Rakhi Hub 45,15.54,34
3644,Premium & Jewelry,Sterling Silver,2026,7,Yes,Sunday,East,Supermarket,37.9,UPI,6,Tandon Rakhi Corner,692.99,6
4198,Eco-Friendly,Sandalwood (Chandan),2026,7,No,Monday,North,Online,39.4,Cash,2,Kapoor Rakhi Store,70.46,7
624,Kids & Cartoon,Silk Thread,2026,4,No,Friday,Central,Online,35.4,Cash,9,Gupta Rakhi & Gifts,22.73,34
1244,Premium & Jewelry,Sandalwood (Chandan),2026,6,Yes,Sunday,East,Local Street Vendor,34.9,Cash,3,Saxena Rakhi Hub 23,133.36,10
1592,Premium & Jewelry,Sandalwood (Chandan),2026,5,No,Friday,North,Local Street Vendor,,Cash,2,Mehra Rakhi Hub 6,153.62,10
5884,Eco-Friendly,Sandalwood (Chandan),2026,7,yES,Sunday,North,Online,26.6,UPI,2,Arora Rakhi Hub 210,55.1,8
263,Kids & Cartoon,Silk Thread,2026,1,No,Tuesday,Central,Local Street Vendor,32.0,Cash,3,Mehra Rakhi & Gifts,14.59,14
5731,Premium & Jewelry,Sandalwood (Chandan),2026,5,nO,Tuesday,West,Supermarket,27.2,Cash,4,Gupta Rakhi Hub 152,183.41,13
3370,Kids & Cartoon,Silk Thread,2026,3,Yes,Sunday,West,Online,35.8,UPI,10,Tandon Traditions,19.44,33
4062,Eco-Friendly,Sandalwood (Chandan),2026,3,No,Friday,Central,Supermarket,24.2,UPI,10,Chawla Rakhi Hub 125,58.52,15
5535,Eco-Friendly,Silk Thread,2026,7,No,Friday,North,Supermarket,35.3,Cash,3,Kapoor Rakhi Hub 270,33.35,10
3924,Eco-Friendly,Sterling Silver,2026,2,Yes,Sunday,West,Online,29.8,Cash,3,Sharma Rakhi Bazaar,224.14,14
1586,Eco-Friendly,Sandalwood (Chandan),2026,4,Yes,Sunday,North,Local Street Vendor,36.9,Cash,8,Mehra Rakhi Hub 275,242.09,40
5589,Kids & Cartoon,Silk Thread,2026,4,Yes,Saturday,Central,Supermarket,29.4,Cash,8,Arora Rakhi Bazaar,14.89,21
1803,Premium & Jewelry,Sterling Silver,2026,1,Yes,Sunday,Central,Supermarket,35.9,Cash,10,Sharma Rakhi Hub 259,665.35,30
4737,Kids & Cartoon,Silk Thread,2026,7,No,Thursday,West,Local Street Vendor,32.2,Cash,2,Mehra Rakhi Store,12.7,7
5834,Kids & Cartoon,Silk Thread,2026,6,No,Monday,West,Supermarket,32.9,Cash,2,Tandon Rakhi Hub 62,16.75,7
2386,Eco-Friendly,Sandalwood (Chandan),2026,2,Yes,Saturday,Central,Supermarket,29.7,UPI,7,Aggarwal Rakhi Hub 284,385.61,28
5030,Premium & Jewelry,Sandalwood (Chandan),2026,4,Yes,Sunday,North,Local Street Vendor,33.5,Cash,5,Arora Rakhi Hub 169,143.22,15
5760,Premium & Jewelry,Sterling Silver,2026,6,Yes,Sunday,East,Local Street Vendor,32.3,Cash,3,Jain Rakhi Hub 150,710.05,9
1960,Kids & Cartoon,Sandalwood (Chandan),2026,6,#Yes,Sunday,West,Supermarket,33.4,UPI,9,Bansal Emporium,28.18,22
2977,Kids & Cartoon,Silk Thread,2026,1,No,Thursday,Central,Local Street Vendor,31.3,UPI,14,Chawla Rakhi & Gifts,12.59,44
489,Kids & Cartoon,Sterling Silver,2026,2,No,Tuesday,Central,Supermarket,29.6,UPI,19,Mehra Rakhi Hub 148,103.8,72
1844,Eco-Friendly,Sandalwood (Chandan),2026,7,No,Friday,North,Online,31.1,Cash,2,Sharma Rakhi Hub 59,57.9,7
1735,Eco-Friendly,Sandalwood (Chandan),2026,6,No,Tuesday,North,Local Street Vendor,36.7,UPI,4,Sharma Handicrafts,49.53,11
2912,Premium & Jewelry,Sterling Silver,2026,4,No,Wednesday,East,Supermarket,32.2,Cash,4,Nanda Rakhi Hub 79,448.46,12
3220,Kids & Cartoon,Silk Thread,2026,3,Yes,Saturday,Central,Online,30.8,UPI,6,Mehra Rakhi Hub 81,16.73,28
147,Kids & Cartoon,Silk Thread,2026,6,nO,Tuesday,East,Supermarket,24.7,UPI,3,Kapoor Rakhi Hub 109,17.0,13
5631,Kids & Cartoon,Silk Thread,2026,3,Yes,Saturday,Central,Local Street Vendor,35.3,Cash,5,Mehra Rakhi Hub 6,13.78,20
1987,Premium & Jewelry,Sandalwood (Chandan),2026,2,Yes,Sunday,Central,Local Street Vendor,34.5,Cash,6,Bhatia Rakhi Hub 2,131.24,14
1370,Kids & Cartoon,Sandalwood (Chandan),2026,1,#Yes,Saturday,Central,Supermarket,32.4,UPI,5,Sharma Rakhi Hub 59,34.79,23
3374,Premium & Jewelry,Sandalwood (Chandan),2026,4,nO,Tuesday,West,Online,27.6,Cash,17,Khanna Rakhi Hub 146,264.15,49
2062,Premium & Jewelry,Sterling Silver,2026,1,Yes,Saturday,North,Local Street Vendor,36.4,Cash,10,Mehra Rakhi Hub 256,556.81,42
993,Eco-Friendly,Sandalwood (Chandan),2026,1,Yes,Saturday,West,Supermarket,31.0,UPI,4,Gupta Rakhi Hub 249,58.36,16
2812,Eco-Friendly,Sandalwood (Chandan),2026,4,No,Wednesday,Central,Supermarket,35.0,Cash,17,Verma Rakhi Hub 95,67.32,22
660,Kids & Cartoon,Silk Thread,2026,4,No,Tuesday,East,Supermarket,30.2,UPI,5,Arora Rakhi Hub 46,17.22,23
1795,Eco-Friendly,Sandalwood (Chandan),2026,1,No,Thursday,Central,Online,37.8,UPI,4,Goel Rakhi Hub 52,73.06,19
4823,Kids & Cartoon,Silk Thread,2026,1,Yes,Sunday,West,Local Street Vendor,30.9,UPI,6,Sharma Rakhi Hub 259,15.98,25
2512,Kids & Cartoon,Silk Thread,2026,1,yES,Sunday,West,Local Street Vendor,31.5,Cash,8,Goel Rakhi Hub 277,14.06,29
3398,Premium & Jewelry,Sandalwood (Chandan),2026,2,No,Thursday,North,Local Street Vendor,28.5,UPI,7,Tandon Rakhi Hub 65,146.65,45
4283,Kids & Cartoon,Silk Thread,2026,1,No,Wednesday,West,Supermarket,34.0,Cash,18,Gupta Gift House,16.56,61
1148,Eco-Friendly,Sandalwood (Chandan),2026,2,Yes,Sunday,North,Online,32.6,Credit Card,16,Goel Rakhi Hub 54,78.61,68
3273,Kids & Cartoon,Sandalwood (Chandan),2026,1,Yes,Sunday,West,Local Street Vendor,30.6,Credit Card,2,Chopra Rakhi Hub 248,21.27,8
609,Eco-Friendly,Silk Thread,2026,6,Yes,Saturday,,Local Street Vendor,28.0,Cash,5,Goel Rakhi Hub 267,25.88,14
3992,Kids & Cartoon,Silk Thread,2026,2,No,Wednesday,North,Local Street Vendor,32.9,UPI,5,Sethi Rakhi Hub 242,58.45,27
1754,Eco-Friendly,Sandalwood (Chandan),2026,6,No,Wednesday,North,Supermarket,30.1,Cash,2,Arora Gift House,55.56,15
3583,Kids & Cartoon,Silk Thread,2026,5,yES,Saturday,East,Supermarket,29.4,UPI,11,Khanna Handicrafts,14.6,37
1931,Kids & Cartoon,Silk Thread,2026,5,No,Tuesday,East,Supermarket,35.4,Credit Card,4,Rastogi Rakhi & Gifts,18.96,15
2205,Kids & Cartoon,Silk Thread,2026,7,yES,Saturday,East,Supermarket,37.9,Cash,4,Malhotra Gift House,12.82,13
198,Eco-Friendly,Silk Thread,2026,7,yES,Sunday,North,Supermarket,31.6,Cash,3,Kapoor Rakhi Hub 257,35.56,8
2932,Premium & Jewelry,Sterling Silver,2026,1,No,Monday,West,Supermarket,28.9,Cash,5,Saxena Rakhi Hub 111,553.84,26
2328,Premium & Jewelry,Sterling Silver,2026,2,nO,Thursday,West,Local Street Vendor,31.7,Cash,12,Jain Rakhi Hub 37,602.44,56
4390,Kids & Cartoon,Silk Thread,2026,7,#Yes,Sunday,East,Supermarket,36.5,Cash,5,Bhatia Traditions,18.9,17
767,Premium & Jewelry,Sandalwood (Chandan),2026,7,Yes,Sunday,North,Local Street Vendor,,Cash,2,Bansal Rakhi Hub 274,145.5,5
4497,Kids & Cartoon,Silk Thread,2026,2,Yes,Sunday,North,Supermarket,32.0,Cash,16,Nanda Rakhi Hub 96,58.17,37
4219,Eco-Friendly,Silk Thread,2026,2,nO,Friday,West,Supermarket,32.8,UPI,6,Bhatia Rakhi Hub 29,32.35,25
3256,Eco-Friendly,Silk Thread,2026,3,Yes,Sunday,Central,Online,29.0,Cash,6,Rastogi Emporium,38.63,21
203,Kids & Cartoon,Silk Thread,2026,7,No,Friday,West,Online,32.6,UPI,11,Mehra Rakhi Hub 246,28.0,34
3511,Eco-Friendly,Sandalwood (Chandan),2026,2,No,Wednesday,East,Online,28.7,Credit Card,7,Sharma Rakhi Hub 84,57.54,26
4932,Kids & Cartoon,Silk Thread,2026,5,No,Monday,West,Local Street Vendor,33.4,UPI,5,Gupta Traditions,12.02,13
4058,Eco-Friendly,Sandalwood (Chandan),2026,6,yES,Saturday,West,Local Street Vendor,35.6,Cash,2,Mehra Rakhi Hub 25,45.98,6
5536,Eco-Friendly,Silk Thread,2026,4,No,Thursday,East,Local Street Vendor,30.9,Credit Card,2,Arora Rakhi Hub 220,24.44,9
1734,Premium & Jewelry,Sterling Silver,2026,2,No,Tuesday,Central,Local Street Vendor,,Cash,6,Mehra Rakhi Hub 101,562.89,19
5792,Kids & Cartoon,Silk Thread,2026,7,No,Friday,East,Online,35.7,Credit Card,3,Bansal Traditions,16.67,10
2778,Kids & Cartoon,Silk Thread,2026,4,Yes,Sunday,North,Local Street Vendor,30.1,Credit Card,8,Sethi Rakhi Hub 19,12.13,26
1708,Kids & Cartoon,Silk Thread,2026,2,No,Tuesday,North,Supermarket,34.2,Credit Card,8,Sharma Rakhi Hub 78,16.39,23
5173,Eco-Friendly,Sandalwood (Chandan),2026,3,No,Thursday,,Supermarket,32.5,UPI,6,Verma Rakhi Hub 73,67.29,22
5250,Eco-Friendly,Sandalwood (Chandan),2026,7,No,Monday,West,Supermarket,32.4,Cash,2,Chopra Rakhi Hub 233,46.38,6
5758,Kids & Cartoon,Silk Thread,2026,1,No,Wednesday,East,Supermarket,,Cash,12,Saxena Rakhi Hub 83,20.41,40
3475,Kids & Cartoon,Silk Thread,2026,3,No,Wednesday,North,Local Street Vendor,24.6,Cash,5,Khanna Traditions,13.76,24
1932,Kids & Cartoon,Silk Thread,2026,6,yES,Sunday,Central,Local Street Vendor,35.3,Cash,3,Tandon Rakhi Hub 53,13.21,9
1436,Eco-Friendly,Sandalwood (Chandan),2026,6,No,Friday,Central,Online,30.5,UPI,4,Khanna Rakhi Hub 271,82.47,20
5856,Eco-Friendly,Sandalwood (Chandan),2026,6,nO,Tuesday,North,Supermarket,36.1,Credit Card,2,Nanda Rakhi Hub 28,54.29,11
855,Premium & Jewelry,Sterling Silver,2026,2,No,Tuesday,Central,Online,33.5,Credit Card,2,Mehra Handicrafts,547.51,9
5686,Premium & Jewelry,Sandalwood (Chandan),2026,3,Yes,Sunday,West,Supermarket,27.7,Credit Card,3,Tandon Rakhi Hub 60,244.91,11
700,Premium & Jewelry,Sterling Silver,2026,2,Yes,Saturday,West,Local Street Vendor,30.1,Credit Card,4,Tandon Rakhi Hub 26,450.86,11
4738,Premium & Jewelry,Sterling Silver,2026,7,No,Monday,West,Supermarket,33.4,UPI,5,Chawla Rakhi Hub 94,690.54,17
4098,Kids & Cartoon,Sandalwood (Chandan),2026,4,nO,Monday,West,Supermarket,32.1,Cash,3,Gupta Rakhi Hub 27,31.51,10
2161,Kids & Cartoon,Silk Thread,2026,7,No,Thursday,East,Online,,Cash,1,Malhotra Gift House,21.36,9
699,Kids & Cartoon,Silk Thread,2026,7,nO,Tuesday,Central,Local Street Vendor,33.7,UPI,2,Nanda Emporium,13.79,8
90,Kids & Cartoon,Silk Thread,2026,1,No,Friday,North,Supermarket,35.2,UPI,8,Verma Festive Mart,18.79,44
3000,Premium & Jewelry,Sterling Silver,2026,5,Yes,Saturday,West,Online,31.7,Cash,7,Kapoor Rakhi Hub 118,670.48,22
3697,Premium & Jewelry,Sterling Silver,2026,3,#Yes,Saturday,West,Local Street Vendor,29.2,UPI,11,Nanda Rakhi Hub 89,585.37,28
1637,Kids & Cartoon,Silk Thread,2026,6,nO,Wednesday,West,Online,27.6,UPI,2,Aggarwal Rakhi Hub 55,22.05,8
4290,Kids & Cartoon,Silk Thread,2026,4,yES,Saturday,East,Online,35.1,Cash,3,Bhatia Rakhi Hub 290,18.11,12
4855,Premium & Jewelry,Sandalwood (Chandan),2026,4,Yes,Sunday,Central,Supermarket,31.6,Cash,9,Bhatia Rakhi Hub 254,191.01,26
3458,Eco-Friendly,Silk Thread,2026,1,Yes,Saturday,West,Local Street Vendor,27.0,Cash,11,Malhotra Rakhi Corner,24.33,52
3582,Eco-Friendly,Silk Thread,2026,4,No,Wednesday,North,Online,30.9,Cash,10,Chawla Rakhi Hub 283,39.13,67
1292,Kids & Cartoon,Silk Thread,2026,7,yES,Sunday,North,Local Street Vendor,32.5,UPI,2,Kapoor Rakhi Hub 199,12.1,9
4660,Premium & Jewelry,Sterling Silver,2026,2,yES,Sunday,East,Supermarket,26.5,UPI,14,Arora Festive Mart,734.72,37
3441,Premium & Jewelry,Sterling Silver,2026,5,No,Thursday,West,Online,27.4,Credit Card,86,Kapoor Rakhi Hub 199,626.37,294
5617,Kids & Cartoon,Silk Thread,2026,6,No,Tuesday,West,Local Street Vendor,35.3,Cash,3,Gupta Rakhi Hub 191,14.96,11
1854,Eco-Friendly,Sandalwood (Chandan),2026,5,nO,Monday,Central,Local Street Vendor,32.7,UPI,3,Sethi Rakhi Hub 22,38.02,12
5233,Kids & Cartoon,Silk Thread,2026,3,No,Thursday,West,Supermarket,33.8,Cash,8,Gupta Rakhi Hub 176,16.48,28
3764,Premium & Jewelry,Sterling Silver,2026,2,yES,Sunday,North,Supermarket,28.7,Cash,15,Verma Rakhi Hub 92,762.2,42
3305,Eco-Friendly,Sterling Silver,2026,1,No,Monday,West,Supermarket,33.0,Credit Card,7,Saxena Rakhi Hub 23,231.39,29
1017,Kids & Cartoon,Silk Thread,2026,3,Yes,Saturday,West,Online,32.2,UPI,5,Chawla Rakhi Hub 94,16.58,23
5728,Kids & Cartoon,Silk Thread,2026,2,No,Monday,Central,Online,34.5,Cash,8,Khanna Rakhi Hub 85,21.02,50
3744,Kids & Cartoon,Silk Thread,2026,3,No,Thursday,Central,Local Street Vendor,33.7,Cash,8,Bansal Traditions,14.17,28
3446,Kids & Cartoon,Silk Thread,2026,5,Yes,Saturday,Central,Local Street Vendor,33.3,Credit Card,9,Tandon Rakhi Hub 47,12.08,25
1999,Eco-Friendly,Silk Thread,2026,5,Yes,Sunday,Central,Online,34.0,Cash,4,Rastogi Rakhi Hub 50,34.43,12
664,Premium & Jewelry,Sandalwood (Chandan),2026,5,No,Friday,East,Online,30.7,Cash,4,Saxena Rakhi Hub 193,261.02,14
4780,Kids & Cartoon,Silk Thread,2026,1,#Yes,Sunday,West,Local Street Vendor,30.4,Cash,7,Tandon Rakhi Hub 168,10.97,37
5354,Kids & Cartoon,Silk Thread,2026,5,#Yes,Saturday,East,Local Street Vendor,36.8,UPI,5,Saxena Rakhi Corner,14.44,14
4570,Kids & Cartoon,Sandalwood (Chandan),2026,4,nO,Friday,East,Online,46.8,Credit Card,3,Jain Rakhi Hub 150,36.56,15
3749,Kids & Cartoon,Silk Thread,2026,3,Yes,Sunday,North,Local Street Vendor,32.0,Cash,3,Malhotra Handicrafts,13.52,9
4414,Premium & Jewelry,Sterling Silver,2026,6,No,Monday,,Online,33.5,UPI,7,Saxena Rakhi Hub 111,661.99,25
4745,Premium & Jewelry,Silk Thread,2026,6,Yes,Sunday,East,Supermarket,33.2,Cash,2,Bhatia Rakhi Hub 254,117.53,7
5531,Kids & Cartoon,Silk Thread,2026,7,No,Wednesday,East,Supermarket,32.1,Cash,3,Tandon Rakhi Hub 147,16.31,11
5576,Premium & Jewelry,Sterling Silver,2026,7,yES,Sunday,West,Online,34.2,UPI,3,Chopra Festive Mart,932.15,9
710,Kids & Cartoon,Silk Thread,2026,2,yES,Sunday,Central,Local Street Vendor,34.1,Cash,11,Saxena Festive Mart,14.27,35
615,Premium & Jewelry,Sandalwood (Chandan),2026,1,nO,Tuesday,North,Online,34.7,UPI,6,Goel Gift House,278.86,25
1283,Kids & Cartoon,Silk Thread,2026,5,Yes,Saturday,East,Online,23.6,Credit Card,4,Nanda Rakhi Hub 261,23.23,20
5865,Kids & Cartoon,Silk Thread,2026,5,Yes,Saturday,North,Online,30.5,Credit Card,7,Arora Festive Mart,18.92,32
5069,Premium & Jewelry,Sterling Silver,2026,7,No,Wednesday,Central,Supermarket,31.9,UPI,2,Tandon Rakhi Store,492.56,5
2676,Kids & Cartoon,Silk Thread,2026,7,Yes,Saturday,East,Supermarket,29.3,Cash,3,Bansal Rakhi Hub 161,19.14,10
3926,Kids & Cartoon,Sandalwood (Chandan),2026,7,yES,Sunday,East,Supermarket,32.7,Cash,3,Nanda Rakhi Point,35.08,16
4030,Eco-Friendly,Sandalwood (Chandan),2026,6,No,Friday,East,Local Street Vendor,30.2,Credit Card,2,Verma Rakhi Hub 264,50.52,11
1307,Kids & Cartoon,Silk Thread,2026,3,nO,Monday,,Supermarket,32.6,Cash,5,Mehra Rakhi Hub 256,16.62,28
5497,Eco-Friendly,Sterling Silver,2026,3,No,Monday,West,Local Street Vendor,27.1,Cash,8,Chawla Rakhi Hub 155,124.65,34
5505,Eco-Friendly,Sandalwood (Chandan),2026,5,No,Thursday,Central,Local Street Vendor,29.1,Credit Card,1,Arora Emporium,44.59,8
2082,Premium & Jewelry,Sterling Silver,2026,7,No,Monday,Central,Supermarket,32.4,Cash,1,Khanna Rakhi Hub 126,717.93,3
2238,Kids & Cartoon,Silk Thread,2026,4,nO,Monday,West,Supermarket,,Cash,8,Aggarwal Rakhi Store,18.93,27
3303,Premium & Jewelry,Sterling Silver,2026,4,Yes,Saturday,Central,Local Street Vendor,31.3,Credit Card,4,Chawla Rakhi Hub 201,493.7,16
5593,Kids & Cartoon,Sandalwood (Chandan),2026,6,No,Wednesday,North,Supermarket,32.6,Cash,6,Sethi Rakhi Hub 276,27.13,21
827,Kids & Cartoon,Sterling Silver,2026,7,No,Friday,Central,Supermarket,19.8,UPI,2,Kapoor Rakhi Store,91.92,10
2039,Kids & Cartoon,Silk Thread,2026,3,Yes,Sunday,East,Supermarket,31.2,Credit Card,5,Tandon Rakhi Hub 60,17.68,12
1530,Premium & Jewelry,Sterling Silver,2026,4,Yes,Sunday,East,Supermarket,32.2,Cash,4,Chawla Rakhi Hub 102,723.97,12
1664,Premium & Jewelry,Sandalwood (Chandan),2026,4,No,Monday,West,Online,36.6,Cash,11,Bansal Rakhi Hub 198,263.65,56
5451,Premium & Jewelry,Sandalwood (Chandan),2026,6,No,Thursday,Central,Supermarket,27.1,Cash,8,Kapoor Handicrafts,899.52,26
2937,Kids & Cartoon,Silk Thread,2026,4,Yes,Saturday,North,Local Street Vendor,32.0,Cash,10,Goel Rakhi Hub 105,12.48,31
635,Premium & Jewelry,Silk Thread,2026,6,No,Tuesday,North,Supermarket,35.7,Cash,3,Chopra Emporium,148.35,12
3628,Kids & Cartoon,Silk Thread,2026,5,Yes,Saturday,East,Supermarket,44.6,Credit Card,9,Chawla Rakhi Hub 104,15.3,35
5740,Kids & Cartoon,Silk Thread,2026,3,Yes,Saturday,West,Supermarket,31.3,Cash,5,Khanna Rakhi Hub 85,16.02,20
5148,Kids & Cartoon,Silk Thread,2026,2,No,Thursday,East,Local Street Vendor,29.6,Cash,3,Nanda Rakhi Corner,15.67,11
4892,Premium & Jewelry,Sterling Silver,2026,3,No,Wednesday,Central,Local Street Vendor,47.4,Cash,4,Mehra Gift House,458.66,18
2694,Eco-Friendly,Sterling Silver,2026,6,No,Tuesday,North,Online,28.9,Cash,3,Saxena Rakhi Hub 262,215.32,13
3061,Kids & Cartoon,Silk Thread,2026,1,No,Thursday,Central,Online,27.2,Cash,9,Malhotra Gift House,21.77,44
1598,Premium & Jewelry,Silk Thread,2026,4,#Yes,Saturday,Central,Supermarket,36.3,Cash,6,Aggarwal Rakhi Hub 212,126.62,27
1853,Kids & Cartoon,Silk Thread,2026,7,Yes,Saturday,North,Local Street Vendor,27.1,UPI,3,Chopra Rakhi Hub 44,14.85,10
2730,Eco-Friendly,Sandalwood (Chandan),2026,3,No,Thursday,,Local Street Vendor,31.1,Cash,9,Khanna Rakhi Hub 215,67.22,39
2626,Kids & Cartoon,Silk Thread,2026,1,No,Friday,West,Local Street Vendor,24.7,Cash,13,Sharma Rakhi Hub 78,14.06,47
5916,Kids & Cartoon,Silk Thread,2026,3,No,Friday,East,Supermarket,26.6,Cash,4,Goel Rakhi Corner,14.31,15
3158,Premium & Jewelry,Sterling Silver,2026,7,No,Thursday,North,Local Street Vendor,27.9,Cash,1,Chopra Rakhi Corner,647.37,5
3315,Premium & Jewelry,Sterling Silver,2026,3,Yes,Saturday,Central,Online,30.3,Credit Card,3,Chopra Rakhi Hub 233,902.51,14
1723,Eco-Friendly,Silk Thread,2026,7,No,Friday,West,Online,35.7,Credit Card,12,Arora Rakhi Hub 219,42.12,44
5280,Eco-Friendly,Sandalwood (Chandan),2026,7,nO,Monday,West,Supermarket,36.5,Cash,3,Saxena Emporium,62.69,14
714,Eco-Friendly,Sandalwood (Chandan),2026,7,nO,Tuesday,Central,Local Street Vendor,32.8,UPI,3,Nanda Gift House,44.13,10
1060,Eco-Friendly,Sandalwood (Chandan),2026,2,No,Monday,East,Online,,Cash,8,Sethi Rakhi Bazaar,86.48,27
4637,Kids & Cartoon,Sandalwood (Chandan),2026,7,No,Tuesday,North,Online,30.7,Credit Card,3,Verma Traditions,33.14,12
3243,Eco-Friendly,Sterling Silver,2026,5,No,Wednesday,North,Supermarket,25.5,UPI,7,Arora Rakhi Hub 108,197.5,20
1679,Eco-Friendly,Sandalwood (Chandan),2026,2,No,Tuesday,West,Local Street Vendor,35.9,Cash,7,Bhatia Rakhi Hub 204,45.31,42
2594,Premium & Jewelry,Sterling Silver,2026,4,nO,Wednesday,,Supermarket,29.5,Cash,2,Kapoor Rakhi Point,534.11,8
2066,Eco-Friendly,Silk Thread,2026,1,Yes,Saturday,Central,Local Street Vendor,30.9,Cash,7,Sharma Traditions,23.76,24
4362,Kids & Cartoon,Silk Thread,2026,4,No,Monday,Central,Local Street Vendor,30.0,UPI,6,Bhatia Emporium,13.75,19
1157,Premium & Jewelry,Sandalwood (Chandan),2026,3,Yes,Sunday,West,Online,31.6,Cash,4,Aggarwal Rakhi Hub 179,255.31,12
1758,Eco-Friendly,Sterling Silver,2026,5,No,Tuesday,North,Local Street Vendor,31.8,Cash,2,Chopra Gift House,158.49,9
2434,Kids & Cartoon,Silk Thread,2026,7,Yes,Sunday,West,Online,27.9,Credit Card,5,Malhotra Rakhi & Gifts,19.54,20
4192,Eco-Friendly,Silk Thread,2026,3,No,Monday,West,Local Street Vendor,34.3,Cash,4,Sethi Rakhi Point,167.02,20
5117,Kids & Cartoon,Silk Thread,2026,4,No,Tuesday,East,Supermarket,32.2,Cash,8,Chawla Rakhi Bazaar,21.89,41
564,Kids & Cartoon,Sandalwood (Chandan),2026,7,No,Thursday,West,Online,29.5,Cash,2,Khanna Traditions,29.91,6
3473,Kids & Cartoon,Sterling Silver,2026,5,No,Thursday,West,Online,29.4,Credit Card,7,Bhatia Rakhi Hub 18,109.25,30
2791,Eco-Friendly,Sandalwood (Chandan),2026,5,No,Monday,Central,Online,34.6,Credit Card,10,Sharma Rakhi Hub 122,104.83,46
864,Kids & Cartoon,Silk Thread,2026,6,No,Friday,East,Local Street Vendor,32.2,Cash,1,Gupta Rakhi Hub 68,12.66,5
2515,Premium & Jewelry,Sterling Silver,2026,4,No,Friday,West,Supermarket,27.3,Cash,23,Mehra Gift House,570.28,65
1485,Kids & Cartoon,Silk Thread,2026,2,No,Tuesday,West,Local Street Vendor,,Credit Card,3,Bhatia Rakhi Hub 300,13.36,15
10,Kids & Cartoon,Silk Thread,2026,2,No,Wednesday,West,Online,25.6,Credit Card,14,Rastogi Rakhi Hub 5,20.51,57
2130,Premium & Jewelry,Sterling Silver,2026,3,Yes,Saturday,Central,Supermarket,30.1,Credit Card,7,Chawla Rakhi Hub 93,577.22,21
5978,Kids & Cartoon,Silk Thread,2026,4,No,Tuesday,North,Local Street Vendor,34.4,Cash,6,Tandon Rakhi Bazaar,11.58,20
5135,Eco-Friendly,Sandalwood (Chandan),2026,2,No,Tuesday,Central,Online,27.1,Cash,7,Aggarwal Rakhi Hub 247,85.59,26
207,Premium & Jewelry,Sterling Silver,2026,3,No,Thursday,East,Supermarket,,Cash,9,Jain Gift House,672.68,50
4489,Premium & Jewelry,Sandalwood (Chandan),2026,5,Yes,Saturday,,Local Street Vendor,,Cash,4,Arora Rakhi Hub 117,123.59,18
5312,Premium & Jewelry,Sterling Silver,2026,1,Yes,Sunday,Central,Local Street Vendor,31.5,UPI,7,Chawla Rakhi Point,490.64,22
871,Eco-Friendly,Sandalwood (Chandan),2026,1,yES,Sunday,East,Online,28.3,Cash,6,Kapoor Emporium,79.04,28
4494,Premium & Jewelry,Sterling Silver,2026,5,Yes,Saturday,Central,Supermarket,26.6,Cash,4,Kapoor Gift House,579.46,20
4721,Kids & Cartoon,Silk Thread,2026,5,No,Wednesday,North,Local Street Vendor,23.3,Cash,6,Nanda Rakhi Hub 232,13.4,28
503,Eco-Friendly,Sandalwood (Chandan),2026,7,No,Monday,North,Local Street Vendor,27.1,Cash,2,Sethi Rakhi Hub 276,44.62,10
805,Premium & Jewelry,Sandalwood (Chandan),2026,3,No,Friday,North,Online,33.5,UPI,7,Chawla Rakhi Hub 24,221.69,25
1029,Eco-Friendly,Sandalwood (Chandan),2026,4,No,Friday,West,Supermarket,28.2,UPI,16,Khanna Rakhi Hub 215,75.23,58
3841,Kids & Cartoon,Silk Thread,2026,5,No,Monday,Central,Local Street Vendor,34.1,Cash,3,Chawla Rakhi Hub 269,12.97,10
2691,Eco-Friendly,Sandalwood (Chandan),2026,7,Yes,Saturday,North,Supermarket,33.3,Cash,2,Chopra Rakhi Hub 166,55.13,7
5582,Kids & Cartoon,Silk Thread,2026,6,No,Wednesday,North,Online,37.3,UPI,3,Chawla Gift House,19.12,14
256,Eco-Friendly,Sandalwood (Chandan),2026,5,Yes,Saturday,East,Local Street Vendor,32.7,Cash,5,Sharma Rakhi Hub 35,50.71,21
5057,Kids & Cartoon,Silk Thread,2026,3,No,Thursday,North,Supermarket,33.4,UPI,12,Arora Rakhi Hub 210,19.48,43
1571,Kids & Cartoon,Silk Thread,2026,5,No,Thursday,North,Supermarket,33.0,Credit Card,2,Khanna Rakhi Hub 85,21.94,8
2774,Premium & Jewelry,Silk Thread,2026,2,Yes,Saturday,Central,Supermarket,31.6,UPI,12,Rastogi Rakhi Bazaar,106.41,45
5992,Kids & Cartoon,Silk Thread,2026,7,No,Thursday,East,Supermarket,30.4,UPI,5,Arora Gift House,17.77,18
2732,Premium & Jewelry,Sterling Silver,2026,2,Yes,Sunday,Central,Local Street Vendor,,UPI,2,Gupta Rakhi Hub 165,532.89,9
2512,Kids & Cartoon,Silk Thread,2026,1,yES,Sunday,West,Local Street Vendor,31.5,Cash,8,Goel Rakhi Hub 277,14.06,29
805,Premium & Jewelry,Sandalwood (Chandan),2026,3,No,Friday,North,Online,33.5,UPI,7,Chawla Rakhi Hub 24,221.69,25
5848,Premium & Jewelry,Sterling Silver,2026,2,No,Wednesday,North,Online,27.0,Cash,8,Bhatia Traditions,620.12,24
3646,Eco-Friendly,Sandalwood (Chandan),2026,3,nO,Wednesday,North,Local Street Vendor,31.2,UPI,8,Bhatia Rakhi Bazaar,58.64,35
2455,Kids & Cartoon,Silk Thread,2026,7,Yes,Saturday,,Local Street Vendor,32.9,Cash,2,Bansal Festive Mart,12.55,5
4599,Kids & Cartoon,Silk Thread,2026,1,No,Friday,East,Local Street Vendor,38.0,UPI,8,Khanna Rakhi Hub 121,18.33,25
5033,Premium & Jewelry,Sandalwood (Chandan),2026,3,No,Tuesday,Central,Supermarket,32.6,Cash,9,Malhotra Rakhi Hub 64,244.59,48
3105,Kids & Cartoon,Silk Thread,2026,1,yES,Saturday,West,Local Street Vendor,29.8,UPI,6,Chawla Rakhi Hub 171,13.86,27
3851,Kids & Cartoon,Silk Thread,2026,1,yES,Sunday,West,Supermarket,37.2,Cash,9,Mehra Rakhi Hub 256,21.82,26
4876,Kids & Cartoon,Silk Thread,2026,5,No,Friday,Central,Supermarket,26.5,Cash,5,Nanda Rakhi Store,20.73,20
5960,Kids & Cartoon,Silk Thread,2026,5,nO,Thursday,North,Supermarket,34.0,Cash,3,Chawla Traditions,15.82,10
201,Eco-Friendly,Sandalwood (Chandan),2026,6,Yes,Sunday,East,Supermarket,33.6,UPI,3,Kapoor Rakhi Hub 63,65.09,11
4091,Premium & Jewelry,Sterling Silver,2026,3,No,Wednesday,East,Local Street Vendor,30.4,UPI,2,Gupta Rakhi Hub 187,517.79,9
3100,Premium & Jewelry,Sandalwood (Chandan),2026,2,No,Tuesday,,Online,27.7,Cash,5,Bhatia Rakhi Hub 2,245.08,32
4745,Premium & Jewelry,Silk Thread,2026,6,Yes,Sunday,East,Supermarket,33.2,Cash,2,Bhatia Rakhi Hub 254,117.53,7
2598,Kids & Cartoon,Silk Thread,2026,4,nO,Friday,West,Supermarket,32.9,Credit Card,3,Gupta Rakhi Hub 152,14.11,19
2279,Eco-Friendly,Sandalwood (Chandan),2026,5,yES,Sunday,West,Local Street Vendor,41.0,Cash,3,Gupta Rakhi Bazaar,54.75,10
3562,Kids & Cartoon,Silk Thread,2026,3,No,Tuesday,,Online,30.7,UPI,6,Chopra Rakhi Hub 153,19.31,23
5893,Kids & Cartoon,Silk Thread,2026,2,Yes,Sunday,Central,Online,35.0,Credit Card,5,Saxena Rakhi Hub 278,14.84,15
4475,Kids & Cartoon,Silk Thread,2026,5,#Yes,Sunday,North,Supermarket,53.6,Credit Card,11,Aggarwal Handicrafts,19.18,35
2661,Eco-Friendly,Silk Thread,2026,5,No,Monday,West,Local Street Vendor,33.2,Credit Card,3,Goel Rakhi Hub 244,27.08,14
4515,Premium & Jewelry,Sandalwood (Chandan),2026,6,Yes,Sunday,East,Online,26.1,Credit Card,5,Nanda Rakhi Hub 129,242.11,17
5795,Eco-Friendly,Sandalwood (Chandan),2026,1,Yes,Saturday,East,Supermarket,26.2,UPI,8,Goel Rakhi Point,62.76,31
392,Premium & Jewelry,Sterling Silver,2026,2,yES,Sunday,East,Local Street Vendor,30.6,UPI,7,Sharma Rakhi Corner,554.0,28
5468,Premium & Jewelry,Sterling Silver,2026,6,Yes,Saturday,North,Online,34.9,UPI,6,Rastogi Rakhi Hub 178,727.36,14
5619,Kids & Cartoon,Silk Thread,2026,3,No,Thursday,North,Online,33.7,Cash,15,Sethi Rakhi Hub 276,21.39,51
5259,Kids & Cartoon,Silk Thread,2026,5,#Yes,Saturday,West,Local Street Vendor,28.4,Cash,8,Verma Rakhi Hub 264,14.13,30
1206,Premium & Jewelry,Sterling Silver,2026,7,No,Wednesday,West,Supermarket,32.1,Cash,2,Malhotra Rakhi Hub 38,602.0,7
1496,Kids & Cartoon,Silk Thread,2026,3,yES,Saturday,,Supermarket,32.8,UPI,3,Sharma Rakhi Hub 259,19.14,11
2696,Premium & Jewelry,Sterling Silver,2026,6,No,Thursday,Central,Local Street Vendor,31.3,Cash,4,Chopra Rakhi Hub 57,514.69,16
2028,Kids & Cartoon,Silk Thread,2026,2,yES,Saturday,West,Supermarket,37.8,Cash,10,Kapoor Rakhi Hub 199,19.28,37
5249,Premium & Jewelry,Sterling Silver,2026,7,Yes,Sunday,East,Supermarket,33.6,Cash,3,Jain Handicrafts,656.05,9
5464,Eco-Friendly,Silk Thread,2026,2,No,Monday,North,Supermarket,33.1,Cash,8,Tandon Rakhi Hub 53,34.55,40
2569,Kids & Cartoon,Silk Thread,2026,2,Yes,Sunday,North,Supermarket,24.8,UPI,31,Khanna Traditions,19.14,132
65,Kids & Cartoon,Silk Thread,2026,3,nO,Wednesday,North,Online,32.3,Cash,5,Khanna Rakhi Hub 215,22.13,34
3885,Eco-Friendly,Silk Thread,2026,4,#Yes,Saturday,Central,Local Street Vendor,34.3,UPI,9,Sharma Rakhi Hub 149,26.55,31
2063,Kids & Cartoon,Silk Thread,2026,3,No,Monday,North,Local Street Vendor,32.4,UPI,14,Chopra Rakhi Hub 44,11.83,39
5277,Kids & Cartoon,Silk Thread,2026,2,Yes,Saturday,West,Local Street Vendor,32.4,UPI,14,Aggarwal Rakhi Hub 74,14.46,49
5032,Eco-Friendly,Silk Thread,2026,5,No,Thursday,Central,Online,31.9,Cash,10,Saxena Rakhi Hub 123,40.53,14
493,Kids & Cartoon,Silk Thread,2026,3,No,Tuesday,East,Online,34.0,Credit Card,6,Rastogi Rakhi Hub 231,17.93,29
380,Eco-Friendly,Sandalwood (Chandan),2026,1,No,Thursday,East,Supermarket,28.9,UPI,5,Aggarwal Rakhi Hub 179,53.66,33
1694,Eco-Friendly,Silk Thread,2026,3,Yes,Saturday,Central,Local Street Vendor,32.2,Cash,4,Saxena Rakhi Hub 213,25.36,18
4860,Premium & Jewelry,Sterling Silver,2026,5,Yes,Sunday,West,Local Street Vendor,30.9,Credit Card,4,Nanda Rakhi Hub 28,509.54,15
4277,Kids & Cartoon,Silk Thread,2026,1,yES,Saturday,West,Online,30.8,UPI,6,Goel Rakhi Corner,16.24,22
3994,Kids & Cartoon,Silk Thread,2026,2,No,Monday,North,Supermarket,28.5,Cash,8,Sharma Rakhi Hub 259,18.45,38
4888,Kids & Cartoon,Silk Thread,2026,2,No,Monday,East,Local Street Vendor,34.8,UPI,4,Sharma Rakhi Hub 59,14.68,13
1077,Kids & Cartoon,Silk Thread,2026,2,yES,Saturday,East,Supermarket,31.4,Cash,9,Gupta Rakhi Hub 165,13.73,33
879,Kids & Cartoon,Silk Thread,2026,7,No,Friday,Central,Local Street Vendor,34.0,Cash,2,Arora Festive Mart,11.93,11
338,Eco-Friendly,Sandalwood (Chandan),2026,2,Yes,Sunday,North,Supermarket,29.3,Cash,13,Goel Rakhi Hub 86,61.09,30
4139,Eco-Friendly,Sandalwood (Chandan),2026,4,yES,Sunday,North,Local Street Vendor,31.5,Cash,3,Bansal Emporium,43.88,14
4870,Kids & Cartoon,Sandalwood (Chandan),2026,1,No,Thursday,,Local Street Vendor,27.3,Cash,7,Nanda Rakhi Hub 96,26.83,23
3789,Kids & Cartoon,Silk Thread,2026,2,nO,Wednesday,West,Online,27.6,Credit Card,4,Sharma Rakhi Bazaar,24.24,16
1017,Kids & Cartoon,Silk Thread,2026,3,Yes,Saturday,West,Online,32.2,UPI,5,Chawla Rakhi Hub 94,16.58,23
1276,Kids & Cartoon,Silk Thread,2026,6,#Yes,Saturday,Central,Online,32.6,Cash,1,Goel Rakhi Hub 116,19.08,5
3799,Kids & Cartoon,Silk Thread,2026,4,No,Thursday,North,Local Street Vendor,27.3,Cash,6,Kapoor Rakhi Hub 97,10.44,21
1914,Kids & Cartoon,Silk Thread,2026,2,No,Monday,East,Supermarket,,Cash,4,Goel Festive Mart,14.22,22
4552,Kids & Cartoon,Silk Thread,2026,6,Yes,Saturday,West,Supermarket,35.3,UPI,4,Saxena Rakhi Hub 255,16.63,16
3343,Premium & Jewelry,Sandalwood (Chandan),2026,3,#Yes,Saturday,East,Supermarket,26.1,Cash,4,Jain Emporium,174.72,14
4912,Kids & Cartoon,Silk Thread,2026,2,No,Tuesday,West,Online,32.3,Credit Card,14,Sharma Rakhi Hub 149,17.62,41
1167,Eco-Friendly,Sandalwood (Chandan),2026,3,No,Monday,East,Online,26.7,UPI,8,Khanna Rakhi Point,58.35,28
996,Kids & Cartoon,Silk Thread,2026,3,No,Friday,Central,Supermarket,21.5,Credit Card,5,Arora Festive Mart,18.88,30
1982,Kids & Cartoon,Silk Thread,2026,4,Yes,Sunday,West,Local Street Vendor,26.6,UPI,8,Chopra Rakhi Hub 153,13.24,31
4298,Kids & Cartoon,Silk Thread,2026,5,No,Tuesday,East,Supermarket,33.0,UPI,5,Gupta Rakhi Hub 70,17.3,18
162,Eco-Friendly,Sandalwood (Chandan),2026,7,Yes,Sunday,Central,Online,28.6,Cash,4,Bhatia Rakhi Hub 254,61.41,16
5676,Eco-Friendly,Silk Thread,2026,3,No,Tuesday,West,Online,18.0,Credit Card,8,Mehra Rakhi Corner,44.97,34
281,Premium & Jewelry,Silk Thread,2026,3,No,Tuesday,North,Local Street Vendor,,Cash,6,Bhatia Rakhi Hub 182,80.59,20
5727,Kids & Cartoon,Silk Thread,2026,7,No,Tuesday,West,Local Street Vendor,28.8,Cash,4,Chawla Rakhi Hub 125,12.57,13
4799,Eco-Friendly,Sandalwood (Chandan),2026,3,No,Wednesday,Central,Local Street Vendor,35.2,Cash,7,Nanda Rakhi Hub 89,48.72,26
1501,Kids & Cartoon,Silk Thread,2026,2,No,Thursday,East,Online,31.5,Credit Card,10,Goel Rakhi Store,19.05,36
3844,Kids & Cartoon,Silk Thread,2026,4,Yes,Sunday,North,Online,32.5,UPI,5,Saxena Rakhi Store,16.68,19
5226,Kids & Cartoon,Silk Thread,2026,3,No,Thursday,North,Local Street Vendor,31.7,Cash,2,Kapoor Rakhi Hub 287,76.93,11
2614,Eco-Friendly,Silk Thread,2026,7,No,Thursday,West,Online,35.3,Credit Card,3,Goel Rakhi Hub 221,36.59,14
3462,Eco-Friendly,Sterling Silver,2026,5,nO,Friday,Central,Online,31.3,Cash,4,Arora Rakhi Corner,342.64,21
1022,Eco-Friendly,Sandalwood (Chandan),2026,1,No,Wednesday,Central,Supermarket,34.9,Cash,6,Gupta Rakhi Hub 191,61.56,28
3074,Eco-Friendly,Sandalwood (Chandan),2026,6,No,Tuesday,East,Local Street Vendor,32.4,Cash,2,Verma Rakhi Hub 95,61.63,9
1805,Kids & Cartoon,Silk Thread,2026,4,Yes,Saturday,North,Supermarket,37.3,UPI,13,Kapoor Rakhi Hub 36,21.58,31
3944,Kids & Cartoon,Silk Thread,2026,3,No,Wednesday,Central,Local Street Vendor,32.7,Cash,7,Rastogi Gift House,8.69,26
1586,Eco-Friendly,Sandalwood (Chandan),2026,4,Yes,Sunday,North,Local Street Vendor,36.9,Cash,8,Mehra Rakhi Hub 275,242.09,40
1956,Eco-Friendly,Sandalwood (Chandan),2026,4,Yes,Sunday,,Supermarket,33.2,Credit Card,7,Gupta Rakhi Hub 291,54.81,18
3153,Kids & Cartoon,Silk Thread,2026,6,#Yes,Saturday,Central,Online,33.3,Credit Card,27,Mehra Rakhi Hub 240,30.12,21
1244,Premium & Jewelry,Sandalwood (Chandan),2026,6,Yes,Sunday,East,Local Street Vendor,34.9,Cash,3,Saxena Rakhi Hub 23,133.36,10
35,Kids & Cartoon,Sandalwood (Chandan),2026,1,No,Tuesday,Central,Online,30.9,Cash,9,Chopra Rakhi & Gifts,45.13,32
4015,Kids & Cartoon,Sandalwood (Chandan),2026,5,Yes,Sunday,West,Supermarket,33.3,UPI,3,Bansal Rakhi Hub 13,32.1,13
776,Eco-Friendly,Sandalwood (Chandan),2026,5,nO,Wednesday,East,Supermarket,42.1,Cash,2,Gupta Rakhi Hub 299,78.91,15
2557,Premium & Jewelry,Sterling Silver,2026,1,nO,Friday,Central,Local Street Vendor,30.8,UPI,6,Bansal Rakhi Hub 268,2209.39,21
1829,Eco-Friendly,Sandalwood (Chandan),2026,5,No,Friday,West,Supermarket,32.1,Cash,4,Kapoor Emporium,69.68,27
1479,Kids & Cartoon,Silk Thread,2026,6,No,Friday,East,Local Street Vendor,36.1,Credit Card,6,Tandon Rakhi Corner,13.98,24
2713,Premium & Jewelry,Silk Thread,2026,3,No,Wednesday,,Online,28.0,Cash,8,Sethi Rakhi Hub 173,161.55,29
5487,Eco-Friendly,Sandalwood (Chandan),2026,3,No,Tuesday,West,Local Street Vendor,32.1,Cash,3,Saxena Rakhi Hub 17,52.83,9
1931,Kids & Cartoon,Silk Thread,2026,5,No,Tuesday,East,Supermarket,35.4,Credit Card,4,Rastogi Rakhi & Gifts,18.96,15
1364,Premium & Jewelry,Sandalwood (Chandan),2026,3,No,Thursday,,Local Street Vendor,,Cash,40,Nanda Rakhi Hub 225,142.43,25
3714,Eco-Friendly,Sandalwood (Chandan),2026,7,No,Friday,North,Supermarket,32.7,UPI,4,Gupta Rakhi Hub 299,62.17,18
2613,Kids & Cartoon,Silk Thread,2026,1,#Yes,Saturday,Central,Supermarket,29.7,Cash,9,Bansal Handicrafts,15.43,24
2931,Kids & Cartoon,Silk Thread,2026,2,No,Wednesday,Central,Supermarket,34.7,Cash,6,Bansal Rakhi Hub 82,14.74,22
2825,Eco-Friendly,Sandalwood (Chandan),2026,1,No,Tuesday,North,Online,,Cash,14,Nanda Rakhi Corner,232.42,52
2042,Eco-Friendly,Sandalwood (Chandan),2026,7,No,Monday,West,Supermarket,31.3,Cash,2,Tandon Rakhi Hub 60,80.18,9
242,Eco-Friendly,Silk Thread,2026,3,No,Wednesday,East,Supermarket,30.3,Cash,8,Sethi Rakhi Store,37.41,31
2062,Premium & Jewelry,Sterling Silver,2026,1,Yes,Saturday,North,Local Street Vendor,36.4,Cash,10,Mehra Rakhi Hub 256,556.81,42
2364,Eco-Friendly,Sandalwood (Chandan),2026,7,#Yes,Saturday,West,Online,,Credit Card,4,Aggarwal Rakhi Hub 162,69.06,13
601,Kids & Cartoon,Sterling Silver,2026,4,Yes,Saturday,West,Local Street Vendor,30.0,Cash,4,Jain Rakhi Point,64.44,15
2436,Eco-Friendly,Sandalwood (Chandan),2026,5,nO,Friday,West,Local Street Vendor,34.3,Cash,4,Jain Rakhi Store,53.01,14
5394,Kids & Cartoon,Silk Thread,2026,2,No,Tuesday,East,Local Street Vendor,35.2,Cash,12,Aggarwal Rakhi Hub 179,12.12,40
5801,Kids & Cartoon,Silk Thread,2026,5,#Yes,Sunday,East,Supermarket,27.9,Cash,4,Malhotra Rakhi Bazaar,19.77,14
2889,Premium & Jewelry,Silk Thread,2026,1,No,Friday,East,Online,34.7,UPI,7,Khanna Rakhi Hub 132,93.17,21
1364,Premium & Jewelry,Sandalwood (Chandan),2026,3,No,Thursday,,Local Street Vendor,,Cash,40,Nanda Rakhi Hub 225,142.43,25
647,Premium & Jewelry,Sterling Silver,2026,6,No,Wednesday,North,Local Street Vendor,24.5,Cash,5,Goel Rakhi Hub 54,543.76,15
3891,Premium & Jewelry,Sterling Silver,2026,3,Yes,Saturday,West,Local Street Vendor,33.0,UPI,8,Arora Rakhi Hub 235,467.36,21
3557,Kids & Cartoon,Silk Thread,2026,3,No,Thursday,East,Supermarket,31.9,Cash,8,Verma Rakhi Hub 236,17.18,34
3203,Eco-Friendly,Sandalwood (Chandan),2026,2,Yes,Sunday,East,Supermarket,34.3,Cash,27,Goel Rakhi Hub 267,61.22,16
1529,Premium & Jewelry,Sterling Silver,2026,7,Yes,Sunday,Central,Online,33.7,Cash,2,Mehra Rakhi Point,912.1,6
2710,Kids & Cartoon,Silk Thread,2026,6,nO,Thursday,East,Local Street Vendor,31.9,Cash,3,Chawla Rakhi Hub 34,10.91,11
1268,Eco-Friendly,Sandalwood (Chandan),2026,4,Yes,Saturday,East,Online,33.4,UPI,2,Sethi Rakhi Hub 238,83.3,5
5353,Kids & Cartoon,Silk Thread,2026,7,Yes,Saturday,Central,Online,30.4,Credit Card,4,Nanda Rakhi Hub 225,19.77,12
1900,Premium & Jewelry,Sterling Silver,2026,6,No,Wednesday,East,Local Street Vendor,28.2,Cash,3,Chawla Rakhi Hub 94,513.04,14
4659,Kids & Cartoon,Silk Thread,2026,7,Yes,Saturday,West,Local Street Vendor,34.4,UPI,4,Goel Gift House,11.91,15
3006,Eco-Friendly,Sandalwood (Chandan),2026,4,No,Tuesday,East,Online,30.2,UPI,8,Mehra Rakhi Hub 275,88.44,28
2735,Premium & Jewelry,Silk Thread,2026,3,No,Monday,East,Local Street Vendor,27.9,Credit Card,4,Sharma Rakhi Hub 185,78.64,19
1249,Eco-Friendly,Sandalwood (Chandan),2026,3,nO,Thursday,East,Local Street Vendor,34.1,Cash,3,Chawla Handicrafts,48.05,15
190,Premium & Jewelry,Sterling Silver,2026,4,yES,Saturday,West,Online,25.9,Cash,3,Goel Rakhi Hub 52,748.86,14
1807,Premium & Jewelry,Silk Thread,2026,4,No,Friday,West,Local Street Vendor,30.5,Cash,4,Khanna Rakhi Hub 85,94.23,13
976,Kids & Cartoon,Sterling Silver,2026,4,No,Thursday,East,Supermarket,13.2,Cash,5,Chawla Festive Mart,79.65,24
2748,Premium & Jewelry,Sandalwood (Chandan),2026,5,No,Friday,East,Supermarket,30.5,Cash,5,Kapoor Rakhi Hub 66,195.98,18
3161,Eco-Friendly,Sandalwood (Chandan),2026,2,No,Monday,East,Supermarket,32.7,Cash,7,Malhotra Handicrafts,55.28,31
2048,Kids & Cartoon,Sandalwood (Chandan),2026,1,No,Tuesday,North,Supermarket,29.9,Cash,12,Chopra Emporium,36.47,41
4474,Premium & Jewelry,Sandalwood (Chandan),2026,7,Yes,Saturday,West,Local Street Vendor,36.6,Cash,3,Bansal Traditions,122.6,10
2559,Kids & Cartoon,Silk Thread,2026,3,Yes,Sunday,East,Local Street Vendor,30.1,UPI,14,Sethi Rakhi Hub 276,11.66,35
1083,Eco-Friendly,Sandalwood (Chandan),2026,2,nO,Monday,East,Local Street Vendor,33.7,Cash,10,Jain Rakhi Store,42.75,37
475,Premium & Jewelry,Sterling Silver,2026,5,No,Monday,West,Supermarket,27.8,Cash,7,Verma Rakhi Store,712.01,25
1986,Eco-Friendly,Silk Thread,2026,3,No,Tuesday,Central,Supermarket,35.3,Credit Card,4,Goel Traditions,27.73,23
2905,Kids & Cartoon,Sandalwood (Chandan),2026,2,No,Monday,North,Online,31.3,Credit Card,5,Malhotra Emporium,22.9,18
4844,Kids & Cartoon,Silk Thread,2026,4,No,Monday,Central,Online,29.8,UPI,2,Verma Rakhi & Gifts,19.06,9
2807,Kids & Cartoon,Sterling Silver,2026,1,yES,Saturday,,Local Street Vendor,29.3,Credit Card,11,Sethi Rakhi Hub 276,63.71,38
4118,Eco-Friendly,Sandalwood (Chandan),2026,1,Yes,Saturday,North,Supermarket,38.1,Cash,6,Jain Rakhi Hub 154,391.43,24
3386,Kids & Cartoon,Silk Thread,2026,1,Yes,Saturday,East,Local Street Vendor,34.9,Cash,18,Rastogi Rakhi Hub 5,12.74,53
4556,Eco-Friendly,Sandalwood (Chandan),2026,2,Yes,Saturday,North,Local Street Vendor,28.3,UPI,8,Arora Rakhi & Gifts,51.03,26
1185,Premium & Jewelry,Sterling Silver,2026,3,#Yes,Sunday,East,Local Street Vendor,31.6,Cash,13,Khanna Emporium,496.23,32
4147,Premium & Jewelry,Sterling Silver,2026,1,nO,Wednesday,East,Local Street Vendor,26.5,UPI,3,Sethi Handicrafts,487.01,17
5052,Kids & Cartoon,Silk Thread,2026,5,No,Friday,East,Supermarket,34.7,Cash,5,Mehra Rakhi Point,19.83,17
5312,Premium & Jewelry,Sterling Silver,2026,1,Yes,Sunday,Central,Local Street Vendor,31.5,UPI,7,Chawla Rakhi Point,490.64,22
2434,Kids & Cartoon,Silk Thread,2026,7,Yes,Sunday,West,Online,27.9,Credit Card,5,Malhotra Rakhi & Gifts,19.54,20
3597,Eco-Friendly,Silk Thread,2026,5,Yes,Sunday,West,Local Street Vendor,34.9,Cash,4,Aggarwal Rakhi Hub 74,17.17,14
2051,Eco-Friendly,Sandalwood (Chandan),2026,5,No,Wednesday,North,Local Street Vendor,25.9,Credit Card,2,Gupta Rakhi Hub 7,59.19,14
5612,Eco-Friendly,Sandalwood (Chandan),2026,6,No,Friday,Central,Online,34.4,Cash,2,Bansal Rakhi Bazaar,68.35,9
2392,Eco-Friendly,Sandalwood (Chandan),2026,4,Yes,Sunday,West,Supermarket,33.5,Credit Card,11,Sethi Rakhi Hub 40,75.51,28
770,Kids & Cartoon,Silk Thread,2026,4,No,Friday,West,Supermarket,33.3,Credit Card,20,Sethi Rakhi Hub 280,17.51,67
5617,Kids & Cartoon,Silk Thread,2026,6,No,Tuesday,West,Local Street Vendor,35.3,Cash,3,Gupta Rakhi Hub 191,14.96,11
1686,Premium & Jewelry,Sandalwood (Chandan),2026,7,No,Monday,West,Supermarket,26.8,UPI,7,Mehra Rakhi Hub 209,137.03,22
131,Premium & Jewelry,Sterling Silver,2026,2,nO,Tuesday,Central,Local Street Vendor,30.7,Cash,4,Verma Rakhi Hub 151,481.01,21
2256,Kids & Cartoon,Silk Thread,2026,5,No,Friday,Central,Local Street Vendor,34.6,Credit Card,4,Chawla Rakhi Hub 201,12.94,14
2920,Eco-Friendly,Sandalwood (Chandan),2026,4,Yes,Sunday,Central,Local Street Vendor,,UPI,4,Goel Rakhi Hub 107,53.76,17
3172,Kids & Cartoon,Silk Thread,2026,7,nO,Thursday,West,Online,30.1,Cash,2,Rastogi Rakhi & Gifts,19.85,10
3445,Eco-Friendly,Sandalwood (Chandan),2026,2,nO,Thursday,Central,Local Street Vendor,36.6,UPI,3,Rastogi Rakhi Hub 50,61.62,14
4390,Kids & Cartoon,Silk Thread,2026,7,#Yes,Sunday,East,Supermarket,36.5,Cash,5,Bhatia Traditions,18.9,17
5579,Eco-Friendly,Sandalwood (Chandan),2026,3,yES,Sunday,East,Supermarket,31.2,Cash,10,Chopra Rakhi & Gifts,66.45,30
4427,Premium & Jewelry,Sterling Silver,2026,7,nO,Friday,West,Supermarket,35.5,Cash,4,Bansal Rakhi Hub 82,624.57,13
5335,Kids & Cartoon,Silk Thread,2026,7,yES,Sunday,East,Local Street Vendor,35.7,Credit Card,1,Chawla Rakhi Corner,10.81,3
467,Kids & Cartoon,Silk Thread,2026,5,No,Tuesday,West,Local Street Vendor,24.3,Cash,2,Kapoor Rakhi Corner,12.21,6
5731,Premium & Jewelry,Sandalwood (Chandan),2026,5,nO,Tuesday,West,Supermarket,27.2,Cash,4,Gupta Rakhi Hub 152,183.41,13
5735,Premium & Jewelry,Sandalwood (Chandan),2026,5,yES,Saturday,Central,Online,28.2,Cash,8,Rastogi Rakhi Hub 251,246.63,18
3093,Eco-Friendly,Silk Thread,2026,2,Yes,Sunday,West,Supermarket,31.3,Cash,12,Goel Rakhi Hub 221,33.46,35
3773,Kids & Cartoon,Silk Thread,2026,4,Yes,Saturday,East,Local Street Vendor,38.3,Cash,6,Bhatia Rakhi Hub 3,14.85,19
5192,Kids & Cartoon,Silk Thread,2026,5,nO,Monday,East,Online,31.7,Credit Card,5,Goel Rakhi Point,16.84,21
5227,Premium & Jewelry,Sterling Silver,2026,7,No,Monday,North,Online,35.9,Cash,2,Kapoor Rakhi Hub 109,797.19,8
5391,Kids & Cartoon,Silk Thread,2026,3,No,Friday,East,Supermarket,34.1,Cash,10,Goel Rakhi Hub 221,14.83,36
861,Eco-Friendly,Silk Thread,2026,1,No,Tuesday,West,Online,25.2,Credit Card,16,Gupta Festive Mart,41.05,48
3416,Premium & Jewelry,Sterling Silver,2026,4,No,Tuesday,West,Supermarket,32.0,Cash,14,Nanda Rakhi Hub 32,593.76,41
2333,Eco-Friendly,Silk Thread,2026,6,Yes,Sunday,West,Local Street Vendor,34.3,Credit Card,5,Nanda Rakhi Hub 79,26.81,14
